=== 设置测试环境 ===
=== 设置测试环境 ===
检测设备 root 权限...
⚠️  未检测到 root 权限，仅启用软件控制...
设置进程优先级...
✅ nice 值设置可用
记录设备状态...
=== 环境设置完成 ===
CPU 调度器: schedutil
CPU 频率: N/A kHz
温度: 32900
=== Pushing to device ===
[  0%] /data/local/tmp/benchmark/benchmark_inference
[  0%] /data/local/tmp/benchmark/benchmark_inference
[  0%] /data/local/tmp/benchmark/benchmark_inference
[  0%] /data/local/tmp/benchmark/benchmark_inference
[  0%] /data/local/tmp/benchmark/benchmark_inference
[  1%] /data/local/tmp/benchmark/benchmark_inference
[  1%] /data/local/tmp/benchmark/benchmark_inference
[  1%] /data/local/tmp/benchmark/benchmark_inference
[  1%] /data/local/tmp/benchmark/benchmark_inference
[  1%] /data/local/tmp/benchmark/benchmark_inference
[  2%] /data/local/tmp/benchmark/benchmark_inference
[  2%] /data/local/tmp/benchmark/benchmark_inference
[  2%] /data/local/tmp/benchmark/benchmark_inference
[  2%] /data/local/tmp/benchmark/benchmark_inference
[  2%] /data/local/tmp/benchmark/benchmark_inference
[  3%] /data/local/tmp/benchmark/benchmark_inference
[  3%] /data/local/tmp/benchmark/benchmark_inference
[  3%] /data/local/tmp/benchmark/benchmark_inference
[  3%] /data/local/tmp/benchmark/benchmark_inference
[  3%] /data/local/tmp/benchmark/benchmark_inference
[  4%] /data/local/tmp/benchmark/benchmark_inference
[  4%] /data/local/tmp/benchmark/benchmark_inference
[  4%] /data/local/tmp/benchmark/benchmark_inference
[  4%] /data/local/tmp/benchmark/benchmark_inference
[  4%] /data/local/tmp/benchmark/benchmark_inference
[  5%] /data/local/tmp/benchmark/benchmark_inference
[  5%] /data/local/tmp/benchmark/benchmark_inference
[  5%] /data/local/tmp/benchmark/benchmark_inference
[  5%] /data/local/tmp/benchmark/benchmark_inference
[  5%] /data/local/tmp/benchmark/benchmark_inference
[  6%] /data/local/tmp/benchmark/benchmark_inference
[  6%] /data/local/tmp/benchmark/benchmark_inference
[  6%] /data/local/tmp/benchmark/benchmark_inference
[  6%] /data/local/tmp/benchmark/benchmark_inference
[  6%] /data/local/tmp/benchmark/benchmark_inference
[  6%] /data/local/tmp/benchmark/benchmark_inference
[  7%] /data/local/tmp/benchmark/benchmark_inference
[  7%] /data/local/tmp/benchmark/benchmark_inference
[  7%] /data/local/tmp/benchmark/benchmark_inference
[  7%] /data/local/tmp/benchmark/benchmark_inference
[  7%] /data/local/tmp/benchmark/benchmark_inference
[  8%] /data/local/tmp/benchmark/benchmark_inference
[  8%] /data/local/tmp/benchmark/benchmark_inference
[  8%] /data/local/tmp/benchmark/benchmark_inference
[  8%] /data/local/tmp/benchmark/benchmark_inference
[  8%] /data/local/tmp/benchmark/benchmark_inference
[  9%] /data/local/tmp/benchmark/benchmark_inference
[  9%] /data/local/tmp/benchmark/benchmark_inference
[  9%] /data/local/tmp/benchmark/benchmark_inference
[  9%] /data/local/tmp/benchmark/benchmark_inference
[  9%] /data/local/tmp/benchmark/benchmark_inference
[ 10%] /data/local/tmp/benchmark/benchmark_inference
[ 10%] /data/local/tmp/benchmark/benchmark_inference
[ 10%] /data/local/tmp/benchmark/benchmark_inference
[ 10%] /data/local/tmp/benchmark/benchmark_inference
[ 10%] /data/local/tmp/benchmark/benchmark_inference
[ 11%] /data/local/tmp/benchmark/benchmark_inference
[ 11%] /data/local/tmp/benchmark/benchmark_inference
[ 11%] /data/local/tmp/benchmark/benchmark_inference
[ 11%] /data/local/tmp/benchmark/benchmark_inference
[ 11%] /data/local/tmp/benchmark/benchmark_inference
[ 12%] /data/local/tmp/benchmark/benchmark_inference
[ 12%] /data/local/tmp/benchmark/benchmark_inference
[ 12%] /data/local/tmp/benchmark/benchmark_inference
[ 12%] /data/local/tmp/benchmark/benchmark_inference
[ 12%] /data/local/tmp/benchmark/benchmark_inference
[ 12%] /data/local/tmp/benchmark/benchmark_inference
[ 13%] /data/local/tmp/benchmark/benchmark_inference
[ 13%] /data/local/tmp/benchmark/benchmark_inference
[ 13%] /data/local/tmp/benchmark/benchmark_inference
[ 13%] /data/local/tmp/benchmark/benchmark_inference
[ 13%] /data/local/tmp/benchmark/benchmark_inference
[ 14%] /data/local/tmp/benchmark/benchmark_inference
[ 14%] /data/local/tmp/benchmark/benchmark_inference
[ 14%] /data/local/tmp/benchmark/benchmark_inference
[ 14%] /data/local/tmp/benchmark/benchmark_inference
[ 14%] /data/local/tmp/benchmark/benchmark_inference
[ 15%] /data/local/tmp/benchmark/benchmark_inference
[ 15%] /data/local/tmp/benchmark/benchmark_inference
[ 15%] /data/local/tmp/benchmark/benchmark_inference
[ 15%] /data/local/tmp/benchmark/benchmark_inference
[ 15%] /data/local/tmp/benchmark/benchmark_inference
[ 16%] /data/local/tmp/benchmark/benchmark_inference
[ 16%] /data/local/tmp/benchmark/benchmark_inference
[ 16%] /data/local/tmp/benchmark/benchmark_inference
[ 16%] /data/local/tmp/benchmark/benchmark_inference
[ 16%] /data/local/tmp/benchmark/benchmark_inference
[ 17%] /data/local/tmp/benchmark/benchmark_inference
[ 17%] /data/local/tmp/benchmark/benchmark_inference
[ 17%] /data/local/tmp/benchmark/benchmark_inference
[ 17%] /data/local/tmp/benchmark/benchmark_inference
[ 17%] /data/local/tmp/benchmark/benchmark_inference
[ 18%] /data/local/tmp/benchmark/benchmark_inference
[ 18%] /data/local/tmp/benchmark/benchmark_inference
[ 18%] /data/local/tmp/benchmark/benchmark_inference
[ 18%] /data/local/tmp/benchmark/benchmark_inference
[ 18%] /data/local/tmp/benchmark/benchmark_inference
[ 18%] /data/local/tmp/benchmark/benchmark_inference
[ 19%] /data/local/tmp/benchmark/benchmark_inference
[ 19%] /data/local/tmp/benchmark/benchmark_inference
[ 19%] /data/local/tmp/benchmark/benchmark_inference
[ 19%] /data/local/tmp/benchmark/benchmark_inference
[ 19%] /data/local/tmp/benchmark/benchmark_inference
[ 20%] /data/local/tmp/benchmark/benchmark_inference
[ 20%] /data/local/tmp/benchmark/benchmark_inference
[ 20%] /data/local/tmp/benchmark/benchmark_inference
[ 20%] /data/local/tmp/benchmark/benchmark_inference
[ 20%] /data/local/tmp/benchmark/benchmark_inference
[ 21%] /data/local/tmp/benchmark/benchmark_inference
[ 21%] /data/local/tmp/benchmark/benchmark_inference
[ 21%] /data/local/tmp/benchmark/benchmark_inference
[ 21%] /data/local/tmp/benchmark/benchmark_inference
[ 21%] /data/local/tmp/benchmark/benchmark_inference
[ 22%] /data/local/tmp/benchmark/benchmark_inference
[ 22%] /data/local/tmp/benchmark/benchmark_inference
[ 22%] /data/local/tmp/benchmark/benchmark_inference
[ 22%] /data/local/tmp/benchmark/benchmark_inference
[ 22%] /data/local/tmp/benchmark/benchmark_inference
[ 23%] /data/local/tmp/benchmark/benchmark_inference
[ 23%] /data/local/tmp/benchmark/benchmark_inference
[ 23%] /data/local/tmp/benchmark/benchmark_inference
[ 23%] /data/local/tmp/benchmark/benchmark_inference
[ 23%] /data/local/tmp/benchmark/benchmark_inference
[ 24%] /data/local/tmp/benchmark/benchmark_inference
[ 24%] /data/local/tmp/benchmark/benchmark_inference
[ 24%] /data/local/tmp/benchmark/benchmark_inference
[ 24%] /data/local/tmp/benchmark/benchmark_inference
[ 24%] /data/local/tmp/benchmark/benchmark_inference
[ 24%] /data/local/tmp/benchmark/benchmark_inference
[ 25%] /data/local/tmp/benchmark/benchmark_inference
[ 25%] /data/local/tmp/benchmark/benchmark_inference
[ 25%] /data/local/tmp/benchmark/benchmark_inference
[ 25%] /data/local/tmp/benchmark/benchmark_inference
[ 25%] /data/local/tmp/benchmark/benchmark_inference
[ 26%] /data/local/tmp/benchmark/benchmark_inference
[ 26%] /data/local/tmp/benchmark/benchmark_inference
[ 26%] /data/local/tmp/benchmark/benchmark_inference
[ 26%] /data/local/tmp/benchmark/benchmark_inference
[ 26%] /data/local/tmp/benchmark/benchmark_inference
[ 27%] /data/local/tmp/benchmark/benchmark_inference
[ 27%] /data/local/tmp/benchmark/benchmark_inference
[ 27%] /data/local/tmp/benchmark/benchmark_inference
[ 27%] /data/local/tmp/benchmark/benchmark_inference
[ 27%] /data/local/tmp/benchmark/benchmark_inference
[ 28%] /data/local/tmp/benchmark/benchmark_inference
[ 28%] /data/local/tmp/benchmark/benchmark_inference
[ 28%] /data/local/tmp/benchmark/benchmark_inference
[ 28%] /data/local/tmp/benchmark/benchmark_inference
[ 28%] /data/local/tmp/benchmark/benchmark_inference
[ 29%] /data/local/tmp/benchmark/benchmark_inference
[ 29%] /data/local/tmp/benchmark/benchmark_inference
[ 29%] /data/local/tmp/benchmark/benchmark_inference
[ 29%] /data/local/tmp/benchmark/benchmark_inference
[ 29%] /data/local/tmp/benchmark/benchmark_inference
[ 30%] /data/local/tmp/benchmark/benchmark_inference
[ 30%] /data/local/tmp/benchmark/benchmark_inference
[ 30%] /data/local/tmp/benchmark/benchmark_inference
[ 30%] /data/local/tmp/benchmark/benchmark_inference
[ 30%] /data/local/tmp/benchmark/benchmark_inference
[ 30%] /data/local/tmp/benchmark/benchmark_inference
[ 31%] /data/local/tmp/benchmark/benchmark_inference
[ 31%] /data/local/tmp/benchmark/benchmark_inference
[ 31%] /data/local/tmp/benchmark/benchmark_inference
[ 31%] /data/local/tmp/benchmark/benchmark_inference
[ 31%] /data/local/tmp/benchmark/benchmark_inference
[ 32%] /data/local/tmp/benchmark/benchmark_inference
[ 32%] /data/local/tmp/benchmark/benchmark_inference
[ 32%] /data/local/tmp/benchmark/benchmark_inference
[ 32%] /data/local/tmp/benchmark/benchmark_inference
[ 32%] /data/local/tmp/benchmark/benchmark_inference
[ 33%] /data/local/tmp/benchmark/benchmark_inference
[ 33%] /data/local/tmp/benchmark/benchmark_inference
[ 33%] /data/local/tmp/benchmark/benchmark_inference
[ 33%] /data/local/tmp/benchmark/benchmark_inference
[ 33%] /data/local/tmp/benchmark/benchmark_inference
[ 34%] /data/local/tmp/benchmark/benchmark_inference
[ 34%] /data/local/tmp/benchmark/benchmark_inference
[ 34%] /data/local/tmp/benchmark/benchmark_inference
[ 34%] /data/local/tmp/benchmark/benchmark_inference
[ 34%] /data/local/tmp/benchmark/benchmark_inference
[ 35%] /data/local/tmp/benchmark/benchmark_inference
[ 35%] /data/local/tmp/benchmark/benchmark_inference
[ 35%] /data/local/tmp/benchmark/benchmark_inference
[ 35%] /data/local/tmp/benchmark/benchmark_inference
[ 35%] /data/local/tmp/benchmark/benchmark_inference
[ 36%] /data/local/tmp/benchmark/benchmark_inference
[ 36%] /data/local/tmp/benchmark/benchmark_inference
[ 36%] /data/local/tmp/benchmark/benchmark_inference
[ 36%] /data/local/tmp/benchmark/benchmark_inference
[ 36%] /data/local/tmp/benchmark/benchmark_inference
[ 36%] /data/local/tmp/benchmark/benchmark_inference
[ 37%] /data/local/tmp/benchmark/benchmark_inference
[ 37%] /data/local/tmp/benchmark/benchmark_inference
[ 37%] /data/local/tmp/benchmark/benchmark_inference
[ 37%] /data/local/tmp/benchmark/benchmark_inference
[ 37%] /data/local/tmp/benchmark/benchmark_inference
[ 38%] /data/local/tmp/benchmark/benchmark_inference
[ 38%] /data/local/tmp/benchmark/benchmark_inference
[ 38%] /data/local/tmp/benchmark/benchmark_inference
[ 38%] /data/local/tmp/benchmark/benchmark_inference
[ 38%] /data/local/tmp/benchmark/benchmark_inference
[ 39%] /data/local/tmp/benchmark/benchmark_inference
[ 39%] /data/local/tmp/benchmark/benchmark_inference
[ 39%] /data/local/tmp/benchmark/benchmark_inference
[ 39%] /data/local/tmp/benchmark/benchmark_inference
[ 39%] /data/local/tmp/benchmark/benchmark_inference
[ 40%] /data/local/tmp/benchmark/benchmark_inference
[ 40%] /data/local/tmp/benchmark/benchmark_inference
[ 40%] /data/local/tmp/benchmark/benchmark_inference
[ 40%] /data/local/tmp/benchmark/benchmark_inference
[ 40%] /data/local/tmp/benchmark/benchmark_inference
[ 41%] /data/local/tmp/benchmark/benchmark_inference
[ 41%] /data/local/tmp/benchmark/benchmark_inference
[ 41%] /data/local/tmp/benchmark/benchmark_inference
[ 41%] /data/local/tmp/benchmark/benchmark_inference
[ 41%] /data/local/tmp/benchmark/benchmark_inference
[ 42%] /data/local/tmp/benchmark/benchmark_inference
[ 42%] /data/local/tmp/benchmark/benchmark_inference
[ 42%] /data/local/tmp/benchmark/benchmark_inference
[ 42%] /data/local/tmp/benchmark/benchmark_inference
[ 42%] /data/local/tmp/benchmark/benchmark_inference
[ 42%] /data/local/tmp/benchmark/benchmark_inference
[ 43%] /data/local/tmp/benchmark/benchmark_inference
[ 43%] /data/local/tmp/benchmark/benchmark_inference
[ 43%] /data/local/tmp/benchmark/benchmark_inference
[ 43%] /data/local/tmp/benchmark/benchmark_inference
[ 43%] /data/local/tmp/benchmark/benchmark_inference
[ 44%] /data/local/tmp/benchmark/benchmark_inference
[ 44%] /data/local/tmp/benchmark/benchmark_inference
[ 44%] /data/local/tmp/benchmark/benchmark_inference
[ 44%] /data/local/tmp/benchmark/benchmark_inference
[ 44%] /data/local/tmp/benchmark/benchmark_inference
[ 45%] /data/local/tmp/benchmark/benchmark_inference
[ 45%] /data/local/tmp/benchmark/benchmark_inference
[ 45%] /data/local/tmp/benchmark/benchmark_inference
[ 45%] /data/local/tmp/benchmark/benchmark_inference
[ 45%] /data/local/tmp/benchmark/benchmark_inference
[ 46%] /data/local/tmp/benchmark/benchmark_inference
[ 46%] /data/local/tmp/benchmark/benchmark_inference
[ 46%] /data/local/tmp/benchmark/benchmark_inference
[ 46%] /data/local/tmp/benchmark/benchmark_inference
[ 46%] /data/local/tmp/benchmark/benchmark_inference
[ 47%] /data/local/tmp/benchmark/benchmark_inference
[ 47%] /data/local/tmp/benchmark/benchmark_inference
[ 47%] /data/local/tmp/benchmark/benchmark_inference
[ 47%] /data/local/tmp/benchmark/benchmark_inference
[ 47%] /data/local/tmp/benchmark/benchmark_inference
[ 48%] /data/local/tmp/benchmark/benchmark_inference
[ 48%] /data/local/tmp/benchmark/benchmark_inference
[ 48%] /data/local/tmp/benchmark/benchmark_inference
[ 48%] /data/local/tmp/benchmark/benchmark_inference
[ 48%] /data/local/tmp/benchmark/benchmark_inference
[ 48%] /data/local/tmp/benchmark/benchmark_inference
[ 49%] /data/local/tmp/benchmark/benchmark_inference
[ 49%] /data/local/tmp/benchmark/benchmark_inference
[ 49%] /data/local/tmp/benchmark/benchmark_inference
[ 49%] /data/local/tmp/benchmark/benchmark_inference
[ 49%] /data/local/tmp/benchmark/benchmark_inference
[ 50%] /data/local/tmp/benchmark/benchmark_inference
[ 50%] /data/local/tmp/benchmark/benchmark_inference
[ 50%] /data/local/tmp/benchmark/benchmark_inference
[ 50%] /data/local/tmp/benchmark/benchmark_inference
[ 50%] /data/local/tmp/benchmark/benchmark_inference
[ 51%] /data/local/tmp/benchmark/benchmark_inference
[ 51%] /data/local/tmp/benchmark/benchmark_inference
[ 51%] /data/local/tmp/benchmark/benchmark_inference
[ 51%] /data/local/tmp/benchmark/benchmark_inference
[ 51%] /data/local/tmp/benchmark/benchmark_inference
[ 52%] /data/local/tmp/benchmark/benchmark_inference
[ 52%] /data/local/tmp/benchmark/benchmark_inference
[ 52%] /data/local/tmp/benchmark/benchmark_inference
[ 52%] /data/local/tmp/benchmark/benchmark_inference
[ 52%] /data/local/tmp/benchmark/benchmark_inference
[ 53%] /data/local/tmp/benchmark/benchmark_inference
[ 53%] /data/local/tmp/benchmark/benchmark_inference
[ 53%] /data/local/tmp/benchmark/benchmark_inference
[ 53%] /data/local/tmp/benchmark/benchmark_inference
[ 53%] /data/local/tmp/benchmark/benchmark_inference
[ 54%] /data/local/tmp/benchmark/benchmark_inference
[ 54%] /data/local/tmp/benchmark/benchmark_inference
[ 54%] /data/local/tmp/benchmark/benchmark_inference
[ 54%] /data/local/tmp/benchmark/benchmark_inference
[ 54%] /data/local/tmp/benchmark/benchmark_inference
[ 55%] /data/local/tmp/benchmark/benchmark_inference
[ 55%] /data/local/tmp/benchmark/benchmark_inference
[ 55%] /data/local/tmp/benchmark/benchmark_inference
[ 55%] /data/local/tmp/benchmark/benchmark_inference
[ 55%] /data/local/tmp/benchmark/benchmark_inference
[ 55%] /data/local/tmp/benchmark/benchmark_inference
[ 56%] /data/local/tmp/benchmark/benchmark_inference
[ 56%] /data/local/tmp/benchmark/benchmark_inference
[ 56%] /data/local/tmp/benchmark/benchmark_inference
[ 56%] /data/local/tmp/benchmark/benchmark_inference
[ 56%] /data/local/tmp/benchmark/benchmark_inference
[ 57%] /data/local/tmp/benchmark/benchmark_inference
[ 57%] /data/local/tmp/benchmark/benchmark_inference
[ 57%] /data/local/tmp/benchmark/benchmark_inference
[ 57%] /data/local/tmp/benchmark/benchmark_inference
[ 57%] /data/local/tmp/benchmark/benchmark_inference
[ 58%] /data/local/tmp/benchmark/benchmark_inference
[ 58%] /data/local/tmp/benchmark/benchmark_inference
[ 58%] /data/local/tmp/benchmark/benchmark_inference
[ 58%] /data/local/tmp/benchmark/benchmark_inference
[ 58%] /data/local/tmp/benchmark/benchmark_inference
[ 59%] /data/local/tmp/benchmark/benchmark_inference
[ 59%] /data/local/tmp/benchmark/benchmark_inference
[ 59%] /data/local/tmp/benchmark/benchmark_inference
[ 59%] /data/local/tmp/benchmark/benchmark_inference
[ 59%] /data/local/tmp/benchmark/benchmark_inference
[ 60%] /data/local/tmp/benchmark/benchmark_inference
[ 60%] /data/local/tmp/benchmark/benchmark_inference
[ 60%] /data/local/tmp/benchmark/benchmark_inference
[ 60%] /data/local/tmp/benchmark/benchmark_inference
[ 60%] /data/local/tmp/benchmark/benchmark_inference
[ 61%] /data/local/tmp/benchmark/benchmark_inference
[ 61%] /data/local/tmp/benchmark/benchmark_inference
[ 61%] /data/local/tmp/benchmark/benchmark_inference
[ 61%] /data/local/tmp/benchmark/benchmark_inference
[ 61%] /data/local/tmp/benchmark/benchmark_inference
[ 61%] /data/local/tmp/benchmark/benchmark_inference
[ 62%] /data/local/tmp/benchmark/benchmark_inference
[ 62%] /data/local/tmp/benchmark/benchmark_inference
[ 62%] /data/local/tmp/benchmark/benchmark_inference
[ 62%] /data/local/tmp/benchmark/benchmark_inference
[ 62%] /data/local/tmp/benchmark/benchmark_inference
[ 63%] /data/local/tmp/benchmark/benchmark_inference
[ 63%] /data/local/tmp/benchmark/benchmark_inference
[ 63%] /data/local/tmp/benchmark/benchmark_inference
[ 63%] /data/local/tmp/benchmark/benchmark_inference
[ 63%] /data/local/tmp/benchmark/benchmark_inference
[ 64%] /data/local/tmp/benchmark/benchmark_inference
[ 64%] /data/local/tmp/benchmark/benchmark_inference
[ 64%] /data/local/tmp/benchmark/benchmark_inference
[ 64%] /data/local/tmp/benchmark/benchmark_inference
[ 64%] /data/local/tmp/benchmark/benchmark_inference
[ 65%] /data/local/tmp/benchmark/benchmark_inference
[ 65%] /data/local/tmp/benchmark/benchmark_inference
[ 65%] /data/local/tmp/benchmark/benchmark_inference
[ 65%] /data/local/tmp/benchmark/benchmark_inference
[ 65%] /data/local/tmp/benchmark/benchmark_inference
[ 66%] /data/local/tmp/benchmark/benchmark_inference
[ 66%] /data/local/tmp/benchmark/benchmark_inference
[ 66%] /data/local/tmp/benchmark/benchmark_inference
[ 66%] /data/local/tmp/benchmark/benchmark_inference
[ 66%] /data/local/tmp/benchmark/benchmark_inference
[ 67%] /data/local/tmp/benchmark/benchmark_inference
[ 67%] /data/local/tmp/benchmark/benchmark_inference
[ 67%] /data/local/tmp/benchmark/benchmark_inference
[ 67%] /data/local/tmp/benchmark/benchmark_inference
[ 67%] /data/local/tmp/benchmark/benchmark_inference
[ 67%] /data/local/tmp/benchmark/benchmark_inference
[ 68%] /data/local/tmp/benchmark/benchmark_inference
[ 68%] /data/local/tmp/benchmark/benchmark_inference
[ 68%] /data/local/tmp/benchmark/benchmark_inference
[ 68%] /data/local/tmp/benchmark/benchmark_inference
[ 68%] /data/local/tmp/benchmark/benchmark_inference
[ 69%] /data/local/tmp/benchmark/benchmark_inference
[ 69%] /data/local/tmp/benchmark/benchmark_inference
[ 69%] /data/local/tmp/benchmark/benchmark_inference
[ 69%] /data/local/tmp/benchmark/benchmark_inference
[ 69%] /data/local/tmp/benchmark/benchmark_inference
[ 70%] /data/local/tmp/benchmark/benchmark_inference
[ 70%] /data/local/tmp/benchmark/benchmark_inference
[ 70%] /data/local/tmp/benchmark/benchmark_inference
[ 70%] /data/local/tmp/benchmark/benchmark_inference
[ 70%] /data/local/tmp/benchmark/benchmark_inference
[ 71%] /data/local/tmp/benchmark/benchmark_inference
[ 71%] /data/local/tmp/benchmark/benchmark_inference
[ 71%] /data/local/tmp/benchmark/benchmark_inference
[ 71%] /data/local/tmp/benchmark/benchmark_inference
[ 71%] /data/local/tmp/benchmark/benchmark_inference
[ 72%] /data/local/tmp/benchmark/benchmark_inference
[ 72%] /data/local/tmp/benchmark/benchmark_inference
[ 72%] /data/local/tmp/benchmark/benchmark_inference
[ 72%] /data/local/tmp/benchmark/benchmark_inference
[ 72%] /data/local/tmp/benchmark/benchmark_inference
[ 73%] /data/local/tmp/benchmark/benchmark_inference
[ 73%] /data/local/tmp/benchmark/benchmark_inference
[ 73%] /data/local/tmp/benchmark/benchmark_inference
[ 73%] /data/local/tmp/benchmark/benchmark_inference
[ 73%] /data/local/tmp/benchmark/benchmark_inference
[ 73%] /data/local/tmp/benchmark/benchmark_inference
[ 74%] /data/local/tmp/benchmark/benchmark_inference
[ 74%] /data/local/tmp/benchmark/benchmark_inference
[ 74%] /data/local/tmp/benchmark/benchmark_inference
[ 74%] /data/local/tmp/benchmark/benchmark_inference
[ 74%] /data/local/tmp/benchmark/benchmark_inference
[ 75%] /data/local/tmp/benchmark/benchmark_inference
[ 75%] /data/local/tmp/benchmark/benchmark_inference
[ 75%] /data/local/tmp/benchmark/benchmark_inference
[ 75%] /data/local/tmp/benchmark/benchmark_inference
[ 75%] /data/local/tmp/benchmark/benchmark_inference
[ 76%] /data/local/tmp/benchmark/benchmark_inference
[ 76%] /data/local/tmp/benchmark/benchmark_inference
[ 76%] /data/local/tmp/benchmark/benchmark_inference
[ 76%] /data/local/tmp/benchmark/benchmark_inference
[ 76%] /data/local/tmp/benchmark/benchmark_inference
[ 77%] /data/local/tmp/benchmark/benchmark_inference
[ 77%] /data/local/tmp/benchmark/benchmark_inference
[ 77%] /data/local/tmp/benchmark/benchmark_inference
[ 77%] /data/local/tmp/benchmark/benchmark_inference
[ 77%] /data/local/tmp/benchmark/benchmark_inference
[ 78%] /data/local/tmp/benchmark/benchmark_inference
[ 78%] /data/local/tmp/benchmark/benchmark_inference
[ 78%] /data/local/tmp/benchmark/benchmark_inference
[ 78%] /data/local/tmp/benchmark/benchmark_inference
[ 78%] /data/local/tmp/benchmark/benchmark_inference
[ 79%] /data/local/tmp/benchmark/benchmark_inference
[ 79%] /data/local/tmp/benchmark/benchmark_inference
[ 79%] /data/local/tmp/benchmark/benchmark_inference
[ 79%] /data/local/tmp/benchmark/benchmark_inference
[ 79%] /data/local/tmp/benchmark/benchmark_inference
[ 79%] /data/local/tmp/benchmark/benchmark_inference
[ 80%] /data/local/tmp/benchmark/benchmark_inference
[ 80%] /data/local/tmp/benchmark/benchmark_inference
[ 80%] /data/local/tmp/benchmark/benchmark_inference
[ 80%] /data/local/tmp/benchmark/benchmark_inference
[ 80%] /data/local/tmp/benchmark/benchmark_inference
[ 81%] /data/local/tmp/benchmark/benchmark_inference
[ 81%] /data/local/tmp/benchmark/benchmark_inference
[ 81%] /data/local/tmp/benchmark/benchmark_inference
[ 81%] /data/local/tmp/benchmark/benchmark_inference
[ 81%] /data/local/tmp/benchmark/benchmark_inference
[ 82%] /data/local/tmp/benchmark/benchmark_inference
[ 82%] /data/local/tmp/benchmark/benchmark_inference
[ 82%] /data/local/tmp/benchmark/benchmark_inference
[ 82%] /data/local/tmp/benchmark/benchmark_inference
[ 82%] /data/local/tmp/benchmark/benchmark_inference
[ 83%] /data/local/tmp/benchmark/benchmark_inference
[ 83%] /data/local/tmp/benchmark/benchmark_inference
[ 83%] /data/local/tmp/benchmark/benchmark_inference
[ 83%] /data/local/tmp/benchmark/benchmark_inference
[ 83%] /data/local/tmp/benchmark/benchmark_inference
[ 84%] /data/local/tmp/benchmark/benchmark_inference
[ 84%] /data/local/tmp/benchmark/benchmark_inference
[ 84%] /data/local/tmp/benchmark/benchmark_inference
[ 84%] /data/local/tmp/benchmark/benchmark_inference
[ 84%] /data/local/tmp/benchmark/benchmark_inference
[ 85%] /data/local/tmp/benchmark/benchmark_inference
[ 85%] /data/local/tmp/benchmark/benchmark_inference
[ 85%] /data/local/tmp/benchmark/benchmark_inference
[ 85%] /data/local/tmp/benchmark/benchmark_inference
[ 85%] /data/local/tmp/benchmark/benchmark_inference
[ 85%] /data/local/tmp/benchmark/benchmark_inference
[ 86%] /data/local/tmp/benchmark/benchmark_inference
[ 86%] /data/local/tmp/benchmark/benchmark_inference
[ 86%] /data/local/tmp/benchmark/benchmark_inference
[ 86%] /data/local/tmp/benchmark/benchmark_inference
[ 86%] /data/local/tmp/benchmark/benchmark_inference
[ 87%] /data/local/tmp/benchmark/benchmark_inference
[ 87%] /data/local/tmp/benchmark/benchmark_inference
[ 87%] /data/local/tmp/benchmark/benchmark_inference
[ 87%] /data/local/tmp/benchmark/benchmark_inference
[ 87%] /data/local/tmp/benchmark/benchmark_inference
[ 88%] /data/local/tmp/benchmark/benchmark_inference
[ 88%] /data/local/tmp/benchmark/benchmark_inference
[ 88%] /data/local/tmp/benchmark/benchmark_inference
[ 88%] /data/local/tmp/benchmark/benchmark_inference
[ 88%] /data/local/tmp/benchmark/benchmark_inference
[ 89%] /data/local/tmp/benchmark/benchmark_inference
[ 89%] /data/local/tmp/benchmark/benchmark_inference
[ 89%] /data/local/tmp/benchmark/benchmark_inference
[ 89%] /data/local/tmp/benchmark/benchmark_inference
[ 89%] /data/local/tmp/benchmark/benchmark_inference
[ 90%] /data/local/tmp/benchmark/benchmark_inference
[ 90%] /data/local/tmp/benchmark/benchmark_inference
[ 90%] /data/local/tmp/benchmark/benchmark_inference
[ 90%] /data/local/tmp/benchmark/benchmark_inference
[ 90%] /data/local/tmp/benchmark/benchmark_inference
[ 91%] /data/local/tmp/benchmark/benchmark_inference
[ 91%] /data/local/tmp/benchmark/benchmark_inference
[ 91%] /data/local/tmp/benchmark/benchmark_inference
[ 91%] /data/local/tmp/benchmark/benchmark_inference
[ 91%] /data/local/tmp/benchmark/benchmark_inference
[ 91%] /data/local/tmp/benchmark/benchmark_inference
[ 92%] /data/local/tmp/benchmark/benchmark_inference
[ 92%] /data/local/tmp/benchmark/benchmark_inference
[ 92%] /data/local/tmp/benchmark/benchmark_inference
[ 92%] /data/local/tmp/benchmark/benchmark_inference
[ 92%] /data/local/tmp/benchmark/benchmark_inference
[ 93%] /data/local/tmp/benchmark/benchmark_inference
[ 93%] /data/local/tmp/benchmark/benchmark_inference
[ 93%] /data/local/tmp/benchmark/benchmark_inference
[ 93%] /data/local/tmp/benchmark/benchmark_inference
[ 93%] /data/local/tmp/benchmark/benchmark_inference
[ 94%] /data/local/tmp/benchmark/benchmark_inference
[ 94%] /data/local/tmp/benchmark/benchmark_inference
[ 94%] /data/local/tmp/benchmark/benchmark_inference
[ 94%] /data/local/tmp/benchmark/benchmark_inference
[ 94%] /data/local/tmp/benchmark/benchmark_inference
[ 95%] /data/local/tmp/benchmark/benchmark_inference
[ 95%] /data/local/tmp/benchmark/benchmark_inference
[ 95%] /data/local/tmp/benchmark/benchmark_inference
[ 95%] /data/local/tmp/benchmark/benchmark_inference
[ 95%] /data/local/tmp/benchmark/benchmark_inference
[ 96%] /data/local/tmp/benchmark/benchmark_inference
[ 96%] /data/local/tmp/benchmark/benchmark_inference
[ 96%] /data/local/tmp/benchmark/benchmark_inference
[ 96%] /data/local/tmp/benchmark/benchmark_inference
[ 96%] /data/local/tmp/benchmark/benchmark_inference
[ 97%] /data/local/tmp/benchmark/benchmark_inference
[ 97%] /data/local/tmp/benchmark/benchmark_inference
[ 97%] /data/local/tmp/benchmark/benchmark_inference
[ 97%] /data/local/tmp/benchmark/benchmark_inference
[ 97%] /data/local/tmp/benchmark/benchmark_inference
[ 97%] /data/local/tmp/benchmark/benchmark_inference
[ 98%] /data/local/tmp/benchmark/benchmark_inference
[ 98%] /data/local/tmp/benchmark/benchmark_inference
[ 98%] /data/local/tmp/benchmark/benchmark_inference
[ 98%] /data/local/tmp/benchmark/benchmark_inference
[ 98%] /data/local/tmp/benchmark/benchmark_inference
[ 99%] /data/local/tmp/benchmark/benchmark_inference
[ 99%] /data/local/tmp/benchmark/benchmark_inference
[ 99%] /data/local/tmp/benchmark/benchmark_inference
[ 99%] /data/local/tmp/benchmark/benchmark_inference
[ 99%] /data/local/tmp/benchmark/benchmark_inference
[100%] /data/local/tmp/benchmark/benchmark_inference
/home/liu/project/newwork/benchmark/build_android/src/benchmark_inference: 1 file pushed. 21.3 MB/s (33839664 bytes in 1.513s)
Pushing models...
[  0%] /data/local/tmp/benchmark/models/classification/mobilenetv2/mobilenetv2/mobilenetv2_MNN.mnn: 0%
[  0%] /data/local/tmp/benchmark/models/classification/mobilenetv2/mobilenetv2/mobilenetv2_MNN.mnn: 0%
[  0%] /data/local/tmp/benchmark/models/classification/mobilenetv2/mobilenetv2/mobilenetv2_MNN.mnn: 1%
[  0%] /data/local/tmp/benchmark/models/classification/mobilenetv2/mobilenetv2/mobilenetv2_MNN.mnn: 1%
[  0%] /data/local/tmp/benchmark/models/classification/mobilenetv2/mobilenetv2/mobilenetv2_MNN.mnn: 2%
[  0%] /data/local/tmp/benchmark/models/classification/mobilenetv2/mobilenetv2/mobilenetv2_MNN.mnn: 2%
[  0%] /data/local/tmp/benchmark/models/classification/mobilenetv2/mobilenetv2/mobilenetv2_MNN.mnn: 3%
[  0%] /data/local/tmp/benchmark/models/classification/mobilenetv2/mobilenetv2/mobilenetv2_MNN.mnn: 3%
[  0%] /data/local/tmp/benchmark/models/classification/mobilenetv2/mobilenetv2/mobilenetv2_MNN.mnn: 4%
[  0%] /data/local/tmp/benchmark/models/classification/mobilenetv2/mobilenetv2/mobilenetv2_MNN.mnn: 4%
[  0%] /data/local/tmp/benchmark/models/classification/mobilenetv2/mobilenetv2/mobilenetv2_MNN.mnn: 5%
[  0%] /data/local/tmp/benchmark/models/classification/mobilenetv2/mobilenetv2/mobilenetv2_MNN.mnn: 5%
[  0%] /data/local/tmp/benchmark/models/classification/mobilenetv2/mobilenetv2/mobilenetv2_MNN.mnn: 6%
[  0%] /data/local/tmp/benchmark/models/classification/mobilenetv2/mobilenetv2/mobilenetv2_MNN.mnn: 6%
[  0%] /data/local/tmp/benchmark/models/classification/mobilenetv2/mobilenetv2/mobilenetv2_MNN.mnn: 7%
[  0%] /data/local/tmp/benchmark/models/classification/mobilenetv2/mobilenetv2/mobilenetv2_MNN.mnn: 7%
[  0%] /data/local/tmp/benchmark/models/classification/mobilenetv2/mobilenetv2/mobilenetv2_MNN.mnn: 7%
[  0%] /data/local/tmp/benchmark/models/classification/mobilenetv2/mobilenetv2/mobilenetv2_MNN.mnn: 8%
[  0%] /data/local/tmp/benchmark/models/classification/mobilenetv2/mobilenetv2/mobilenetv2_MNN.mnn: 8%
[  0%] /data/local/tmp/benchmark/models/classification/mobilenetv2/mobilenetv2/mobilenetv2_MNN.mnn: 9%
[  0%] /data/local/tmp/benchmark/models/classification/mobilenetv2/mobilenetv2/mobilenetv2_MNN.mnn: 9%
[  0%] /data/local/tmp/benchmark/models/classification/mobilenetv2/mobilenetv2/mobilenetv2_MNN.mnn: 10%
[  0%] /data/local/tmp/benchmark/models/classification/mobilenetv2/mobilenetv2/mobilenetv2_MNN.mnn: 10%
[  0%] /data/local/tmp/benchmark/models/classification/mobilenetv2/mobilenetv2/mobilenetv2_MNN.mnn: 11%
[  0%] /data/local/tmp/benchmark/models/classification/mobilenetv2/mobilenetv2/mobilenetv2_MNN.mnn: 11%
[  0%] /data/local/tmp/benchmark/models/classification/mobilenetv2/mobilenetv2/mobilenetv2_MNN.mnn: 12%
[  0%] /data/local/tmp/benchmark/models/classification/mobilenetv2/mobilenetv2/mobilenetv2_MNN.mnn: 12%
[  0%] /data/local/tmp/benchmark/models/classification/mobilenetv2/mobilenetv2/mobilenetv2_MNN.mnn: 13%
[  0%] /data/local/tmp/benchmark/models/classification/mobilenetv2/mobilenetv2/mobilenetv2_MNN.mnn: 13%
[  0%] /data/local/tmp/benchmark/models/classification/mobilenetv2/mobilenetv2/mobilenetv2_MNN.mnn: 14%
[  0%] /data/local/tmp/benchmark/models/classification/mobilenetv2/mobilenetv2/mobilenetv2_MNN.mnn: 14%
[  0%] /data/local/tmp/benchmark/models/classification/mobilenetv2/mobilenetv2/mobilenetv2_MNN.mnn: 15%
[  0%] /data/local/tmp/benchmark/models/classification/mobilenetv2/mobilenetv2/mobilenetv2_MNN.mnn: 15%
[  0%] /data/local/tmp/benchmark/models/classification/mobilenetv2/mobilenetv2/mobilenetv2_MNN.mnn: 15%
[  0%] /data/local/tmp/benchmark/models/classification/mobilenetv2/mobilenetv2/mobilenetv2_MNN.mnn: 16%
[  0%] /data/local/tmp/benchmark/models/classification/mobilenetv2/mobilenetv2/mobilenetv2_MNN.mnn: 16%
[  0%] /data/local/tmp/benchmark/models/classification/mobilenetv2/mobilenetv2/mobilenetv2_MNN.mnn: 17%
[  0%] /data/local/tmp/benchmark/models/classification/mobilenetv2/mobilenetv2/mobilenetv2_MNN.mnn: 17%
[  0%] /data/local/tmp/benchmark/models/classification/mobilenetv2/mobilenetv2/mobilenetv2_MNN.mnn: 18%
[  0%] /data/local/tmp/benchmark/models/classification/mobilenetv2/mobilenetv2/mobilenetv2_MNN.mnn: 18%
[  0%] /data/local/tmp/benchmark/models/classification/mobilenetv2/mobilenetv2/mobilenetv2_MNN.mnn: 19%
[  0%] /data/local/tmp/benchmark/models/classification/mobilenetv2/mobilenetv2/mobilenetv2_MNN.mnn: 19%
[  0%] /data/local/tmp/benchmark/models/classification/mobilenetv2/mobilenetv2/mobilenetv2_MNN.mnn: 20%
[  0%] /data/local/tmp/benchmark/models/classification/mobilenetv2/mobilenetv2/mobilenetv2_MNN.mnn: 20%
[  0%] /data/local/tmp/benchmark/models/classification/mobilenetv2/mobilenetv2/mobilenetv2_MNN.mnn: 21%
[  0%] /data/local/tmp/benchmark/models/classification/mobilenetv2/mobilenetv2/mobilenetv2_MNN.mnn: 21%
[  0%] /data/local/tmp/benchmark/models/classification/mobilenetv2/mobilenetv2/mobilenetv2_MNN.mnn: 22%
[  0%] /data/local/tmp/benchmark/models/classification/mobilenetv2/mobilenetv2/mobilenetv2_MNN.mnn: 22%
[  1%] /data/local/tmp/benchmark/models/classification/mobilenetv2/mobilenetv2/mobilenetv2_MNN.mnn: 22%
[  1%] /data/local/tmp/benchmark/models/classification/mobilenetv2/mobilenetv2/mobilenetv2_MNN.mnn: 23%
[  1%] /data/local/tmp/benchmark/models/classification/mobilenetv2/mobilenetv2/mobilenetv2_MNN.mnn: 23%
[  1%] /data/local/tmp/benchmark/models/classification/mobilenetv2/mobilenetv2/mobilenetv2_MNN.mnn: 24%
[  1%] /data/local/tmp/benchmark/models/classification/mobilenetv2/mobilenetv2/mobilenetv2_MNN.mnn: 24%
[  1%] /data/local/tmp/benchmark/models/classification/mobilenetv2/mobilenetv2/mobilenetv2_MNN.mnn: 25%
[  1%] /data/local/tmp/benchmark/models/classification/mobilenetv2/mobilenetv2/mobilenetv2_MNN.mnn: 25%
[  1%] /data/local/tmp/benchmark/models/classification/mobilenetv2/mobilenetv2/mobilenetv2_MNN.mnn: 26%
[  1%] /data/local/tmp/benchmark/models/classification/mobilenetv2/mobilenetv2/mobilenetv2_MNN.mnn: 26%
[  1%] /data/local/tmp/benchmark/models/classification/mobilenetv2/mobilenetv2/mobilenetv2_MNN.mnn: 27%
[  1%] /data/local/tmp/benchmark/models/classification/mobilenetv2/mobilenetv2/mobilenetv2_MNN.mnn: 27%
[  1%] /data/local/tmp/benchmark/models/classification/mobilenetv2/mobilenetv2/mobilenetv2_MNN.mnn: 28%
[  1%] /data/local/tmp/benchmark/models/classification/mobilenetv2/mobilenetv2/mobilenetv2_MNN.mnn: 28%
[  1%] /data/local/tmp/benchmark/models/classification/mobilenetv2/mobilenetv2/mobilenetv2_MNN.mnn: 29%
[  1%] /data/local/tmp/benchmark/models/classification/mobilenetv2/mobilenetv2/mobilenetv2_MNN.mnn: 29%
[  1%] /data/local/tmp/benchmark/models/classification/mobilenetv2/mobilenetv2/mobilenetv2_MNN.mnn: 30%
[  1%] /data/local/tmp/benchmark/models/classification/mobilenetv2/mobilenetv2/mobilenetv2_MNN.mnn: 30%
[  1%] /data/local/tmp/benchmark/models/classification/mobilenetv2/mobilenetv2/mobilenetv2_MNN.mnn: 30%
[  1%] /data/local/tmp/benchmark/models/classification/mobilenetv2/mobilenetv2/mobilenetv2_MNN.mnn: 31%
[  1%] /data/local/tmp/benchmark/models/classification/mobilenetv2/mobilenetv2/mobilenetv2_MNN.mnn: 31%
[  1%] /data/local/tmp/benchmark/models/classification/mobilenetv2/mobilenetv2/mobilenetv2_MNN.mnn: 32%
[  1%] /data/local/tmp/benchmark/models/classification/mobilenetv2/mobilenetv2/mobilenetv2_MNN.mnn: 32%
[  1%] /data/local/tmp/benchmark/models/classification/mobilenetv2/mobilenetv2/mobilenetv2_MNN.mnn: 33%
[  1%] /data/local/tmp/benchmark/models/classification/mobilenetv2/mobilenetv2/mobilenetv2_MNN.mnn: 33%
[  1%] /data/local/tmp/benchmark/models/classification/mobilenetv2/mobilenetv2/mobilenetv2_MNN.mnn: 34%
[  1%] /data/local/tmp/benchmark/models/classification/mobilenetv2/mobilenetv2/mobilenetv2_MNN.mnn: 34%
[  1%] /data/local/tmp/benchmark/models/classification/mobilenetv2/mobilenetv2/mobilenetv2_MNN.mnn: 35%
[  1%] /data/local/tmp/benchmark/models/classification/mobilenetv2/mobilenetv2/mobilenetv2_MNN.mnn: 35%
[  1%] /data/local/tmp/benchmark/models/classification/mobilenetv2/mobilenetv2/mobilenetv2_MNN.mnn: 36%
[  1%] /data/local/tmp/benchmark/models/classification/mobilenetv2/mobilenetv2/mobilenetv2_MNN.mnn: 36%
[  1%] /data/local/tmp/benchmark/models/classification/mobilenetv2/mobilenetv2/mobilenetv2_MNN.mnn: 37%
[  1%] /data/local/tmp/benchmark/models/classification/mobilenetv2/mobilenetv2/mobilenetv2_MNN.mnn: 37%
[  1%] /data/local/tmp/benchmark/models/classification/mobilenetv2/mobilenetv2/mobilenetv2_MNN.mnn: 38%
[  1%] /data/local/tmp/benchmark/models/classification/mobilenetv2/mobilenetv2/mobilenetv2_MNN.mnn: 38%
[  1%] /data/local/tmp/benchmark/models/classification/mobilenetv2/mobilenetv2/mobilenetv2_MNN.mnn: 38%
[  1%] /data/local/tmp/benchmark/models/classification/mobilenetv2/mobilenetv2/mobilenetv2_MNN.mnn: 39%
[  1%] /data/local/tmp/benchmark/models/classification/mobilenetv2/mobilenetv2/mobilenetv2_MNN.mnn: 39%
[  1%] /data/local/tmp/benchmark/models/classification/mobilenetv2/mobilenetv2/mobilenetv2_MNN.mnn: 40%
[  1%] /data/local/tmp/benchmark/models/classification/mobilenetv2/mobilenetv2/mobilenetv2_MNN.mnn: 40%
[  1%] /data/local/tmp/benchmark/models/classification/mobilenetv2/mobilenetv2/mobilenetv2_MNN.mnn: 41%
[  1%] /data/local/tmp/benchmark/models/classification/mobilenetv2/mobilenetv2/mobilenetv2_MNN.mnn: 41%
[  1%] /data/local/tmp/benchmark/models/classification/mobilenetv2/mobilenetv2/mobilenetv2_MNN.mnn: 42%
[  1%] /data/local/tmp/benchmark/models/classification/mobilenetv2/mobilenetv2/mobilenetv2_MNN.mnn: 42%
[  1%] /data/local/tmp/benchmark/models/classification/mobilenetv2/mobilenetv2/mobilenetv2_MNN.mnn: 43%
[  1%] /data/local/tmp/benchmark/models/classification/mobilenetv2/mobilenetv2/mobilenetv2_MNN.mnn: 43%
[  1%] /data/local/tmp/benchmark/models/classification/mobilenetv2/mobilenetv2/mobilenetv2_MNN.mnn: 44%
[  1%] /data/local/tmp/benchmark/models/classification/mobilenetv2/mobilenetv2/mobilenetv2_MNN.mnn: 44%
[  1%] /data/local/tmp/benchmark/models/classification/mobilenetv2/mobilenetv2/mobilenetv2_MNN.mnn: 45%
[  2%] /data/local/tmp/benchmark/models/classification/mobilenetv2/mobilenetv2/mobilenetv2_MNN.mnn: 45%
[  2%] /data/local/tmp/benchmark/models/classification/mobilenetv2/mobilenetv2/mobilenetv2_MNN.mnn: 45%
[  2%] /data/local/tmp/benchmark/models/classification/mobilenetv2/mobilenetv2/mobilenetv2_MNN.mnn: 46%
[  2%] /data/local/tmp/benchmark/models/classification/mobilenetv2/mobilenetv2/mobilenetv2_MNN.mnn: 46%
[  2%] /data/local/tmp/benchmark/models/classification/mobilenetv2/mobilenetv2/mobilenetv2_MNN.mnn: 47%
[  2%] /data/local/tmp/benchmark/models/classification/mobilenetv2/mobilenetv2/mobilenetv2_MNN.mnn: 47%
[  2%] /data/local/tmp/benchmark/models/classification/mobilenetv2/mobilenetv2/mobilenetv2_MNN.mnn: 48%
[  2%] /data/local/tmp/benchmark/models/classification/mobilenetv2/mobilenetv2/mobilenetv2_MNN.mnn: 48%
[  2%] /data/local/tmp/benchmark/models/classification/mobilenetv2/mobilenetv2/mobilenetv2_MNN.mnn: 49%
[  2%] /data/local/tmp/benchmark/models/classification/mobilenetv2/mobilenetv2/mobilenetv2_MNN.mnn: 49%
[  2%] /data/local/tmp/benchmark/models/classification/mobilenetv2/mobilenetv2/mobilenetv2_MNN.mnn: 50%
[  2%] /data/local/tmp/benchmark/models/classification/mobilenetv2/mobilenetv2/mobilenetv2_MNN.mnn: 50%
[  2%] /data/local/tmp/benchmark/models/classification/mobilenetv2/mobilenetv2/mobilenetv2_MNN.mnn: 51%
[  2%] /data/local/tmp/benchmark/models/classification/mobilenetv2/mobilenetv2/mobilenetv2_MNN.mnn: 51%
[  2%] /data/local/tmp/benchmark/models/classification/mobilenetv2/mobilenetv2/mobilenetv2_MNN.mnn: 52%
[  2%] /data/local/tmp/benchmark/models/classification/mobilenetv2/mobilenetv2/mobilenetv2_MNN.mnn: 52%
[  2%] /data/local/tmp/benchmark/models/classification/mobilenetv2/mobilenetv2/mobilenetv2_MNN.mnn: 53%
[  2%] /data/local/tmp/benchmark/models/classification/mobilenetv2/mobilenetv2/mobilenetv2_MNN.mnn: 53%
[  2%] /data/local/tmp/benchmark/models/classification/mobilenetv2/mobilenetv2/mobilenetv2_MNN.mnn: 53%
[  2%] /data/local/tmp/benchmark/models/classification/mobilenetv2/mobilenetv2/mobilenetv2_MNN.mnn: 54%
[  2%] /data/local/tmp/benchmark/models/classification/mobilenetv2/mobilenetv2/mobilenetv2_MNN.mnn: 54%
[  2%] /data/local/tmp/benchmark/models/classification/mobilenetv2/mobilenetv2/mobilenetv2_MNN.mnn: 55%
[  2%] /data/local/tmp/benchmark/models/classification/mobilenetv2/mobilenetv2/mobilenetv2_MNN.mnn: 55%
[  2%] /data/local/tmp/benchmark/models/classification/mobilenetv2/mobilenetv2/mobilenetv2_MNN.mnn: 56%
[  2%] /data/local/tmp/benchmark/models/classification/mobilenetv2/mobilenetv2/mobilenetv2_MNN.mnn: 56%
[  2%] /data/local/tmp/benchmark/models/classification/mobilenetv2/mobilenetv2/mobilenetv2_MNN.mnn: 57%
[  2%] /data/local/tmp/benchmark/models/classification/mobilenetv2/mobilenetv2/mobilenetv2_MNN.mnn: 57%
[  2%] /data/local/tmp/benchmark/models/classification/mobilenetv2/mobilenetv2/mobilenetv2_MNN.mnn: 58%
[  2%] /data/local/tmp/benchmark/models/classification/mobilenetv2/mobilenetv2/mobilenetv2_MNN.mnn: 58%
[  2%] /data/local/tmp/benchmark/models/classification/mobilenetv2/mobilenetv2/mobilenetv2_MNN.mnn: 59%
[  2%] /data/local/tmp/benchmark/models/classification/mobilenetv2/mobilenetv2/mobilenetv2_MNN.mnn: 59%
[  2%] /data/local/tmp/benchmark/models/classification/mobilenetv2/mobilenetv2/mobilenetv2_MNN.mnn: 60%
[  2%] /data/local/tmp/benchmark/models/classification/mobilenetv2/mobilenetv2/mobilenetv2_MNN.mnn: 60%
[  2%] /data/local/tmp/benchmark/models/classification/mobilenetv2/mobilenetv2/mobilenetv2_MNN.mnn: 61%
[  2%] /data/local/tmp/benchmark/models/classification/mobilenetv2/mobilenetv2/mobilenetv2_MNN.mnn: 61%
[  2%] /data/local/tmp/benchmark/models/classification/mobilenetv2/mobilenetv2/mobilenetv2_MNN.mnn: 61%
[  2%] /data/local/tmp/benchmark/models/classification/mobilenetv2/mobilenetv2/mobilenetv2_MNN.mnn: 62%
[  2%] /data/local/tmp/benchmark/models/classification/mobilenetv2/mobilenetv2/mobilenetv2_MNN.mnn: 62%
[  2%] /data/local/tmp/benchmark/models/classification/mobilenetv2/mobilenetv2/mobilenetv2_MNN.mnn: 63%
[  2%] /data/local/tmp/benchmark/models/classification/mobilenetv2/mobilenetv2/mobilenetv2_MNN.mnn: 63%
[  2%] /data/local/tmp/benchmark/models/classification/mobilenetv2/mobilenetv2/mobilenetv2_MNN.mnn: 64%
[  2%] /data/local/tmp/benchmark/models/classification/mobilenetv2/mobilenetv2/mobilenetv2_MNN.mnn: 64%
[  2%] /data/local/tmp/benchmark/models/classification/mobilenetv2/mobilenetv2/mobilenetv2_MNN.mnn: 65%
[  2%] /data/local/tmp/benchmark/models/classification/mobilenetv2/mobilenetv2/mobilenetv2_MNN.mnn: 65%
[  2%] /data/local/tmp/benchmark/models/classification/mobilenetv2/mobilenetv2/mobilenetv2_MNN.mnn: 66%
[  2%] /data/local/tmp/benchmark/models/classification/mobilenetv2/mobilenetv2/mobilenetv2_MNN.mnn: 66%
[  2%] /data/local/tmp/benchmark/models/classification/mobilenetv2/mobilenetv2/mobilenetv2_MNN.mnn: 67%
[  2%] /data/local/tmp/benchmark/models/classification/mobilenetv2/mobilenetv2/mobilenetv2_MNN.mnn: 67%
[  2%] /data/local/tmp/benchmark/models/classification/mobilenetv2/mobilenetv2/mobilenetv2_MNN.mnn: 68%
[  3%] /data/local/tmp/benchmark/models/classification/mobilenetv2/mobilenetv2/mobilenetv2_MNN.mnn: 68%
[  3%] /data/local/tmp/benchmark/models/classification/mobilenetv2/mobilenetv2/mobilenetv2_MNN.mnn: 68%
[  3%] /data/local/tmp/benchmark/models/classification/mobilenetv2/mobilenetv2/mobilenetv2_MNN.mnn: 69%
[  3%] /data/local/tmp/benchmark/models/classification/mobilenetv2/mobilenetv2/mobilenetv2_MNN.mnn: 69%
[  3%] /data/local/tmp/benchmark/models/classification/mobilenetv2/mobilenetv2/mobilenetv2_MNN.mnn: 70%
[  3%] /data/local/tmp/benchmark/models/classification/mobilenetv2/mobilenetv2/mobilenetv2_MNN.mnn: 70%
[  3%] /data/local/tmp/benchmark/models/classification/mobilenetv2/mobilenetv2/mobilenetv2_MNN.mnn: 71%
[  3%] /data/local/tmp/benchmark/models/classification/mobilenetv2/mobilenetv2/mobilenetv2_MNN.mnn: 71%
[  3%] /data/local/tmp/benchmark/models/classification/mobilenetv2/mobilenetv2/mobilenetv2_MNN.mnn: 72%
[  3%] /data/local/tmp/benchmark/models/classification/mobilenetv2/mobilenetv2/mobilenetv2_MNN.mnn: 72%
[  3%] /data/local/tmp/benchmark/models/classification/mobilenetv2/mobilenetv2/mobilenetv2_MNN.mnn: 73%
[  3%] /data/local/tmp/benchmark/models/classification/mobilenetv2/mobilenetv2/mobilenetv2_MNN.mnn: 73%
[  3%] /data/local/tmp/benchmark/models/classification/mobilenetv2/mobilenetv2/mobilenetv2_MNN.mnn: 74%
[  3%] /data/local/tmp/benchmark/models/classification/mobilenetv2/mobilenetv2/mobilenetv2_MNN.mnn: 74%
[  3%] /data/local/tmp/benchmark/models/classification/mobilenetv2/mobilenetv2/mobilenetv2_MNN.mnn: 75%
[  3%] /data/local/tmp/benchmark/models/classification/mobilenetv2/mobilenetv2/mobilenetv2_MNN.mnn: 75%
[  3%] /data/local/tmp/benchmark/models/classification/mobilenetv2/mobilenetv2/mobilenetv2_MNN.mnn: 76%
[  3%] /data/local/tmp/benchmark/models/classification/mobilenetv2/mobilenetv2/mobilenetv2_MNN.mnn: 76%
[  3%] /data/local/tmp/benchmark/models/classification/mobilenetv2/mobilenetv2/mobilenetv2_MNN.mnn: 76%
[  3%] /data/local/tmp/benchmark/models/classification/mobilenetv2/mobilenetv2/mobilenetv2_MNN.mnn: 77%
[  3%] /data/local/tmp/benchmark/models/classification/mobilenetv2/mobilenetv2/mobilenetv2_MNN.mnn: 77%
[  3%] /data/local/tmp/benchmark/models/classification/mobilenetv2/mobilenetv2/mobilenetv2_MNN.mnn: 78%
[  3%] /data/local/tmp/benchmark/models/classification/mobilenetv2/mobilenetv2/mobilenetv2_MNN.mnn: 78%
[  3%] /data/local/tmp/benchmark/models/classification/mobilenetv2/mobilenetv2/mobilenetv2_MNN.mnn: 79%
[  3%] /data/local/tmp/benchmark/models/classification/mobilenetv2/mobilenetv2/mobilenetv2_MNN.mnn: 79%
[  3%] /data/local/tmp/benchmark/models/classification/mobilenetv2/mobilenetv2/mobilenetv2_MNN.mnn: 80%
[  3%] /data/local/tmp/benchmark/models/classification/mobilenetv2/mobilenetv2/mobilenetv2_MNN.mnn: 80%
[  3%] /data/local/tmp/benchmark/models/classification/mobilenetv2/mobilenetv2/mobilenetv2_MNN.mnn: 81%
[  3%] /data/local/tmp/benchmark/models/classification/mobilenetv2/mobilenetv2/mobilenetv2_MNN.mnn: 81%
[  3%] /data/local/tmp/benchmark/models/classification/mobilenetv2/mobilenetv2/mobilenetv2_MNN.mnn: 82%
[  3%] /data/local/tmp/benchmark/models/classification/mobilenetv2/mobilenetv2/mobilenetv2_MNN.mnn: 82%
[  3%] /data/local/tmp/benchmark/models/classification/mobilenetv2/mobilenetv2/mobilenetv2_MNN.mnn: 83%
[  3%] /data/local/tmp/benchmark/models/classification/mobilenetv2/mobilenetv2/mobilenetv2_MNN.mnn: 83%
[  3%] /data/local/tmp/benchmark/models/classification/mobilenetv2/mobilenetv2/mobilenetv2_MNN.mnn: 84%
[  3%] /data/local/tmp/benchmark/models/classification/mobilenetv2/mobilenetv2/mobilenetv2_MNN.mnn: 84%
[  3%] /data/local/tmp/benchmark/models/classification/mobilenetv2/mobilenetv2/mobilenetv2_MNN.mnn: 84%
[  3%] /data/local/tmp/benchmark/models/classification/mobilenetv2/mobilenetv2/mobilenetv2_MNN.mnn: 85%
[  3%] /data/local/tmp/benchmark/models/classification/mobilenetv2/mobilenetv2/mobilenetv2_MNN.mnn: 85%
[  3%] /data/local/tmp/benchmark/models/classification/mobilenetv2/mobilenetv2/mobilenetv2_MNN.mnn: 86%
[  3%] /data/local/tmp/benchmark/models/classification/mobilenetv2/mobilenetv2/mobilenetv2_MNN.mnn: 86%
[  3%] /data/local/tmp/benchmark/models/classification/mobilenetv2/mobilenetv2/mobilenetv2_MNN.mnn: 87%
[  3%] /data/local/tmp/benchmark/models/classification/mobilenetv2/mobilenetv2/mobilenetv2_MNN.mnn: 87%
[  3%] /data/local/tmp/benchmark/models/classification/mobilenetv2/mobilenetv2/mobilenetv2_MNN.mnn: 88%
[  3%] /data/local/tmp/benchmark/models/classification/mobilenetv2/mobilenetv2/mobilenetv2_MNN.mnn: 88%
[  3%] /data/local/tmp/benchmark/models/classification/mobilenetv2/mobilenetv2/mobilenetv2_MNN.mnn: 89%
[  3%] /data/local/tmp/benchmark/models/classification/mobilenetv2/mobilenetv2/mobilenetv2_MNN.mnn: 89%
[  3%] /data/local/tmp/benchmark/models/classification/mobilenetv2/mobilenetv2/mobilenetv2_MNN.mnn: 90%
[  3%] /data/local/tmp/benchmark/models/classification/mobilenetv2/mobilenetv2/mobilenetv2_MNN.mnn: 90%
[  4%] /data/local/tmp/benchmark/models/classification/mobilenetv2/mobilenetv2/mobilenetv2_MNN.mnn: 91%
[  4%] /data/local/tmp/benchmark/models/classification/mobilenetv2/mobilenetv2/mobilenetv2_MNN.mnn: 91%
[  4%] /data/local/tmp/benchmark/models/classification/mobilenetv2/mobilenetv2/mobilenetv2_MNN.mnn: 91%
[  4%] /data/local/tmp/benchmark/models/classification/mobilenetv2/mobilenetv2/mobilenetv2_MNN.mnn: 92%
[  4%] /data/local/tmp/benchmark/models/classification/mobilenetv2/mobilenetv2/mobilenetv2_MNN.mnn: 92%
[  4%] /data/local/tmp/benchmark/models/classification/mobilenetv2/mobilenetv2/mobilenetv2_MNN.mnn: 93%
[  4%] /data/local/tmp/benchmark/models/classification/mobilenetv2/mobilenetv2/mobilenetv2_MNN.mnn: 93%
[  4%] /data/local/tmp/benchmark/models/classification/mobilenetv2/mobilenetv2/mobilenetv2_MNN.mnn: 94%
[  4%] /data/local/tmp/benchmark/models/classification/mobilenetv2/mobilenetv2/mobilenetv2_MNN.mnn: 94%
[  4%] /data/local/tmp/benchmark/models/classification/mobilenetv2/mobilenetv2/mobilenetv2_MNN.mnn: 95%
[  4%] /data/local/tmp/benchmark/models/classification/mobilenetv2/mobilenetv2/mobilenetv2_MNN.mnn: 95%
[  4%] /data/local/tmp/benchmark/models/classification/mobilenetv2/mobilenetv2/mobilenetv2_MNN.mnn: 96%
[  4%] /data/local/tmp/benchmark/models/classification/mobilenetv2/mobilenetv2/mobilenetv2_MNN.mnn: 96%
[  4%] /data/local/tmp/benchmark/models/classification/mobilenetv2/mobilenetv2/mobilenetv2_MNN.mnn: 97%
[  4%] /data/local/tmp/benchmark/models/classification/mobilenetv2/mobilenetv2/mobilenetv2_MNN.mnn: 97%
[  4%] /data/local/tmp/benchmark/models/classification/mobilenetv2/mobilenetv2/mobilenetv2_MNN.mnn: 98%
[  4%] /data/local/tmp/benchmark/models/classification/mobilenetv2/mobilenetv2/mobilenetv2_MNN.mnn: 98%
[  4%] /data/local/tmp/benchmark/models/classification/mobilenetv2/mobilenetv2/mobilenetv2_MNN.mnn: 99%
[  4%] /data/local/tmp/benchmark/models/classification/mobilenetv2/mobilenetv2/mobilenetv2_MNN.mnn: 99%
[  4%] /data/local/tmp/benchmark/models/classification/mobilenetv2/mobilenetv2/mobilenetv2_MNN.mnn: 99%
[  4%] /data/local/tmp/benchmark/models/classification/mobilenetv2/mobilenetv2/mobilenetv2_MNN.mnn: 100%
[  4%] /data/local/tmp/benchmark/models/classification/mobilenetv2/mobilenetv2/mobilenet_v2_1.0_224_info.txt: 100%
[  4%] /data/local/tmp/benchmark/models/classification/mobilenetv2/mobilenetv2/mobilenetv2_ncnn.py: 100%
[  4%] /data/local/tmp/benchmark/models/classification/mobilenetv2/mobilenetv2/mobilenetv2_ncnn.param: 100%
[  4%] /data/local/tmp/benchmark/models/classification/mobilenetv2/mobilenetv2/tvm_model_source.cpp: 100%
[  4%] /data/local/tmp/benchmark/models/classification/mobilenetv2/mobilenetv2/mobilenetv2.pnnx.param: 100%
[  4%] /data/local/tmp/benchmark/models/classification/mobilenetv2/mobilenetv2/mobilenetv2.tflite: 0%
[  4%] /data/local/tmp/benchmark/models/classification/mobilenetv2/mobilenetv2/mobilenetv2.tflite: 0%
[  4%] /data/local/tmp/benchmark/models/classification/mobilenetv2/mobilenetv2/mobilenetv2.tflite: 1%
[  4%] /data/local/tmp/benchmark/models/classification/mobilenetv2/mobilenetv2/mobilenetv2.tflite: 1%
[  4%] /data/local/tmp/benchmark/models/classification/mobilenetv2/mobilenetv2/mobilenetv2.tflite: 2%
[  4%] /data/local/tmp/benchmark/models/classification/mobilenetv2/mobilenetv2/mobilenetv2.tflite: 2%
[  4%] /data/local/tmp/benchmark/models/classification/mobilenetv2/mobilenetv2/mobilenetv2.tflite: 3%
[  4%] /data/local/tmp/benchmark/models/classification/mobilenetv2/mobilenetv2/mobilenetv2.tflite: 3%
[  4%] /data/local/tmp/benchmark/models/classification/mobilenetv2/mobilenetv2/mobilenetv2.tflite: 4%
[  4%] /data/local/tmp/benchmark/models/classification/mobilenetv2/mobilenetv2/mobilenetv2.tflite: 4%
[  4%] /data/local/tmp/benchmark/models/classification/mobilenetv2/mobilenetv2/mobilenetv2.tflite: 5%
[  4%] /data/local/tmp/benchmark/models/classification/mobilenetv2/mobilenetv2/mobilenetv2.tflite: 5%
[  4%] /data/local/tmp/benchmark/models/classification/mobilenetv2/mobilenetv2/mobilenetv2.tflite: 6%
[  4%] /data/local/tmp/benchmark/models/classification/mobilenetv2/mobilenetv2/mobilenetv2.tflite: 6%
[  4%] /data/local/tmp/benchmark/models/classification/mobilenetv2/mobilenetv2/mobilenetv2.tflite: 7%
[  4%] /data/local/tmp/benchmark/models/classification/mobilenetv2/mobilenetv2/mobilenetv2.tflite: 7%
[  4%] /data/local/tmp/benchmark/models/classification/mobilenetv2/mobilenetv2/mobilenetv2.tflite: 7%
[  4%] /data/local/tmp/benchmark/models/classification/mobilenetv2/mobilenetv2/mobilenetv2.tflite: 8%
[  4%] /data/local/tmp/benchmark/models/classification/mobilenetv2/mobilenetv2/mobilenetv2.tflite: 8%
[  4%] /data/local/tmp/benchmark/models/classification/mobilenetv2/mobilenetv2/mobilenetv2.tflite: 9%
[  4%] /data/local/tmp/benchmark/models/classification/mobilenetv2/mobilenetv2/mobilenetv2.tflite: 9%
[  4%] /data/local/tmp/benchmark/models/classification/mobilenetv2/mobilenetv2/mobilenetv2.tflite: 10%
[  4%] /data/local/tmp/benchmark/models/classification/mobilenetv2/mobilenetv2/mobilenetv2.tflite: 10%
[  4%] /data/local/tmp/benchmark/models/classification/mobilenetv2/mobilenetv2/mobilenetv2.tflite: 11%
[  4%] /data/local/tmp/benchmark/models/classification/mobilenetv2/mobilenetv2/mobilenetv2.tflite: 11%
[  4%] /data/local/tmp/benchmark/models/classification/mobilenetv2/mobilenetv2/mobilenetv2.tflite: 12%
[  4%] /data/local/tmp/benchmark/models/classification/mobilenetv2/mobilenetv2/mobilenetv2.tflite: 12%
[  4%] /data/local/tmp/benchmark/models/classification/mobilenetv2/mobilenetv2/mobilenetv2.tflite: 13%
[  5%] /data/local/tmp/benchmark/models/classification/mobilenetv2/mobilenetv2/mobilenetv2.tflite: 13%
[  5%] /data/local/tmp/benchmark/models/classification/mobilenetv2/mobilenetv2/mobilenetv2.tflite: 14%
[  5%] /data/local/tmp/benchmark/models/classification/mobilenetv2/mobilenetv2/mobilenetv2.tflite: 14%
[  5%] /data/local/tmp/benchmark/models/classification/mobilenetv2/mobilenetv2/mobilenetv2.tflite: 15%
[  5%] /data/local/tmp/benchmark/models/classification/mobilenetv2/mobilenetv2/mobilenetv2.tflite: 15%
[  5%] /data/local/tmp/benchmark/models/classification/mobilenetv2/mobilenetv2/mobilenetv2.tflite: 15%
[  5%] /data/local/tmp/benchmark/models/classification/mobilenetv2/mobilenetv2/mobilenetv2.tflite: 16%
[  5%] /data/local/tmp/benchmark/models/classification/mobilenetv2/mobilenetv2/mobilenetv2.tflite: 16%
[  5%] /data/local/tmp/benchmark/models/classification/mobilenetv2/mobilenetv2/mobilenetv2.tflite: 17%
[  5%] /data/local/tmp/benchmark/models/classification/mobilenetv2/mobilenetv2/mobilenetv2.tflite: 17%
[  5%] /data/local/tmp/benchmark/models/classification/mobilenetv2/mobilenetv2/mobilenetv2.tflite: 18%
[  5%] /data/local/tmp/benchmark/models/classification/mobilenetv2/mobilenetv2/mobilenetv2.tflite: 18%
[  5%] /data/local/tmp/benchmark/models/classification/mobilenetv2/mobilenetv2/mobilenetv2.tflite: 19%
[  5%] /data/local/tmp/benchmark/models/classification/mobilenetv2/mobilenetv2/mobilenetv2.tflite: 19%
[  5%] /data/local/tmp/benchmark/models/classification/mobilenetv2/mobilenetv2/mobilenetv2.tflite: 20%
[  5%] /data/local/tmp/benchmark/models/classification/mobilenetv2/mobilenetv2/mobilenetv2.tflite: 20%
[  5%] /data/local/tmp/benchmark/models/classification/mobilenetv2/mobilenetv2/mobilenetv2.tflite: 21%
[  5%] /data/local/tmp/benchmark/models/classification/mobilenetv2/mobilenetv2/mobilenetv2.tflite: 21%
[  5%] /data/local/tmp/benchmark/models/classification/mobilenetv2/mobilenetv2/mobilenetv2.tflite: 22%
[  5%] /data/local/tmp/benchmark/models/classification/mobilenetv2/mobilenetv2/mobilenetv2.tflite: 22%
[  5%] /data/local/tmp/benchmark/models/classification/mobilenetv2/mobilenetv2/mobilenetv2.tflite: 22%
[  5%] /data/local/tmp/benchmark/models/classification/mobilenetv2/mobilenetv2/mobilenetv2.tflite: 23%
[  5%] /data/local/tmp/benchmark/models/classification/mobilenetv2/mobilenetv2/mobilenetv2.tflite: 23%
[  5%] /data/local/tmp/benchmark/models/classification/mobilenetv2/mobilenetv2/mobilenetv2.tflite: 24%
[  5%] /data/local/tmp/benchmark/models/classification/mobilenetv2/mobilenetv2/mobilenetv2.tflite: 24%
[  5%] /data/local/tmp/benchmark/models/classification/mobilenetv2/mobilenetv2/mobilenetv2.tflite: 25%
[  5%] /data/local/tmp/benchmark/models/classification/mobilenetv2/mobilenetv2/mobilenetv2.tflite: 25%
[  5%] /data/local/tmp/benchmark/models/classification/mobilenetv2/mobilenetv2/mobilenetv2.tflite: 26%
[  5%] /data/local/tmp/benchmark/models/classification/mobilenetv2/mobilenetv2/mobilenetv2.tflite: 26%
[  5%] /data/local/tmp/benchmark/models/classification/mobilenetv2/mobilenetv2/mobilenetv2.tflite: 27%
[  5%] /data/local/tmp/benchmark/models/classification/mobilenetv2/mobilenetv2/mobilenetv2.tflite: 27%
[  5%] /data/local/tmp/benchmark/models/classification/mobilenetv2/mobilenetv2/mobilenetv2.tflite: 28%
[  5%] /data/local/tmp/benchmark/models/classification/mobilenetv2/mobilenetv2/mobilenetv2.tflite: 28%
[  5%] /data/local/tmp/benchmark/models/classification/mobilenetv2/mobilenetv2/mobilenetv2.tflite: 29%
[  5%] /data/local/tmp/benchmark/models/classification/mobilenetv2/mobilenetv2/mobilenetv2.tflite: 29%
[  5%] /data/local/tmp/benchmark/models/classification/mobilenetv2/mobilenetv2/mobilenetv2.tflite: 30%
[  5%] /data/local/tmp/benchmark/models/classification/mobilenetv2/mobilenetv2/mobilenetv2.tflite: 30%
[  5%] /data/local/tmp/benchmark/models/classification/mobilenetv2/mobilenetv2/mobilenetv2.tflite: 30%
[  5%] /data/local/tmp/benchmark/models/classification/mobilenetv2/mobilenetv2/mobilenetv2.tflite: 31%
[  5%] /data/local/tmp/benchmark/models/classification/mobilenetv2/mobilenetv2/mobilenetv2.tflite: 31%
[  5%] /data/local/tmp/benchmark/models/classification/mobilenetv2/mobilenetv2/mobilenetv2.tflite: 32%
[  5%] /data/local/tmp/benchmark/models/classification/mobilenetv2/mobilenetv2/mobilenetv2.tflite: 32%
[  5%] /data/local/tmp/benchmark/models/classification/mobilenetv2/mobilenetv2/mobilenetv2.tflite: 33%
[  5%] /data/local/tmp/benchmark/models/classification/mobilenetv2/mobilenetv2/mobilenetv2.tflite: 33%
[  5%] /data/local/tmp/benchmark/models/classification/mobilenetv2/mobilenetv2/mobilenetv2.tflite: 34%
[  5%] /data/local/tmp/benchmark/models/classification/mobilenetv2/mobilenetv2/mobilenetv2.tflite: 34%
[  5%] /data/local/tmp/benchmark/models/classification/mobilenetv2/mobilenetv2/mobilenetv2.tflite: 35%
[  5%] /data/local/tmp/benchmark/models/classification/mobilenetv2/mobilenetv2/mobilenetv2.tflite: 35%
[  6%] /data/local/tmp/benchmark/models/classification/mobilenetv2/mobilenetv2/mobilenetv2.tflite: 36%
[  6%] /data/local/tmp/benchmark/models/classification/mobilenetv2/mobilenetv2/mobilenetv2.tflite: 36%
[  6%] /data/local/tmp/benchmark/models/classification/mobilenetv2/mobilenetv2/mobilenetv2.tflite: 37%
[  6%] /data/local/tmp/benchmark/models/classification/mobilenetv2/mobilenetv2/mobilenetv2.tflite: 37%
[  6%] /data/local/tmp/benchmark/models/classification/mobilenetv2/mobilenetv2/mobilenetv2.tflite: 37%
[  6%] /data/local/tmp/benchmark/models/classification/mobilenetv2/mobilenetv2/mobilenetv2.tflite: 38%
[  6%] /data/local/tmp/benchmark/models/classification/mobilenetv2/mobilenetv2/mobilenetv2.tflite: 38%
[  6%] /data/local/tmp/benchmark/models/classification/mobilenetv2/mobilenetv2/mobilenetv2.tflite: 39%
[  6%] /data/local/tmp/benchmark/models/classification/mobilenetv2/mobilenetv2/mobilenetv2.tflite: 39%
[  6%] /data/local/tmp/benchmark/models/classification/mobilenetv2/mobilenetv2/mobilenetv2.tflite: 40%
[  6%] /data/local/tmp/benchmark/models/classification/mobilenetv2/mobilenetv2/mobilenetv2.tflite: 40%
[  6%] /data/local/tmp/benchmark/models/classification/mobilenetv2/mobilenetv2/mobilenetv2.tflite: 41%
[  6%] /data/local/tmp/benchmark/models/classification/mobilenetv2/mobilenetv2/mobilenetv2.tflite: 41%
[  6%] /data/local/tmp/benchmark/models/classification/mobilenetv2/mobilenetv2/mobilenetv2.tflite: 42%
[  6%] /data/local/tmp/benchmark/models/classification/mobilenetv2/mobilenetv2/mobilenetv2.tflite: 42%
[  6%] /data/local/tmp/benchmark/models/classification/mobilenetv2/mobilenetv2/mobilenetv2.tflite: 43%
[  6%] /data/local/tmp/benchmark/models/classification/mobilenetv2/mobilenetv2/mobilenetv2.tflite: 43%
[  6%] /data/local/tmp/benchmark/models/classification/mobilenetv2/mobilenetv2/mobilenetv2.tflite: 44%
[  6%] /data/local/tmp/benchmark/models/classification/mobilenetv2/mobilenetv2/mobilenetv2.tflite: 44%
[  6%] /data/local/tmp/benchmark/models/classification/mobilenetv2/mobilenetv2/mobilenetv2.tflite: 45%
[  6%] /data/local/tmp/benchmark/models/classification/mobilenetv2/mobilenetv2/mobilenetv2.tflite: 45%
[  6%] /data/local/tmp/benchmark/models/classification/mobilenetv2/mobilenetv2/mobilenetv2.tflite: 45%
[  6%] /data/local/tmp/benchmark/models/classification/mobilenetv2/mobilenetv2/mobilenetv2.tflite: 46%
[  6%] /data/local/tmp/benchmark/models/classification/mobilenetv2/mobilenetv2/mobilenetv2.tflite: 46%
[  6%] /data/local/tmp/benchmark/models/classification/mobilenetv2/mobilenetv2/mobilenetv2.tflite: 47%
[  6%] /data/local/tmp/benchmark/models/classification/mobilenetv2/mobilenetv2/mobilenetv2.tflite: 47%
[  6%] /data/local/tmp/benchmark/models/classification/mobilenetv2/mobilenetv2/mobilenetv2.tflite: 48%
[  6%] /data/local/tmp/benchmark/models/classification/mobilenetv2/mobilenetv2/mobilenetv2.tflite: 48%
[  6%] /data/local/tmp/benchmark/models/classification/mobilenetv2/mobilenetv2/mobilenetv2.tflite: 49%
[  6%] /data/local/tmp/benchmark/models/classification/mobilenetv2/mobilenetv2/mobilenetv2.tflite: 49%
[  6%] /data/local/tmp/benchmark/models/classification/mobilenetv2/mobilenetv2/mobilenetv2.tflite: 50%
[  6%] /data/local/tmp/benchmark/models/classification/mobilenetv2/mobilenetv2/mobilenetv2.tflite: 50%
[  6%] /data/local/tmp/benchmark/models/classification/mobilenetv2/mobilenetv2/mobilenetv2.tflite: 51%
[  6%] /data/local/tmp/benchmark/models/classification/mobilenetv2/mobilenetv2/mobilenetv2.tflite: 51%
[  6%] /data/local/tmp/benchmark/models/classification/mobilenetv2/mobilenetv2/mobilenetv2.tflite: 52%
[  6%] /data/local/tmp/benchmark/models/classification/mobilenetv2/mobilenetv2/mobilenetv2.tflite: 52%
[  6%] /data/local/tmp/benchmark/models/classification/mobilenetv2/mobilenetv2/mobilenetv2.tflite: 52%
[  6%] /data/local/tmp/benchmark/models/classification/mobilenetv2/mobilenetv2/mobilenetv2.tflite: 53%
[  6%] /data/local/tmp/benchmark/models/classification/mobilenetv2/mobilenetv2/mobilenetv2.tflite: 53%
[  6%] /data/local/tmp/benchmark/models/classification/mobilenetv2/mobilenetv2/mobilenetv2.tflite: 54%
[  6%] /data/local/tmp/benchmark/models/classification/mobilenetv2/mobilenetv2/mobilenetv2.tflite: 54%
[  6%] /data/local/tmp/benchmark/models/classification/mobilenetv2/mobilenetv2/mobilenetv2.tflite: 55%
[  6%] /data/local/tmp/benchmark/models/classification/mobilenetv2/mobilenetv2/mobilenetv2.tflite: 55%
[  6%] /data/local/tmp/benchmark/models/classification/mobilenetv2/mobilenetv2/mobilenetv2.tflite: 56%
[  6%] /data/local/tmp/benchmark/models/classification/mobilenetv2/mobilenetv2/mobilenetv2.tflite: 56%
[  6%] /data/local/tmp/benchmark/models/classification/mobilenetv2/mobilenetv2/mobilenetv2.tflite: 57%
[  6%] /data/local/tmp/benchmark/models/classification/mobilenetv2/mobilenetv2/mobilenetv2.tflite: 57%
[  6%] /data/local/tmp/benchmark/models/classification/mobilenetv2/mobilenetv2/mobilenetv2.tflite: 58%
[  7%] /data/local/tmp/benchmark/models/classification/mobilenetv2/mobilenetv2/mobilenetv2.tflite: 58%
[  7%] /data/local/tmp/benchmark/models/classification/mobilenetv2/mobilenetv2/mobilenetv2.tflite: 59%
[  7%] /data/local/tmp/benchmark/models/classification/mobilenetv2/mobilenetv2/mobilenetv2.tflite: 59%
[  7%] /data/local/tmp/benchmark/models/classification/mobilenetv2/mobilenetv2/mobilenetv2.tflite: 60%
[  7%] /data/local/tmp/benchmark/models/classification/mobilenetv2/mobilenetv2/mobilenetv2.tflite: 60%
[  7%] /data/local/tmp/benchmark/models/classification/mobilenetv2/mobilenetv2/mobilenetv2.tflite: 60%
[  7%] /data/local/tmp/benchmark/models/classification/mobilenetv2/mobilenetv2/mobilenetv2.tflite: 61%
[  7%] /data/local/tmp/benchmark/models/classification/mobilenetv2/mobilenetv2/mobilenetv2.tflite: 61%
[  7%] /data/local/tmp/benchmark/models/classification/mobilenetv2/mobilenetv2/mobilenetv2.tflite: 62%
[  7%] /data/local/tmp/benchmark/models/classification/mobilenetv2/mobilenetv2/mobilenetv2.tflite: 62%
[  7%] /data/local/tmp/benchmark/models/classification/mobilenetv2/mobilenetv2/mobilenetv2.tflite: 63%
[  7%] /data/local/tmp/benchmark/models/classification/mobilenetv2/mobilenetv2/mobilenetv2.tflite: 63%
[  7%] /data/local/tmp/benchmark/models/classification/mobilenetv2/mobilenetv2/mobilenetv2.tflite: 64%
[  7%] /data/local/tmp/benchmark/models/classification/mobilenetv2/mobilenetv2/mobilenetv2.tflite: 64%
[  7%] /data/local/tmp/benchmark/models/classification/mobilenetv2/mobilenetv2/mobilenetv2.tflite: 65%
[  7%] /data/local/tmp/benchmark/models/classification/mobilenetv2/mobilenetv2/mobilenetv2.tflite: 65%
[  7%] /data/local/tmp/benchmark/models/classification/mobilenetv2/mobilenetv2/mobilenetv2.tflite: 66%
[  7%] /data/local/tmp/benchmark/models/classification/mobilenetv2/mobilenetv2/mobilenetv2.tflite: 66%
[  7%] /data/local/tmp/benchmark/models/classification/mobilenetv2/mobilenetv2/mobilenetv2.tflite: 67%
[  7%] /data/local/tmp/benchmark/models/classification/mobilenetv2/mobilenetv2/mobilenetv2.tflite: 67%
[  7%] /data/local/tmp/benchmark/models/classification/mobilenetv2/mobilenetv2/mobilenetv2.tflite: 67%
[  7%] /data/local/tmp/benchmark/models/classification/mobilenetv2/mobilenetv2/mobilenetv2.tflite: 68%
[  7%] /data/local/tmp/benchmark/models/classification/mobilenetv2/mobilenetv2/mobilenetv2.tflite: 68%
[  7%] /data/local/tmp/benchmark/models/classification/mobilenetv2/mobilenetv2/mobilenetv2.tflite: 69%
[  7%] /data/local/tmp/benchmark/models/classification/mobilenetv2/mobilenetv2/mobilenetv2.tflite: 69%
[  7%] /data/local/tmp/benchmark/models/classification/mobilenetv2/mobilenetv2/mobilenetv2.tflite: 70%
[  7%] /data/local/tmp/benchmark/models/classification/mobilenetv2/mobilenetv2/mobilenetv2.tflite: 70%
[  7%] /data/local/tmp/benchmark/models/classification/mobilenetv2/mobilenetv2/mobilenetv2.tflite: 71%
[  7%] /data/local/tmp/benchmark/models/classification/mobilenetv2/mobilenetv2/mobilenetv2.tflite: 71%
[  7%] /data/local/tmp/benchmark/models/classification/mobilenetv2/mobilenetv2/mobilenetv2.tflite: 72%
[  7%] /data/local/tmp/benchmark/models/classification/mobilenetv2/mobilenetv2/mobilenetv2.tflite: 72%
[  7%] /data/local/tmp/benchmark/models/classification/mobilenetv2/mobilenetv2/mobilenetv2.tflite: 73%
[  7%] /data/local/tmp/benchmark/models/classification/mobilenetv2/mobilenetv2/mobilenetv2.tflite: 73%
[  7%] /data/local/tmp/benchmark/models/classification/mobilenetv2/mobilenetv2/mobilenetv2.tflite: 74%
[  7%] /data/local/tmp/benchmark/models/classification/mobilenetv2/mobilenetv2/mobilenetv2.tflite: 74%
[  7%] /data/local/tmp/benchmark/models/classification/mobilenetv2/mobilenetv2/mobilenetv2.tflite: 75%
[  7%] /data/local/tmp/benchmark/models/classification/mobilenetv2/mobilenetv2/mobilenetv2.tflite: 75%
[  7%] /data/local/tmp/benchmark/models/classification/mobilenetv2/mobilenetv2/mobilenetv2.tflite: 75%
[  7%] /data/local/tmp/benchmark/models/classification/mobilenetv2/mobilenetv2/mobilenetv2.tflite: 76%
[  7%] /data/local/tmp/benchmark/models/classification/mobilenetv2/mobilenetv2/mobilenetv2.tflite: 76%
[  7%] /data/local/tmp/benchmark/models/classification/mobilenetv2/mobilenetv2/mobilenetv2.tflite: 77%
[  7%] /data/local/tmp/benchmark/models/classification/mobilenetv2/mobilenetv2/mobilenetv2.tflite: 77%
[  7%] /data/local/tmp/benchmark/models/classification/mobilenetv2/mobilenetv2/mobilenetv2.tflite: 78%
[  7%] /data/local/tmp/benchmark/models/classification/mobilenetv2/mobilenetv2/mobilenetv2.tflite: 78%
[  7%] /data/local/tmp/benchmark/models/classification/mobilenetv2/mobilenetv2/mobilenetv2.tflite: 79%
[  7%] /data/local/tmp/benchmark/models/classification/mobilenetv2/mobilenetv2/mobilenetv2.tflite: 79%
[  7%] /data/local/tmp/benchmark/models/classification/mobilenetv2/mobilenetv2/mobilenetv2.tflite: 80%
[  7%] /data/local/tmp/benchmark/models/classification/mobilenetv2/mobilenetv2/mobilenetv2.tflite: 80%
[  7%] /data/local/tmp/benchmark/models/classification/mobilenetv2/mobilenetv2/mobilenetv2.tflite: 81%
[  8%] /data/local/tmp/benchmark/models/classification/mobilenetv2/mobilenetv2/mobilenetv2.tflite: 81%
[  8%] /data/local/tmp/benchmark/models/classification/mobilenetv2/mobilenetv2/mobilenetv2.tflite: 82%
[  8%] /data/local/tmp/benchmark/models/classification/mobilenetv2/mobilenetv2/mobilenetv2.tflite: 82%
[  8%] /data/local/tmp/benchmark/models/classification/mobilenetv2/mobilenetv2/mobilenetv2.tflite: 82%
[  8%] /data/local/tmp/benchmark/models/classification/mobilenetv2/mobilenetv2/mobilenetv2.tflite: 83%
[  8%] /data/local/tmp/benchmark/models/classification/mobilenetv2/mobilenetv2/mobilenetv2.tflite: 83%
[  8%] /data/local/tmp/benchmark/models/classification/mobilenetv2/mobilenetv2/mobilenetv2.tflite: 84%
[  8%] /data/local/tmp/benchmark/models/classification/mobilenetv2/mobilenetv2/mobilenetv2.tflite: 84%
[  8%] /data/local/tmp/benchmark/models/classification/mobilenetv2/mobilenetv2/mobilenetv2.tflite: 85%
[  8%] /data/local/tmp/benchmark/models/classification/mobilenetv2/mobilenetv2/mobilenetv2.tflite: 85%
[  8%] /data/local/tmp/benchmark/models/classification/mobilenetv2/mobilenetv2/mobilenetv2.tflite: 86%
[  8%] /data/local/tmp/benchmark/models/classification/mobilenetv2/mobilenetv2/mobilenetv2.tflite: 86%
[  8%] /data/local/tmp/benchmark/models/classification/mobilenetv2/mobilenetv2/mobilenetv2.tflite: 87%
[  8%] /data/local/tmp/benchmark/models/classification/mobilenetv2/mobilenetv2/mobilenetv2.tflite: 87%
[  8%] /data/local/tmp/benchmark/models/classification/mobilenetv2/mobilenetv2/mobilenetv2.tflite: 88%
[  8%] /data/local/tmp/benchmark/models/classification/mobilenetv2/mobilenetv2/mobilenetv2.tflite: 88%
[  8%] /data/local/tmp/benchmark/models/classification/mobilenetv2/mobilenetv2/mobilenetv2.tflite: 89%
[  8%] /data/local/tmp/benchmark/models/classification/mobilenetv2/mobilenetv2/mobilenetv2.tflite: 89%
[  8%] /data/local/tmp/benchmark/models/classification/mobilenetv2/mobilenetv2/mobilenetv2.tflite: 90%
[  8%] /data/local/tmp/benchmark/models/classification/mobilenetv2/mobilenetv2/mobilenetv2.tflite: 90%
[  8%] /data/local/tmp/benchmark/models/classification/mobilenetv2/mobilenetv2/mobilenetv2.tflite: 90%
[  8%] /data/local/tmp/benchmark/models/classification/mobilenetv2/mobilenetv2/mobilenetv2.tflite: 91%
[  8%] /data/local/tmp/benchmark/models/classification/mobilenetv2/mobilenetv2/mobilenetv2.tflite: 91%
[  8%] /data/local/tmp/benchmark/models/classification/mobilenetv2/mobilenetv2/mobilenetv2.tflite: 92%
[  8%] /data/local/tmp/benchmark/models/classification/mobilenetv2/mobilenetv2/mobilenetv2.tflite: 92%
[  8%] /data/local/tmp/benchmark/models/classification/mobilenetv2/mobilenetv2/mobilenetv2.tflite: 93%
[  8%] /data/local/tmp/benchmark/models/classification/mobilenetv2/mobilenetv2/mobilenetv2.tflite: 93%
[  8%] /data/local/tmp/benchmark/models/classification/mobilenetv2/mobilenetv2/mobilenetv2.tflite: 94%
[  8%] /data/local/tmp/benchmark/models/classification/mobilenetv2/mobilenetv2/mobilenetv2.tflite: 94%
[  8%] /data/local/tmp/benchmark/models/classification/mobilenetv2/mobilenetv2/mobilenetv2.tflite: 95%
[  8%] /data/local/tmp/benchmark/models/classification/mobilenetv2/mobilenetv2/mobilenetv2.tflite: 95%
[  8%] /data/local/tmp/benchmark/models/classification/mobilenetv2/mobilenetv2/mobilenetv2.tflite: 96%
[  8%] /data/local/tmp/benchmark/models/classification/mobilenetv2/mobilenetv2/mobilenetv2.tflite: 96%
[  8%] /data/local/tmp/benchmark/models/classification/mobilenetv2/mobilenetv2/mobilenetv2.tflite: 97%
[  8%] /data/local/tmp/benchmark/models/classification/mobilenetv2/mobilenetv2/mobilenetv2.tflite: 97%
[  8%] /data/local/tmp/benchmark/models/classification/mobilenetv2/mobilenetv2/mobilenetv2.tflite: 97%
[  8%] /data/local/tmp/benchmark/models/classification/mobilenetv2/mobilenetv2/mobilenetv2.tflite: 98%
[  8%] /data/local/tmp/benchmark/models/classification/mobilenetv2/mobilenetv2/mobilenetv2.tflite: 98%
[  8%] /data/local/tmp/benchmark/models/classification/mobilenetv2/mobilenetv2/mobilenetv2.tflite: 99%
[  8%] /data/local/tmp/benchmark/models/classification/mobilenetv2/mobilenetv2/mobilenetv2.tflite: 99%
[  8%] /data/local/tmp/benchmark/models/classification/mobilenetv2/mobilenetv2/mobilenetv2.tflite: 100%
[  8%] /data/local/tmp/benchmark/models/classification/mobilenetv2/mobilenetv2/mobilenet_v2_1.0_224.ckpt.data-00000-of-00001: 0%
[  8%] /data/local/tmp/benchmark/models/classification/mobilenetv2/mobilenetv2/mobilenet_v2_1.0_224.ckpt.data-00000-of-00001: 0%
[  8%] /data/local/tmp/benchmark/models/classification/mobilenetv2/mobilenetv2/mobilenet_v2_1.0_224.ckpt.data-00000-of-00001: 0%
[  8%] /data/local/tmp/benchmark/models/classification/mobilenetv2/mobilenetv2/mobilenet_v2_1.0_224.ckpt.data-00000-of-00001: 0%
[  8%] /data/local/tmp/benchmark/models/classification/mobilenetv2/mobilenetv2/mobilenet_v2_1.0_224.ckpt.data-00000-of-00001: 0%
[  8%] /data/local/tmp/benchmark/models/classification/mobilenetv2/mobilenetv2/mobilenet_v2_1.0_224.ckpt.data-00000-of-00001: 0%
[  8%] /data/local/tmp/benchmark/models/classification/mobilenetv2/mobilenetv2/mobilenet_v2_1.0_224.ckpt.data-00000-of-00001: 0%
[  8%] /data/local/tmp/benchmark/models/classification/mobilenetv2/mobilenetv2/mobilenet_v2_1.0_224.ckpt.data-00000-of-00001: 0%
[  9%] /data/local/tmp/benchmark/models/classification/mobilenetv2/mobilenetv2/mobilenet_v2_1.0_224.ckpt.data-00000-of-00001: 1%
[  9%] /data/local/tmp/benchmark/models/classification/mobilenetv2/mobilenetv2/mobilenet_v2_1.0_224.ckpt.data-00000-of-00001: 1%
[  9%] /data/local/tmp/benchmark/models/classification/mobilenetv2/mobilenetv2/mobilenet_v2_1.0_224.ckpt.data-00000-of-00001: 1%
[  9%] /data/local/tmp/benchmark/models/classification/mobilenetv2/mobilenetv2/mobilenet_v2_1.0_224.ckpt.data-00000-of-00001: 1%
[  9%] /data/local/tmp/benchmark/models/classification/mobilenetv2/mobilenetv2/mobilenet_v2_1.0_224.ckpt.data-00000-of-00001: 1%
[  9%] /data/local/tmp/benchmark/models/classification/mobilenetv2/mobilenetv2/mobilenet_v2_1.0_224.ckpt.data-00000-of-00001: 1%
[  9%] /data/local/tmp/benchmark/models/classification/mobilenetv2/mobilenetv2/mobilenet_v2_1.0_224.ckpt.data-00000-of-00001: 1%
[  9%] /data/local/tmp/benchmark/models/classification/mobilenetv2/mobilenetv2/mobilenet_v2_1.0_224.ckpt.data-00000-of-00001: 1%
[  9%] /data/local/tmp/benchmark/models/classification/mobilenetv2/mobilenetv2/mobilenet_v2_1.0_224.ckpt.data-00000-of-00001: 1%
[  9%] /data/local/tmp/benchmark/models/classification/mobilenetv2/mobilenetv2/mobilenet_v2_1.0_224.ckpt.data-00000-of-00001: 2%
[  9%] /data/local/tmp/benchmark/models/classification/mobilenetv2/mobilenetv2/mobilenet_v2_1.0_224.ckpt.data-00000-of-00001: 2%
[  9%] /data/local/tmp/benchmark/models/classification/mobilenetv2/mobilenetv2/mobilenet_v2_1.0_224.ckpt.data-00000-of-00001: 2%
[  9%] /data/local/tmp/benchmark/models/classification/mobilenetv2/mobilenetv2/mobilenet_v2_1.0_224.ckpt.data-00000-of-00001: 2%
[  9%] /data/local/tmp/benchmark/models/classification/mobilenetv2/mobilenetv2/mobilenet_v2_1.0_224.ckpt.data-00000-of-00001: 2%
[  9%] /data/local/tmp/benchmark/models/classification/mobilenetv2/mobilenetv2/mobilenet_v2_1.0_224.ckpt.data-00000-of-00001: 2%
[  9%] /data/local/tmp/benchmark/models/classification/mobilenetv2/mobilenetv2/mobilenet_v2_1.0_224.ckpt.data-00000-of-00001: 2%
[  9%] /data/local/tmp/benchmark/models/classification/mobilenetv2/mobilenetv2/mobilenet_v2_1.0_224.ckpt.data-00000-of-00001: 2%
[  9%] /data/local/tmp/benchmark/models/classification/mobilenetv2/mobilenetv2/mobilenet_v2_1.0_224.ckpt.data-00000-of-00001: 3%
[  9%] /data/local/tmp/benchmark/models/classification/mobilenetv2/mobilenetv2/mobilenet_v2_1.0_224.ckpt.data-00000-of-00001: 3%
[  9%] /data/local/tmp/benchmark/models/classification/mobilenetv2/mobilenetv2/mobilenet_v2_1.0_224.ckpt.data-00000-of-00001: 3%
[  9%] /data/local/tmp/benchmark/models/classification/mobilenetv2/mobilenetv2/mobilenet_v2_1.0_224.ckpt.data-00000-of-00001: 3%
[  9%] /data/local/tmp/benchmark/models/classification/mobilenetv2/mobilenetv2/mobilenet_v2_1.0_224.ckpt.data-00000-of-00001: 3%
[  9%] /data/local/tmp/benchmark/models/classification/mobilenetv2/mobilenetv2/mobilenet_v2_1.0_224.ckpt.data-00000-of-00001: 3%
[  9%] /data/local/tmp/benchmark/models/classification/mobilenetv2/mobilenetv2/mobilenet_v2_1.0_224.ckpt.data-00000-of-00001: 3%
[  9%] /data/local/tmp/benchmark/models/classification/mobilenetv2/mobilenetv2/mobilenet_v2_1.0_224.ckpt.data-00000-of-00001: 3%
[  9%] /data/local/tmp/benchmark/models/classification/mobilenetv2/mobilenetv2/mobilenet_v2_1.0_224.ckpt.data-00000-of-00001: 3%
[  9%] /data/local/tmp/benchmark/models/classification/mobilenetv2/mobilenetv2/mobilenet_v2_1.0_224.ckpt.data-00000-of-00001: 4%
[  9%] /data/local/tmp/benchmark/models/classification/mobilenetv2/mobilenetv2/mobilenet_v2_1.0_224.ckpt.data-00000-of-00001: 4%
[  9%] /data/local/tmp/benchmark/models/classification/mobilenetv2/mobilenetv2/mobilenet_v2_1.0_224.ckpt.data-00000-of-00001: 4%
[  9%] /data/local/tmp/benchmark/models/classification/mobilenetv2/mobilenetv2/mobilenet_v2_1.0_224.ckpt.data-00000-of-00001: 4%
[  9%] /data/local/tmp/benchmark/models/classification/mobilenetv2/mobilenetv2/mobilenet_v2_1.0_224.ckpt.data-00000-of-00001: 4%
[  9%] /data/local/tmp/benchmark/models/classification/mobilenetv2/mobilenetv2/mobilenet_v2_1.0_224.ckpt.data-00000-of-00001: 4%
[  9%] /data/local/tmp/benchmark/models/classification/mobilenetv2/mobilenetv2/mobilenet_v2_1.0_224.ckpt.data-00000-of-00001: 4%
[  9%] /data/local/tmp/benchmark/models/classification/mobilenetv2/mobilenetv2/mobilenet_v2_1.0_224.ckpt.data-00000-of-00001: 4%
[  9%] /data/local/tmp/benchmark/models/classification/mobilenetv2/mobilenetv2/mobilenet_v2_1.0_224.ckpt.data-00000-of-00001: 5%
[  9%] /data/local/tmp/benchmark/models/classification/mobilenetv2/mobilenetv2/mobilenet_v2_1.0_224.ckpt.data-00000-of-00001: 5%
[  9%] /data/local/tmp/benchmark/models/classification/mobilenetv2/mobilenetv2/mobilenet_v2_1.0_224.ckpt.data-00000-of-00001: 5%
[  9%] /data/local/tmp/benchmark/models/classification/mobilenetv2/mobilenetv2/mobilenet_v2_1.0_224.ckpt.data-00000-of-00001: 5%
[  9%] /data/local/tmp/benchmark/models/classification/mobilenetv2/mobilenetv2/mobilenet_v2_1.0_224.ckpt.data-00000-of-00001: 5%
[  9%] /data/local/tmp/benchmark/models/classification/mobilenetv2/mobilenetv2/mobilenet_v2_1.0_224.ckpt.data-00000-of-00001: 5%
[  9%] /data/local/tmp/benchmark/models/classification/mobilenetv2/mobilenetv2/mobilenet_v2_1.0_224.ckpt.data-00000-of-00001: 5%
[  9%] /data/local/tmp/benchmark/models/classification/mobilenetv2/mobilenetv2/mobilenet_v2_1.0_224.ckpt.data-00000-of-00001: 5%
[  9%] /data/local/tmp/benchmark/models/classification/mobilenetv2/mobilenetv2/mobilenet_v2_1.0_224.ckpt.data-00000-of-00001: 5%
[  9%] /data/local/tmp/benchmark/models/classification/mobilenetv2/mobilenetv2/mobilenet_v2_1.0_224.ckpt.data-00000-of-00001: 6%
[  9%] /data/local/tmp/benchmark/models/classification/mobilenetv2/mobilenetv2/mobilenet_v2_1.0_224.ckpt.data-00000-of-00001: 6%
[  9%] /data/local/tmp/benchmark/models/classification/mobilenetv2/mobilenetv2/mobilenet_v2_1.0_224.ckpt.data-00000-of-00001: 6%
[  9%] /data/local/tmp/benchmark/models/classification/mobilenetv2/mobilenetv2/mobilenet_v2_1.0_224.ckpt.data-00000-of-00001: 6%
[  9%] /data/local/tmp/benchmark/models/classification/mobilenetv2/mobilenetv2/mobilenet_v2_1.0_224.ckpt.data-00000-of-00001: 6%
[ 10%] /data/local/tmp/benchmark/models/classification/mobilenetv2/mobilenetv2/mobilenet_v2_1.0_224.ckpt.data-00000-of-00001: 6%
[ 10%] /data/local/tmp/benchmark/models/classification/mobilenetv2/mobilenetv2/mobilenet_v2_1.0_224.ckpt.data-00000-of-00001: 6%
[ 10%] /data/local/tmp/benchmark/models/classification/mobilenetv2/mobilenetv2/mobilenet_v2_1.0_224.ckpt.data-00000-of-00001: 6%
[ 10%] /data/local/tmp/benchmark/models/classification/mobilenetv2/mobilenetv2/mobilenet_v2_1.0_224.ckpt.data-00000-of-00001: 6%
[ 10%] /data/local/tmp/benchmark/models/classification/mobilenetv2/mobilenetv2/mobilenet_v2_1.0_224.ckpt.data-00000-of-00001: 7%
[ 10%] /data/local/tmp/benchmark/models/classification/mobilenetv2/mobilenetv2/mobilenet_v2_1.0_224.ckpt.data-00000-of-00001: 7%
[ 10%] /data/local/tmp/benchmark/models/classification/mobilenetv2/mobilenetv2/mobilenet_v2_1.0_224.ckpt.data-00000-of-00001: 7%
[ 10%] /data/local/tmp/benchmark/models/classification/mobilenetv2/mobilenetv2/mobilenet_v2_1.0_224.ckpt.data-00000-of-00001: 7%
[ 10%] /data/local/tmp/benchmark/models/classification/mobilenetv2/mobilenetv2/mobilenet_v2_1.0_224.ckpt.data-00000-of-00001: 7%
[ 10%] /data/local/tmp/benchmark/models/classification/mobilenetv2/mobilenetv2/mobilenet_v2_1.0_224.ckpt.data-00000-of-00001: 7%
[ 10%] /data/local/tmp/benchmark/models/classification/mobilenetv2/mobilenetv2/mobilenet_v2_1.0_224.ckpt.data-00000-of-00001: 7%
[ 10%] /data/local/tmp/benchmark/models/classification/mobilenetv2/mobilenetv2/mobilenet_v2_1.0_224.ckpt.data-00000-of-00001: 7%
[ 10%] /data/local/tmp/benchmark/models/classification/mobilenetv2/mobilenetv2/mobilenet_v2_1.0_224.ckpt.data-00000-of-00001: 8%
[ 10%] /data/local/tmp/benchmark/models/classification/mobilenetv2/mobilenetv2/mobilenet_v2_1.0_224.ckpt.data-00000-of-00001: 8%
[ 10%] /data/local/tmp/benchmark/models/classification/mobilenetv2/mobilenetv2/mobilenet_v2_1.0_224.ckpt.data-00000-of-00001: 8%
[ 10%] /data/local/tmp/benchmark/models/classification/mobilenetv2/mobilenetv2/mobilenet_v2_1.0_224.ckpt.data-00000-of-00001: 8%
[ 10%] /data/local/tmp/benchmark/models/classification/mobilenetv2/mobilenetv2/mobilenet_v2_1.0_224.ckpt.data-00000-of-00001: 8%
[ 10%] /data/local/tmp/benchmark/models/classification/mobilenetv2/mobilenetv2/mobilenet_v2_1.0_224.ckpt.data-00000-of-00001: 8%
[ 10%] /data/local/tmp/benchmark/models/classification/mobilenetv2/mobilenetv2/mobilenet_v2_1.0_224.ckpt.data-00000-of-00001: 8%
[ 10%] /data/local/tmp/benchmark/models/classification/mobilenetv2/mobilenetv2/mobilenet_v2_1.0_224.ckpt.data-00000-of-00001: 8%
[ 10%] /data/local/tmp/benchmark/models/classification/mobilenetv2/mobilenetv2/mobilenet_v2_1.0_224.ckpt.data-00000-of-00001: 8%
[ 10%] /data/local/tmp/benchmark/models/classification/mobilenetv2/mobilenetv2/mobilenet_v2_1.0_224.ckpt.data-00000-of-00001: 9%
[ 10%] /data/local/tmp/benchmark/models/classification/mobilenetv2/mobilenetv2/mobilenet_v2_1.0_224.ckpt.data-00000-of-00001: 9%
[ 10%] /data/local/tmp/benchmark/models/classification/mobilenetv2/mobilenetv2/mobilenet_v2_1.0_224.ckpt.data-00000-of-00001: 9%
[ 10%] /data/local/tmp/benchmark/models/classification/mobilenetv2/mobilenetv2/mobilenet_v2_1.0_224.ckpt.data-00000-of-00001: 9%
[ 10%] /data/local/tmp/benchmark/models/classification/mobilenetv2/mobilenetv2/mobilenet_v2_1.0_224.ckpt.data-00000-of-00001: 9%
[ 10%] /data/local/tmp/benchmark/models/classification/mobilenetv2/mobilenetv2/mobilenet_v2_1.0_224.ckpt.data-00000-of-00001: 9%
[ 10%] /data/local/tmp/benchmark/models/classification/mobilenetv2/mobilenetv2/mobilenet_v2_1.0_224.ckpt.data-00000-of-00001: 9%
[ 10%] /data/local/tmp/benchmark/models/classification/mobilenetv2/mobilenetv2/mobilenet_v2_1.0_224.ckpt.data-00000-of-00001: 9%
[ 10%] /data/local/tmp/benchmark/models/classification/mobilenetv2/mobilenetv2/mobilenet_v2_1.0_224.ckpt.data-00000-of-00001: 10%
[ 10%] /data/local/tmp/benchmark/models/classification/mobilenetv2/mobilenetv2/mobilenet_v2_1.0_224.ckpt.data-00000-of-00001: 10%
[ 10%] /data/local/tmp/benchmark/models/classification/mobilenetv2/mobilenetv2/mobilenet_v2_1.0_224.ckpt.data-00000-of-00001: 10%
[ 10%] /data/local/tmp/benchmark/models/classification/mobilenetv2/mobilenetv2/mobilenet_v2_1.0_224.ckpt.data-00000-of-00001: 10%
[ 10%] /data/local/tmp/benchmark/models/classification/mobilenetv2/mobilenetv2/mobilenet_v2_1.0_224.ckpt.data-00000-of-00001: 10%
[ 10%] /data/local/tmp/benchmark/models/classification/mobilenetv2/mobilenetv2/mobilenet_v2_1.0_224.ckpt.data-00000-of-00001: 10%
[ 10%] /data/local/tmp/benchmark/models/classification/mobilenetv2/mobilenetv2/mobilenet_v2_1.0_224.ckpt.data-00000-of-00001: 10%
[ 10%] /data/local/tmp/benchmark/models/classification/mobilenetv2/mobilenetv2/mobilenet_v2_1.0_224.ckpt.data-00000-of-00001: 10%
[ 10%] /data/local/tmp/benchmark/models/classification/mobilenetv2/mobilenetv2/mobilenet_v2_1.0_224.ckpt.data-00000-of-00001: 10%
[ 10%] /data/local/tmp/benchmark/models/classification/mobilenetv2/mobilenetv2/mobilenet_v2_1.0_224.ckpt.data-00000-of-00001: 11%
[ 10%] /data/local/tmp/benchmark/models/classification/mobilenetv2/mobilenetv2/mobilenet_v2_1.0_224.ckpt.data-00000-of-00001: 11%
[ 10%] /data/local/tmp/benchmark/models/classification/mobilenetv2/mobilenetv2/mobilenet_v2_1.0_224.ckpt.data-00000-of-00001: 11%
[ 10%] /data/local/tmp/benchmark/models/classification/mobilenetv2/mobilenetv2/mobilenet_v2_1.0_224.ckpt.data-00000-of-00001: 11%
[ 10%] /data/local/tmp/benchmark/models/classification/mobilenetv2/mobilenetv2/mobilenet_v2_1.0_224.ckpt.data-00000-of-00001: 11%
[ 10%] /data/local/tmp/benchmark/models/classification/mobilenetv2/mobilenetv2/mobilenet_v2_1.0_224.ckpt.data-00000-of-00001: 11%
[ 10%] /data/local/tmp/benchmark/models/classification/mobilenetv2/mobilenetv2/mobilenet_v2_1.0_224.ckpt.data-00000-of-00001: 11%
[ 10%] /data/local/tmp/benchmark/models/classification/mobilenetv2/mobilenetv2/mobilenet_v2_1.0_224.ckpt.data-00000-of-00001: 11%
[ 10%] /data/local/tmp/benchmark/models/classification/mobilenetv2/mobilenetv2/mobilenet_v2_1.0_224.ckpt.data-00000-of-00001: 12%
[ 10%] /data/local/tmp/benchmark/models/classification/mobilenetv2/mobilenetv2/mobilenet_v2_1.0_224.ckpt.data-00000-of-00001: 12%
[ 11%] /data/local/tmp/benchmark/models/classification/mobilenetv2/mobilenetv2/mobilenet_v2_1.0_224.ckpt.data-00000-of-00001: 12%
[ 11%] /data/local/tmp/benchmark/models/classification/mobilenetv2/mobilenetv2/mobilenet_v2_1.0_224.ckpt.data-00000-of-00001: 12%
[ 11%] /data/local/tmp/benchmark/models/classification/mobilenetv2/mobilenetv2/mobilenet_v2_1.0_224.ckpt.data-00000-of-00001: 12%
[ 11%] /data/local/tmp/benchmark/models/classification/mobilenetv2/mobilenetv2/mobilenet_v2_1.0_224.ckpt.data-00000-of-00001: 12%
[ 11%] /data/local/tmp/benchmark/models/classification/mobilenetv2/mobilenetv2/mobilenet_v2_1.0_224.ckpt.data-00000-of-00001: 12%
[ 11%] /data/local/tmp/benchmark/models/classification/mobilenetv2/mobilenetv2/mobilenet_v2_1.0_224.ckpt.data-00000-of-00001: 12%
[ 11%] /data/local/tmp/benchmark/models/classification/mobilenetv2/mobilenetv2/mobilenet_v2_1.0_224.ckpt.data-00000-of-00001: 12%
[ 11%] /data/local/tmp/benchmark/models/classification/mobilenetv2/mobilenetv2/mobilenet_v2_1.0_224.ckpt.data-00000-of-00001: 13%
[ 11%] /data/local/tmp/benchmark/models/classification/mobilenetv2/mobilenetv2/mobilenet_v2_1.0_224.ckpt.data-00000-of-00001: 13%
[ 11%] /data/local/tmp/benchmark/models/classification/mobilenetv2/mobilenetv2/mobilenet_v2_1.0_224.ckpt.data-00000-of-00001: 13%
[ 11%] /data/local/tmp/benchmark/models/classification/mobilenetv2/mobilenetv2/mobilenet_v2_1.0_224.ckpt.data-00000-of-00001: 13%
[ 11%] /data/local/tmp/benchmark/models/classification/mobilenetv2/mobilenetv2/mobilenet_v2_1.0_224.ckpt.data-00000-of-00001: 13%
[ 11%] /data/local/tmp/benchmark/models/classification/mobilenetv2/mobilenetv2/mobilenet_v2_1.0_224.ckpt.data-00000-of-00001: 13%
[ 11%] /data/local/tmp/benchmark/models/classification/mobilenetv2/mobilenetv2/mobilenet_v2_1.0_224.ckpt.data-00000-of-00001: 13%
[ 11%] /data/local/tmp/benchmark/models/classification/mobilenetv2/mobilenetv2/mobilenet_v2_1.0_224.ckpt.data-00000-of-00001: 13%
[ 11%] /data/local/tmp/benchmark/models/classification/mobilenetv2/mobilenetv2/mobilenet_v2_1.0_224.ckpt.data-00000-of-00001: 13%
[ 11%] /data/local/tmp/benchmark/models/classification/mobilenetv2/mobilenetv2/mobilenet_v2_1.0_224.ckpt.data-00000-of-00001: 14%
[ 11%] /data/local/tmp/benchmark/models/classification/mobilenetv2/mobilenetv2/mobilenet_v2_1.0_224.ckpt.data-00000-of-00001: 14%
[ 11%] /data/local/tmp/benchmark/models/classification/mobilenetv2/mobilenetv2/mobilenet_v2_1.0_224.ckpt.data-00000-of-00001: 14%
[ 11%] /data/local/tmp/benchmark/models/classification/mobilenetv2/mobilenetv2/mobilenet_v2_1.0_224.ckpt.data-00000-of-00001: 14%
[ 11%] /data/local/tmp/benchmark/models/classification/mobilenetv2/mobilenetv2/mobilenet_v2_1.0_224.ckpt.data-00000-of-00001: 14%
[ 11%] /data/local/tmp/benchmark/models/classification/mobilenetv2/mobilenetv2/mobilenet_v2_1.0_224.ckpt.data-00000-of-00001: 14%
[ 11%] /data/local/tmp/benchmark/models/classification/mobilenetv2/mobilenetv2/mobilenet_v2_1.0_224.ckpt.data-00000-of-00001: 14%
[ 11%] /data/local/tmp/benchmark/models/classification/mobilenetv2/mobilenetv2/mobilenet_v2_1.0_224.ckpt.data-00000-of-00001: 14%
[ 11%] /data/local/tmp/benchmark/models/classification/mobilenetv2/mobilenetv2/mobilenet_v2_1.0_224.ckpt.data-00000-of-00001: 15%
[ 11%] /data/local/tmp/benchmark/models/classification/mobilenetv2/mobilenetv2/mobilenet_v2_1.0_224.ckpt.data-00000-of-00001: 15%
[ 11%] /data/local/tmp/benchmark/models/classification/mobilenetv2/mobilenetv2/mobilenet_v2_1.0_224.ckpt.data-00000-of-00001: 15%
[ 11%] /data/local/tmp/benchmark/models/classification/mobilenetv2/mobilenetv2/mobilenet_v2_1.0_224.ckpt.data-00000-of-00001: 15%
[ 11%] /data/local/tmp/benchmark/models/classification/mobilenetv2/mobilenetv2/mobilenet_v2_1.0_224.ckpt.data-00000-of-00001: 15%
[ 11%] /data/local/tmp/benchmark/models/classification/mobilenetv2/mobilenetv2/mobilenet_v2_1.0_224.ckpt.data-00000-of-00001: 15%
[ 11%] /data/local/tmp/benchmark/models/classification/mobilenetv2/mobilenetv2/mobilenet_v2_1.0_224.ckpt.data-00000-of-00001: 15%
[ 11%] /data/local/tmp/benchmark/models/classification/mobilenetv2/mobilenetv2/mobilenet_v2_1.0_224.ckpt.data-00000-of-00001: 15%
[ 11%] /data/local/tmp/benchmark/models/classification/mobilenetv2/mobilenetv2/mobilenet_v2_1.0_224.ckpt.data-00000-of-00001: 15%
[ 11%] /data/local/tmp/benchmark/models/classification/mobilenetv2/mobilenetv2/mobilenet_v2_1.0_224.ckpt.data-00000-of-00001: 16%
[ 11%] /data/local/tmp/benchmark/models/classification/mobilenetv2/mobilenetv2/mobilenet_v2_1.0_224.ckpt.data-00000-of-00001: 16%
[ 11%] /data/local/tmp/benchmark/models/classification/mobilenetv2/mobilenetv2/mobilenet_v2_1.0_224.ckpt.data-00000-of-00001: 16%
[ 11%] /data/local/tmp/benchmark/models/classification/mobilenetv2/mobilenetv2/mobilenet_v2_1.0_224.ckpt.data-00000-of-00001: 16%
[ 11%] /data/local/tmp/benchmark/models/classification/mobilenetv2/mobilenetv2/mobilenet_v2_1.0_224.ckpt.data-00000-of-00001: 16%
[ 11%] /data/local/tmp/benchmark/models/classification/mobilenetv2/mobilenetv2/mobilenet_v2_1.0_224.ckpt.data-00000-of-00001: 16%
[ 11%] /data/local/tmp/benchmark/models/classification/mobilenetv2/mobilenetv2/mobilenet_v2_1.0_224.ckpt.data-00000-of-00001: 16%
[ 11%] /data/local/tmp/benchmark/models/classification/mobilenetv2/mobilenetv2/mobilenet_v2_1.0_224.ckpt.data-00000-of-00001: 16%
[ 11%] /data/local/tmp/benchmark/models/classification/mobilenetv2/mobilenetv2/mobilenet_v2_1.0_224.ckpt.data-00000-of-00001: 17%
[ 11%] /data/local/tmp/benchmark/models/classification/mobilenetv2/mobilenetv2/mobilenet_v2_1.0_224.ckpt.data-00000-of-00001: 17%
[ 11%] /data/local/tmp/benchmark/models/classification/mobilenetv2/mobilenetv2/mobilenet_v2_1.0_224.ckpt.data-00000-of-00001: 17%
[ 11%] /data/local/tmp/benchmark/models/classification/mobilenetv2/mobilenetv2/mobilenet_v2_1.0_224.ckpt.data-00000-of-00001: 17%
[ 11%] /data/local/tmp/benchmark/models/classification/mobilenetv2/mobilenetv2/mobilenet_v2_1.0_224.ckpt.data-00000-of-00001: 17%
[ 11%] /data/local/tmp/benchmark/models/classification/mobilenetv2/mobilenetv2/mobilenet_v2_1.0_224.ckpt.data-00000-of-00001: 17%
[ 11%] /data/local/tmp/benchmark/models/classification/mobilenetv2/mobilenetv2/mobilenet_v2_1.0_224.ckpt.data-00000-of-00001: 17%
[ 11%] /data/local/tmp/benchmark/models/classification/mobilenetv2/mobilenetv2/mobilenet_v2_1.0_224.ckpt.data-00000-of-00001: 17%
[ 12%] /data/local/tmp/benchmark/models/classification/mobilenetv2/mobilenetv2/mobilenet_v2_1.0_224.ckpt.data-00000-of-00001: 17%
[ 12%] /data/local/tmp/benchmark/models/classification/mobilenetv2/mobilenetv2/mobilenet_v2_1.0_224.ckpt.data-00000-of-00001: 18%
[ 12%] /data/local/tmp/benchmark/models/classification/mobilenetv2/mobilenetv2/mobilenet_v2_1.0_224.ckpt.data-00000-of-00001: 18%
[ 12%] /data/local/tmp/benchmark/models/classification/mobilenetv2/mobilenetv2/mobilenet_v2_1.0_224.ckpt.data-00000-of-00001: 18%
[ 12%] /data/local/tmp/benchmark/models/classification/mobilenetv2/mobilenetv2/mobilenet_v2_1.0_224.ckpt.data-00000-of-00001: 18%
[ 12%] /data/local/tmp/benchmark/models/classification/mobilenetv2/mobilenetv2/mobilenet_v2_1.0_224.ckpt.data-00000-of-00001: 18%
[ 12%] /data/local/tmp/benchmark/models/classification/mobilenetv2/mobilenetv2/mobilenet_v2_1.0_224.ckpt.data-00000-of-00001: 18%
[ 12%] /data/local/tmp/benchmark/models/classification/mobilenetv2/mobilenetv2/mobilenet_v2_1.0_224.ckpt.data-00000-of-00001: 18%
[ 12%] /data/local/tmp/benchmark/models/classification/mobilenetv2/mobilenetv2/mobilenet_v2_1.0_224.ckpt.data-00000-of-00001: 18%
[ 12%] /data/local/tmp/benchmark/models/classification/mobilenetv2/mobilenetv2/mobilenet_v2_1.0_224.ckpt.data-00000-of-00001: 18%
[ 12%] /data/local/tmp/benchmark/models/classification/mobilenetv2/mobilenetv2/mobilenet_v2_1.0_224.ckpt.data-00000-of-00001: 19%
[ 12%] /data/local/tmp/benchmark/models/classification/mobilenetv2/mobilenetv2/mobilenet_v2_1.0_224.ckpt.data-00000-of-00001: 19%
[ 12%] /data/local/tmp/benchmark/models/classification/mobilenetv2/mobilenetv2/mobilenet_v2_1.0_224.ckpt.data-00000-of-00001: 19%
[ 12%] /data/local/tmp/benchmark/models/classification/mobilenetv2/mobilenetv2/mobilenet_v2_1.0_224.ckpt.data-00000-of-00001: 19%
[ 12%] /data/local/tmp/benchmark/models/classification/mobilenetv2/mobilenetv2/mobilenet_v2_1.0_224.ckpt.data-00000-of-00001: 19%
[ 12%] /data/local/tmp/benchmark/models/classification/mobilenetv2/mobilenetv2/mobilenet_v2_1.0_224.ckpt.data-00000-of-00001: 19%
[ 12%] /data/local/tmp/benchmark/models/classification/mobilenetv2/mobilenetv2/mobilenet_v2_1.0_224.ckpt.data-00000-of-00001: 19%
[ 12%] /data/local/tmp/benchmark/models/classification/mobilenetv2/mobilenetv2/mobilenet_v2_1.0_224.ckpt.data-00000-of-00001: 19%
[ 12%] /data/local/tmp/benchmark/models/classification/mobilenetv2/mobilenetv2/mobilenet_v2_1.0_224.ckpt.data-00000-of-00001: 20%
[ 12%] /data/local/tmp/benchmark/models/classification/mobilenetv2/mobilenetv2/mobilenet_v2_1.0_224.ckpt.data-00000-of-00001: 20%
[ 12%] /data/local/tmp/benchmark/models/classification/mobilenetv2/mobilenetv2/mobilenet_v2_1.0_224.ckpt.data-00000-of-00001: 20%
[ 12%] /data/local/tmp/benchmark/models/classification/mobilenetv2/mobilenetv2/mobilenet_v2_1.0_224.ckpt.data-00000-of-00001: 20%
[ 12%] /data/local/tmp/benchmark/models/classification/mobilenetv2/mobilenetv2/mobilenet_v2_1.0_224.ckpt.data-00000-of-00001: 20%
[ 12%] /data/local/tmp/benchmark/models/classification/mobilenetv2/mobilenetv2/mobilenet_v2_1.0_224.ckpt.data-00000-of-00001: 20%
[ 12%] /data/local/tmp/benchmark/models/classification/mobilenetv2/mobilenetv2/mobilenet_v2_1.0_224.ckpt.data-00000-of-00001: 20%
[ 12%] /data/local/tmp/benchmark/models/classification/mobilenetv2/mobilenetv2/mobilenet_v2_1.0_224.ckpt.data-00000-of-00001: 20%
[ 12%] /data/local/tmp/benchmark/models/classification/mobilenetv2/mobilenetv2/mobilenet_v2_1.0_224.ckpt.data-00000-of-00001: 20%
[ 12%] /data/local/tmp/benchmark/models/classification/mobilenetv2/mobilenetv2/mobilenet_v2_1.0_224.ckpt.data-00000-of-00001: 21%
[ 12%] /data/local/tmp/benchmark/models/classification/mobilenetv2/mobilenetv2/mobilenet_v2_1.0_224.ckpt.data-00000-of-00001: 21%
[ 12%] /data/local/tmp/benchmark/models/classification/mobilenetv2/mobilenetv2/mobilenet_v2_1.0_224.ckpt.data-00000-of-00001: 21%
[ 12%] /data/local/tmp/benchmark/models/classification/mobilenetv2/mobilenetv2/mobilenet_v2_1.0_224.ckpt.data-00000-of-00001: 21%
[ 12%] /data/local/tmp/benchmark/models/classification/mobilenetv2/mobilenetv2/mobilenet_v2_1.0_224.ckpt.data-00000-of-00001: 21%
[ 12%] /data/local/tmp/benchmark/models/classification/mobilenetv2/mobilenetv2/mobilenet_v2_1.0_224.ckpt.data-00000-of-00001: 21%
[ 12%] /data/local/tmp/benchmark/models/classification/mobilenetv2/mobilenetv2/mobilenet_v2_1.0_224.ckpt.data-00000-of-00001: 21%
[ 12%] /data/local/tmp/benchmark/models/classification/mobilenetv2/mobilenetv2/mobilenet_v2_1.0_224.ckpt.data-00000-of-00001: 21%
[ 12%] /data/local/tmp/benchmark/models/classification/mobilenetv2/mobilenetv2/mobilenet_v2_1.0_224.ckpt.data-00000-of-00001: 22%
[ 12%] /data/local/tmp/benchmark/models/classification/mobilenetv2/mobilenetv2/mobilenet_v2_1.0_224.ckpt.data-00000-of-00001: 22%
[ 12%] /data/local/tmp/benchmark/models/classification/mobilenetv2/mobilenetv2/mobilenet_v2_1.0_224.ckpt.data-00000-of-00001: 22%
[ 12%] /data/local/tmp/benchmark/models/classification/mobilenetv2/mobilenetv2/mobilenet_v2_1.0_224.ckpt.data-00000-of-00001: 22%
[ 12%] /data/local/tmp/benchmark/models/classification/mobilenetv2/mobilenetv2/mobilenet_v2_1.0_224.ckpt.data-00000-of-00001: 22%
[ 12%] /data/local/tmp/benchmark/models/classification/mobilenetv2/mobilenetv2/mobilenet_v2_1.0_224.ckpt.data-00000-of-00001: 22%
[ 12%] /data/local/tmp/benchmark/models/classification/mobilenetv2/mobilenetv2/mobilenet_v2_1.0_224.ckpt.data-00000-of-00001: 22%
[ 12%] /data/local/tmp/benchmark/models/classification/mobilenetv2/mobilenetv2/mobilenet_v2_1.0_224.ckpt.data-00000-of-00001: 22%
[ 12%] /data/local/tmp/benchmark/models/classification/mobilenetv2/mobilenetv2/mobilenet_v2_1.0_224.ckpt.data-00000-of-00001: 22%
[ 12%] /data/local/tmp/benchmark/models/classification/mobilenetv2/mobilenetv2/mobilenet_v2_1.0_224.ckpt.data-00000-of-00001: 23%
[ 12%] /data/local/tmp/benchmark/models/classification/mobilenetv2/mobilenetv2/mobilenet_v2_1.0_224.ckpt.data-00000-of-00001: 23%
[ 12%] /data/local/tmp/benchmark/models/classification/mobilenetv2/mobilenetv2/mobilenet_v2_1.0_224.ckpt.data-00000-of-00001: 23%
[ 12%] /data/local/tmp/benchmark/models/classification/mobilenetv2/mobilenetv2/mobilenet_v2_1.0_224.ckpt.data-00000-of-00001: 23%
[ 13%] /data/local/tmp/benchmark/models/classification/mobilenetv2/mobilenetv2/mobilenet_v2_1.0_224.ckpt.data-00000-of-00001: 23%
[ 13%] /data/local/tmp/benchmark/models/classification/mobilenetv2/mobilenetv2/mobilenet_v2_1.0_224.ckpt.data-00000-of-00001: 23%
[ 13%] /data/local/tmp/benchmark/models/classification/mobilenetv2/mobilenetv2/mobilenet_v2_1.0_224.ckpt.data-00000-of-00001: 23%
[ 13%] /data/local/tmp/benchmark/models/classification/mobilenetv2/mobilenetv2/mobilenet_v2_1.0_224.ckpt.data-00000-of-00001: 23%
[ 13%] /data/local/tmp/benchmark/models/classification/mobilenetv2/mobilenetv2/mobilenet_v2_1.0_224.ckpt.data-00000-of-00001: 24%
[ 13%] /data/local/tmp/benchmark/models/classification/mobilenetv2/mobilenetv2/mobilenet_v2_1.0_224.ckpt.data-00000-of-00001: 24%
[ 13%] /data/local/tmp/benchmark/models/classification/mobilenetv2/mobilenetv2/mobilenet_v2_1.0_224.ckpt.data-00000-of-00001: 24%
[ 13%] /data/local/tmp/benchmark/models/classification/mobilenetv2/mobilenetv2/mobilenet_v2_1.0_224.ckpt.data-00000-of-00001: 24%
[ 13%] /data/local/tmp/benchmark/models/classification/mobilenetv2/mobilenetv2/mobilenet_v2_1.0_224.ckpt.data-00000-of-00001: 24%
[ 13%] /data/local/tmp/benchmark/models/classification/mobilenetv2/mobilenetv2/mobilenet_v2_1.0_224.ckpt.data-00000-of-00001: 24%
[ 13%] /data/local/tmp/benchmark/models/classification/mobilenetv2/mobilenetv2/mobilenet_v2_1.0_224.ckpt.data-00000-of-00001: 24%
[ 13%] /data/local/tmp/benchmark/models/classification/mobilenetv2/mobilenetv2/mobilenet_v2_1.0_224.ckpt.data-00000-of-00001: 24%
[ 13%] /data/local/tmp/benchmark/models/classification/mobilenetv2/mobilenetv2/mobilenet_v2_1.0_224.ckpt.data-00000-of-00001: 24%
[ 13%] /data/local/tmp/benchmark/models/classification/mobilenetv2/mobilenetv2/mobilenet_v2_1.0_224.ckpt.data-00000-of-00001: 25%
[ 13%] /data/local/tmp/benchmark/models/classification/mobilenetv2/mobilenetv2/mobilenet_v2_1.0_224.ckpt.data-00000-of-00001: 25%
[ 13%] /data/local/tmp/benchmark/models/classification/mobilenetv2/mobilenetv2/mobilenet_v2_1.0_224.ckpt.data-00000-of-00001: 25%
[ 13%] /data/local/tmp/benchmark/models/classification/mobilenetv2/mobilenetv2/mobilenet_v2_1.0_224.ckpt.data-00000-of-00001: 25%
[ 13%] /data/local/tmp/benchmark/models/classification/mobilenetv2/mobilenetv2/mobilenet_v2_1.0_224.ckpt.data-00000-of-00001: 25%
[ 13%] /data/local/tmp/benchmark/models/classification/mobilenetv2/mobilenetv2/mobilenet_v2_1.0_224.ckpt.data-00000-of-00001: 25%
[ 13%] /data/local/tmp/benchmark/models/classification/mobilenetv2/mobilenetv2/mobilenet_v2_1.0_224.ckpt.data-00000-of-00001: 25%
[ 13%] /data/local/tmp/benchmark/models/classification/mobilenetv2/mobilenetv2/mobilenet_v2_1.0_224.ckpt.data-00000-of-00001: 25%
[ 13%] /data/local/tmp/benchmark/models/classification/mobilenetv2/mobilenetv2/mobilenet_v2_1.0_224.ckpt.data-00000-of-00001: 25%
[ 13%] /data/local/tmp/benchmark/models/classification/mobilenetv2/mobilenetv2/mobilenet_v2_1.0_224.ckpt.data-00000-of-00001: 26%
[ 13%] /data/local/tmp/benchmark/models/classification/mobilenetv2/mobilenetv2/mobilenet_v2_1.0_224.ckpt.data-00000-of-00001: 26%
[ 13%] /data/local/tmp/benchmark/models/classification/mobilenetv2/mobilenetv2/mobilenet_v2_1.0_224.ckpt.data-00000-of-00001: 26%
[ 13%] /data/local/tmp/benchmark/models/classification/mobilenetv2/mobilenetv2/mobilenet_v2_1.0_224.ckpt.data-00000-of-00001: 26%
[ 13%] /data/local/tmp/benchmark/models/classification/mobilenetv2/mobilenetv2/mobilenet_v2_1.0_224.ckpt.data-00000-of-00001: 26%
[ 13%] /data/local/tmp/benchmark/models/classification/mobilenetv2/mobilenetv2/mobilenet_v2_1.0_224.ckpt.data-00000-of-00001: 26%
[ 13%] /data/local/tmp/benchmark/models/classification/mobilenetv2/mobilenetv2/mobilenet_v2_1.0_224.ckpt.data-00000-of-00001: 26%
[ 13%] /data/local/tmp/benchmark/models/classification/mobilenetv2/mobilenetv2/mobilenet_v2_1.0_224.ckpt.data-00000-of-00001: 26%
[ 13%] /data/local/tmp/benchmark/models/classification/mobilenetv2/mobilenetv2/mobilenet_v2_1.0_224.ckpt.data-00000-of-00001: 27%
[ 13%] /data/local/tmp/benchmark/models/classification/mobilenetv2/mobilenetv2/mobilenet_v2_1.0_224.ckpt.data-00000-of-00001: 27%
[ 13%] /data/local/tmp/benchmark/models/classification/mobilenetv2/mobilenetv2/mobilenet_v2_1.0_224.ckpt.data-00000-of-00001: 27%
[ 13%] /data/local/tmp/benchmark/models/classification/mobilenetv2/mobilenetv2/mobilenet_v2_1.0_224.ckpt.data-00000-of-00001: 27%
[ 13%] /data/local/tmp/benchmark/models/classification/mobilenetv2/mobilenetv2/mobilenet_v2_1.0_224.ckpt.data-00000-of-00001: 27%
[ 13%] /data/local/tmp/benchmark/models/classification/mobilenetv2/mobilenetv2/mobilenet_v2_1.0_224.ckpt.data-00000-of-00001: 27%
[ 13%] /data/local/tmp/benchmark/models/classification/mobilenetv2/mobilenetv2/mobilenet_v2_1.0_224.ckpt.data-00000-of-00001: 27%
[ 13%] /data/local/tmp/benchmark/models/classification/mobilenetv2/mobilenetv2/mobilenet_v2_1.0_224.ckpt.data-00000-of-00001: 27%
[ 13%] /data/local/tmp/benchmark/models/classification/mobilenetv2/mobilenetv2/mobilenet_v2_1.0_224.ckpt.data-00000-of-00001: 27%
[ 13%] /data/local/tmp/benchmark/models/classification/mobilenetv2/mobilenetv2/mobilenet_v2_1.0_224.ckpt.data-00000-of-00001: 28%
[ 13%] /data/local/tmp/benchmark/models/classification/mobilenetv2/mobilenetv2/mobilenet_v2_1.0_224.ckpt.data-00000-of-00001: 28%
[ 13%] /data/local/tmp/benchmark/models/classification/mobilenetv2/mobilenetv2/mobilenet_v2_1.0_224.ckpt.data-00000-of-00001: 28%
[ 13%] /data/local/tmp/benchmark/models/classification/mobilenetv2/mobilenetv2/mobilenet_v2_1.0_224.ckpt.data-00000-of-00001: 28%
[ 13%] /data/local/tmp/benchmark/models/classification/mobilenetv2/mobilenetv2/mobilenet_v2_1.0_224.ckpt.data-00000-of-00001: 28%
[ 13%] /data/local/tmp/benchmark/models/classification/mobilenetv2/mobilenetv2/mobilenet_v2_1.0_224.ckpt.data-00000-of-00001: 28%
[ 13%] /data/local/tmp/benchmark/models/classification/mobilenetv2/mobilenetv2/mobilenet_v2_1.0_224.ckpt.data-00000-of-00001: 28%
[ 13%] /data/local/tmp/benchmark/models/classification/mobilenetv2/mobilenetv2/mobilenet_v2_1.0_224.ckpt.data-00000-of-00001: 28%
[ 13%] /data/local/tmp/benchmark/models/classification/mobilenetv2/mobilenetv2/mobilenet_v2_1.0_224.ckpt.data-00000-of-00001: 29%
[ 13%] /data/local/tmp/benchmark/models/classification/mobilenetv2/mobilenetv2/mobilenet_v2_1.0_224.ckpt.data-00000-of-00001: 29%
[ 14%] /data/local/tmp/benchmark/models/classification/mobilenetv2/mobilenetv2/mobilenet_v2_1.0_224.ckpt.data-00000-of-00001: 29%
[ 14%] /data/local/tmp/benchmark/models/classification/mobilenetv2/mobilenetv2/mobilenet_v2_1.0_224.ckpt.data-00000-of-00001: 29%
[ 14%] /data/local/tmp/benchmark/models/classification/mobilenetv2/mobilenetv2/mobilenet_v2_1.0_224.ckpt.data-00000-of-00001: 29%
[ 14%] /data/local/tmp/benchmark/models/classification/mobilenetv2/mobilenetv2/mobilenet_v2_1.0_224.ckpt.data-00000-of-00001: 29%
[ 14%] /data/local/tmp/benchmark/models/classification/mobilenetv2/mobilenetv2/mobilenet_v2_1.0_224.ckpt.data-00000-of-00001: 29%
[ 14%] /data/local/tmp/benchmark/models/classification/mobilenetv2/mobilenetv2/mobilenet_v2_1.0_224.ckpt.data-00000-of-00001: 29%
[ 14%] /data/local/tmp/benchmark/models/classification/mobilenetv2/mobilenetv2/mobilenet_v2_1.0_224.ckpt.data-00000-of-00001: 29%
[ 14%] /data/local/tmp/benchmark/models/classification/mobilenetv2/mobilenetv2/mobilenet_v2_1.0_224.ckpt.data-00000-of-00001: 30%
[ 14%] /data/local/tmp/benchmark/models/classification/mobilenetv2/mobilenetv2/mobilenet_v2_1.0_224.ckpt.data-00000-of-00001: 30%
[ 14%] /data/local/tmp/benchmark/models/classification/mobilenetv2/mobilenetv2/mobilenet_v2_1.0_224.ckpt.data-00000-of-00001: 30%
[ 14%] /data/local/tmp/benchmark/models/classification/mobilenetv2/mobilenetv2/mobilenet_v2_1.0_224.ckpt.data-00000-of-00001: 30%
[ 14%] /data/local/tmp/benchmark/models/classification/mobilenetv2/mobilenetv2/mobilenet_v2_1.0_224.ckpt.data-00000-of-00001: 30%
[ 14%] /data/local/tmp/benchmark/models/classification/mobilenetv2/mobilenetv2/mobilenet_v2_1.0_224.ckpt.data-00000-of-00001: 30%
[ 14%] /data/local/tmp/benchmark/models/classification/mobilenetv2/mobilenetv2/mobilenet_v2_1.0_224.ckpt.data-00000-of-00001: 30%
[ 14%] /data/local/tmp/benchmark/models/classification/mobilenetv2/mobilenetv2/mobilenet_v2_1.0_224.ckpt.data-00000-of-00001: 30%
[ 14%] /data/local/tmp/benchmark/models/classification/mobilenetv2/mobilenetv2/mobilenet_v2_1.0_224.ckpt.data-00000-of-00001: 30%
[ 14%] /data/local/tmp/benchmark/models/classification/mobilenetv2/mobilenetv2/mobilenet_v2_1.0_224.ckpt.data-00000-of-00001: 31%
[ 14%] /data/local/tmp/benchmark/models/classification/mobilenetv2/mobilenetv2/mobilenet_v2_1.0_224.ckpt.data-00000-of-00001: 31%
[ 14%] /data/local/tmp/benchmark/models/classification/mobilenetv2/mobilenetv2/mobilenet_v2_1.0_224.ckpt.data-00000-of-00001: 31%
[ 14%] /data/local/tmp/benchmark/models/classification/mobilenetv2/mobilenetv2/mobilenet_v2_1.0_224.ckpt.data-00000-of-00001: 31%
[ 14%] /data/local/tmp/benchmark/models/classification/mobilenetv2/mobilenetv2/mobilenet_v2_1.0_224.ckpt.data-00000-of-00001: 31%
[ 14%] /data/local/tmp/benchmark/models/classification/mobilenetv2/mobilenetv2/mobilenet_v2_1.0_224.ckpt.data-00000-of-00001: 31%
[ 14%] /data/local/tmp/benchmark/models/classification/mobilenetv2/mobilenetv2/mobilenet_v2_1.0_224.ckpt.data-00000-of-00001: 31%
[ 14%] /data/local/tmp/benchmark/models/classification/mobilenetv2/mobilenetv2/mobilenet_v2_1.0_224.ckpt.data-00000-of-00001: 31%
[ 14%] /data/local/tmp/benchmark/models/classification/mobilenetv2/mobilenetv2/mobilenet_v2_1.0_224.ckpt.data-00000-of-00001: 32%
[ 14%] /data/local/tmp/benchmark/models/classification/mobilenetv2/mobilenetv2/mobilenet_v2_1.0_224.ckpt.data-00000-of-00001: 32%
[ 14%] /data/local/tmp/benchmark/models/classification/mobilenetv2/mobilenetv2/mobilenet_v2_1.0_224.ckpt.data-00000-of-00001: 32%
[ 14%] /data/local/tmp/benchmark/models/classification/mobilenetv2/mobilenetv2/mobilenet_v2_1.0_224.ckpt.data-00000-of-00001: 32%
[ 14%] /data/local/tmp/benchmark/models/classification/mobilenetv2/mobilenetv2/mobilenet_v2_1.0_224.ckpt.data-00000-of-00001: 32%
[ 14%] /data/local/tmp/benchmark/models/classification/mobilenetv2/mobilenetv2/mobilenet_v2_1.0_224.ckpt.data-00000-of-00001: 32%
[ 14%] /data/local/tmp/benchmark/models/classification/mobilenetv2/mobilenetv2/mobilenet_v2_1.0_224.ckpt.data-00000-of-00001: 32%
[ 14%] /data/local/tmp/benchmark/models/classification/mobilenetv2/mobilenetv2/mobilenet_v2_1.0_224.ckpt.data-00000-of-00001: 32%
[ 14%] /data/local/tmp/benchmark/models/classification/mobilenetv2/mobilenetv2/mobilenet_v2_1.0_224.ckpt.data-00000-of-00001: 32%
[ 14%] /data/local/tmp/benchmark/models/classification/mobilenetv2/mobilenetv2/mobilenet_v2_1.0_224.ckpt.data-00000-of-00001: 33%
[ 14%] /data/local/tmp/benchmark/models/classification/mobilenetv2/mobilenetv2/mobilenet_v2_1.0_224.ckpt.data-00000-of-00001: 33%
[ 14%] /data/local/tmp/benchmark/models/classification/mobilenetv2/mobilenetv2/mobilenet_v2_1.0_224.ckpt.data-00000-of-00001: 33%
[ 14%] /data/local/tmp/benchmark/models/classification/mobilenetv2/mobilenetv2/mobilenet_v2_1.0_224.ckpt.data-00000-of-00001: 33%
[ 14%] /data/local/tmp/benchmark/models/classification/mobilenetv2/mobilenetv2/mobilenet_v2_1.0_224.ckpt.data-00000-of-00001: 33%
[ 14%] /data/local/tmp/benchmark/models/classification/mobilenetv2/mobilenetv2/mobilenet_v2_1.0_224.ckpt.data-00000-of-00001: 33%
[ 14%] /data/local/tmp/benchmark/models/classification/mobilenetv2/mobilenetv2/mobilenet_v2_1.0_224.ckpt.data-00000-of-00001: 33%
[ 14%] /data/local/tmp/benchmark/models/classification/mobilenetv2/mobilenetv2/mobilenet_v2_1.0_224.ckpt.data-00000-of-00001: 33%
[ 14%] /data/local/tmp/benchmark/models/classification/mobilenetv2/mobilenetv2/mobilenet_v2_1.0_224.ckpt.data-00000-of-00001: 34%
[ 14%] /data/local/tmp/benchmark/models/classification/mobilenetv2/mobilenetv2/mobilenet_v2_1.0_224.ckpt.data-00000-of-00001: 34%
[ 14%] /data/local/tmp/benchmark/models/classification/mobilenetv2/mobilenetv2/mobilenet_v2_1.0_224.ckpt.data-00000-of-00001: 34%
[ 14%] /data/local/tmp/benchmark/models/classification/mobilenetv2/mobilenetv2/mobilenet_v2_1.0_224.ckpt.data-00000-of-00001: 34%
[ 14%] /data/local/tmp/benchmark/models/classification/mobilenetv2/mobilenetv2/mobilenet_v2_1.0_224.ckpt.data-00000-of-00001: 34%
[ 14%] /data/local/tmp/benchmark/models/classification/mobilenetv2/mobilenetv2/mobilenet_v2_1.0_224.ckpt.data-00000-of-00001: 34%
[ 14%] /data/local/tmp/benchmark/models/classification/mobilenetv2/mobilenetv2/mobilenet_v2_1.0_224.ckpt.data-00000-of-00001: 34%
[ 15%] /data/local/tmp/benchmark/models/classification/mobilenetv2/mobilenetv2/mobilenet_v2_1.0_224.ckpt.data-00000-of-00001: 34%
[ 15%] /data/local/tmp/benchmark/models/classification/mobilenetv2/mobilenetv2/mobilenet_v2_1.0_224.ckpt.data-00000-of-00001: 34%
[ 15%] /data/local/tmp/benchmark/models/classification/mobilenetv2/mobilenetv2/mobilenet_v2_1.0_224.ckpt.data-00000-of-00001: 35%
[ 15%] /data/local/tmp/benchmark/models/classification/mobilenetv2/mobilenetv2/mobilenet_v2_1.0_224.ckpt.data-00000-of-00001: 35%
[ 15%] /data/local/tmp/benchmark/models/classification/mobilenetv2/mobilenetv2/mobilenet_v2_1.0_224.ckpt.data-00000-of-00001: 35%
[ 15%] /data/local/tmp/benchmark/models/classification/mobilenetv2/mobilenetv2/mobilenet_v2_1.0_224.ckpt.data-00000-of-00001: 35%
[ 15%] /data/local/tmp/benchmark/models/classification/mobilenetv2/mobilenetv2/mobilenet_v2_1.0_224.ckpt.data-00000-of-00001: 35%
[ 15%] /data/local/tmp/benchmark/models/classification/mobilenetv2/mobilenetv2/mobilenet_v2_1.0_224.ckpt.data-00000-of-00001: 35%
[ 15%] /data/local/tmp/benchmark/models/classification/mobilenetv2/mobilenetv2/mobilenet_v2_1.0_224.ckpt.data-00000-of-00001: 35%
[ 15%] /data/local/tmp/benchmark/models/classification/mobilenetv2/mobilenetv2/mobilenet_v2_1.0_224.ckpt.data-00000-of-00001: 35%
[ 15%] /data/local/tmp/benchmark/models/classification/mobilenetv2/mobilenetv2/mobilenet_v2_1.0_224.ckpt.data-00000-of-00001: 36%
[ 15%] /data/local/tmp/benchmark/models/classification/mobilenetv2/mobilenetv2/mobilenet_v2_1.0_224.ckpt.data-00000-of-00001: 36%
[ 15%] /data/local/tmp/benchmark/models/classification/mobilenetv2/mobilenetv2/mobilenet_v2_1.0_224.ckpt.data-00000-of-00001: 36%
[ 15%] /data/local/tmp/benchmark/models/classification/mobilenetv2/mobilenetv2/mobilenet_v2_1.0_224.ckpt.data-00000-of-00001: 36%
[ 15%] /data/local/tmp/benchmark/models/classification/mobilenetv2/mobilenetv2/mobilenet_v2_1.0_224.ckpt.data-00000-of-00001: 36%
[ 15%] /data/local/tmp/benchmark/models/classification/mobilenetv2/mobilenetv2/mobilenet_v2_1.0_224.ckpt.data-00000-of-00001: 36%
[ 15%] /data/local/tmp/benchmark/models/classification/mobilenetv2/mobilenetv2/mobilenet_v2_1.0_224.ckpt.data-00000-of-00001: 36%
[ 15%] /data/local/tmp/benchmark/models/classification/mobilenetv2/mobilenetv2/mobilenet_v2_1.0_224.ckpt.data-00000-of-00001: 36%
[ 15%] /data/local/tmp/benchmark/models/classification/mobilenetv2/mobilenetv2/mobilenet_v2_1.0_224.ckpt.data-00000-of-00001: 36%
[ 15%] /data/local/tmp/benchmark/models/classification/mobilenetv2/mobilenetv2/mobilenet_v2_1.0_224.ckpt.data-00000-of-00001: 37%
[ 15%] /data/local/tmp/benchmark/models/classification/mobilenetv2/mobilenetv2/mobilenet_v2_1.0_224.ckpt.data-00000-of-00001: 37%
[ 15%] /data/local/tmp/benchmark/models/classification/mobilenetv2/mobilenetv2/mobilenet_v2_1.0_224.ckpt.data-00000-of-00001: 37%
[ 15%] /data/local/tmp/benchmark/models/classification/mobilenetv2/mobilenetv2/mobilenet_v2_1.0_224.ckpt.data-00000-of-00001: 37%
[ 15%] /data/local/tmp/benchmark/models/classification/mobilenetv2/mobilenetv2/mobilenet_v2_1.0_224.ckpt.data-00000-of-00001: 37%
[ 15%] /data/local/tmp/benchmark/models/classification/mobilenetv2/mobilenetv2/mobilenet_v2_1.0_224.ckpt.data-00000-of-00001: 37%
[ 15%] /data/local/tmp/benchmark/models/classification/mobilenetv2/mobilenetv2/mobilenet_v2_1.0_224.ckpt.data-00000-of-00001: 37%
[ 15%] /data/local/tmp/benchmark/models/classification/mobilenetv2/mobilenetv2/mobilenet_v2_1.0_224.ckpt.data-00000-of-00001: 37%
[ 15%] /data/local/tmp/benchmark/models/classification/mobilenetv2/mobilenetv2/mobilenet_v2_1.0_224.ckpt.data-00000-of-00001: 37%
[ 15%] /data/local/tmp/benchmark/models/classification/mobilenetv2/mobilenetv2/mobilenet_v2_1.0_224.ckpt.data-00000-of-00001: 38%
[ 15%] /data/local/tmp/benchmark/models/classification/mobilenetv2/mobilenetv2/mobilenet_v2_1.0_224.ckpt.data-00000-of-00001: 38%
[ 15%] /data/local/tmp/benchmark/models/classification/mobilenetv2/mobilenetv2/mobilenet_v2_1.0_224.ckpt.data-00000-of-00001: 38%
[ 15%] /data/local/tmp/benchmark/models/classification/mobilenetv2/mobilenetv2/mobilenet_v2_1.0_224.ckpt.data-00000-of-00001: 38%
[ 15%] /data/local/tmp/benchmark/models/classification/mobilenetv2/mobilenetv2/mobilenet_v2_1.0_224.ckpt.data-00000-of-00001: 38%
[ 15%] /data/local/tmp/benchmark/models/classification/mobilenetv2/mobilenetv2/mobilenet_v2_1.0_224.ckpt.data-00000-of-00001: 38%
[ 15%] /data/local/tmp/benchmark/models/classification/mobilenetv2/mobilenetv2/mobilenet_v2_1.0_224.ckpt.data-00000-of-00001: 38%
[ 15%] /data/local/tmp/benchmark/models/classification/mobilenetv2/mobilenetv2/mobilenet_v2_1.0_224.ckpt.data-00000-of-00001: 38%
[ 15%] /data/local/tmp/benchmark/models/classification/mobilenetv2/mobilenetv2/mobilenet_v2_1.0_224.ckpt.data-00000-of-00001: 39%
[ 15%] /data/local/tmp/benchmark/models/classification/mobilenetv2/mobilenetv2/mobilenet_v2_1.0_224.ckpt.data-00000-of-00001: 39%
[ 15%] /data/local/tmp/benchmark/models/classification/mobilenetv2/mobilenetv2/mobilenet_v2_1.0_224.ckpt.data-00000-of-00001: 39%
[ 15%] /data/local/tmp/benchmark/models/classification/mobilenetv2/mobilenetv2/mobilenet_v2_1.0_224.ckpt.data-00000-of-00001: 39%
[ 15%] /data/local/tmp/benchmark/models/classification/mobilenetv2/mobilenetv2/mobilenet_v2_1.0_224.ckpt.data-00000-of-00001: 39%
[ 15%] /data/local/tmp/benchmark/models/classification/mobilenetv2/mobilenetv2/mobilenet_v2_1.0_224.ckpt.data-00000-of-00001: 39%
[ 15%] /data/local/tmp/benchmark/models/classification/mobilenetv2/mobilenetv2/mobilenet_v2_1.0_224.ckpt.data-00000-of-00001: 39%
[ 15%] /data/local/tmp/benchmark/models/classification/mobilenetv2/mobilenetv2/mobilenet_v2_1.0_224.ckpt.data-00000-of-00001: 39%
[ 15%] /data/local/tmp/benchmark/models/classification/mobilenetv2/mobilenetv2/mobilenet_v2_1.0_224.ckpt.data-00000-of-00001: 39%
[ 15%] /data/local/tmp/benchmark/models/classification/mobilenetv2/mobilenetv2/mobilenet_v2_1.0_224.ckpt.data-00000-of-00001: 40%
[ 15%] /data/local/tmp/benchmark/models/classification/mobilenetv2/mobilenetv2/mobilenet_v2_1.0_224.ckpt.data-00000-of-00001: 40%
[ 15%] /data/local/tmp/benchmark/models/classification/mobilenetv2/mobilenetv2/mobilenet_v2_1.0_224.ckpt.data-00000-of-00001: 40%
[ 16%] /data/local/tmp/benchmark/models/classification/mobilenetv2/mobilenetv2/mobilenet_v2_1.0_224.ckpt.data-00000-of-00001: 40%
[ 16%] /data/local/tmp/benchmark/models/classification/mobilenetv2/mobilenetv2/mobilenet_v2_1.0_224.ckpt.data-00000-of-00001: 40%
[ 16%] /data/local/tmp/benchmark/models/classification/mobilenetv2/mobilenetv2/mobilenet_v2_1.0_224.ckpt.data-00000-of-00001: 40%
[ 16%] /data/local/tmp/benchmark/models/classification/mobilenetv2/mobilenetv2/mobilenet_v2_1.0_224.ckpt.data-00000-of-00001: 40%
[ 16%] /data/local/tmp/benchmark/models/classification/mobilenetv2/mobilenetv2/mobilenet_v2_1.0_224.ckpt.data-00000-of-00001: 40%
[ 16%] /data/local/tmp/benchmark/models/classification/mobilenetv2/mobilenetv2/mobilenet_v2_1.0_224.ckpt.data-00000-of-00001: 41%
[ 16%] /data/local/tmp/benchmark/models/classification/mobilenetv2/mobilenetv2/mobilenet_v2_1.0_224.ckpt.data-00000-of-00001: 41%
[ 16%] /data/local/tmp/benchmark/models/classification/mobilenetv2/mobilenetv2/mobilenet_v2_1.0_224.ckpt.data-00000-of-00001: 41%
[ 16%] /data/local/tmp/benchmark/models/classification/mobilenetv2/mobilenetv2/mobilenet_v2_1.0_224.ckpt.data-00000-of-00001: 41%
[ 16%] /data/local/tmp/benchmark/models/classification/mobilenetv2/mobilenetv2/mobilenet_v2_1.0_224.ckpt.data-00000-of-00001: 41%
[ 16%] /data/local/tmp/benchmark/models/classification/mobilenetv2/mobilenetv2/mobilenet_v2_1.0_224.ckpt.data-00000-of-00001: 41%
[ 16%] /data/local/tmp/benchmark/models/classification/mobilenetv2/mobilenetv2/mobilenet_v2_1.0_224.ckpt.data-00000-of-00001: 41%
[ 16%] /data/local/tmp/benchmark/models/classification/mobilenetv2/mobilenetv2/mobilenet_v2_1.0_224.ckpt.data-00000-of-00001: 41%
[ 16%] /data/local/tmp/benchmark/models/classification/mobilenetv2/mobilenetv2/mobilenet_v2_1.0_224.ckpt.data-00000-of-00001: 41%
[ 16%] /data/local/tmp/benchmark/models/classification/mobilenetv2/mobilenetv2/mobilenet_v2_1.0_224.ckpt.data-00000-of-00001: 42%
[ 16%] /data/local/tmp/benchmark/models/classification/mobilenetv2/mobilenetv2/mobilenet_v2_1.0_224.ckpt.data-00000-of-00001: 42%
[ 16%] /data/local/tmp/benchmark/models/classification/mobilenetv2/mobilenetv2/mobilenet_v2_1.0_224.ckpt.data-00000-of-00001: 42%
[ 16%] /data/local/tmp/benchmark/models/classification/mobilenetv2/mobilenetv2/mobilenet_v2_1.0_224.ckpt.data-00000-of-00001: 42%
[ 16%] /data/local/tmp/benchmark/models/classification/mobilenetv2/mobilenetv2/mobilenet_v2_1.0_224.ckpt.data-00000-of-00001: 42%
[ 16%] /data/local/tmp/benchmark/models/classification/mobilenetv2/mobilenetv2/mobilenet_v2_1.0_224.ckpt.data-00000-of-00001: 42%
[ 16%] /data/local/tmp/benchmark/models/classification/mobilenetv2/mobilenetv2/mobilenet_v2_1.0_224.ckpt.data-00000-of-00001: 42%
[ 16%] /data/local/tmp/benchmark/models/classification/mobilenetv2/mobilenetv2/mobilenet_v2_1.0_224.ckpt.data-00000-of-00001: 42%
[ 16%] /data/local/tmp/benchmark/models/classification/mobilenetv2/mobilenetv2/mobilenet_v2_1.0_224.ckpt.data-00000-of-00001: 43%
[ 16%] /data/local/tmp/benchmark/models/classification/mobilenetv2/mobilenetv2/mobilenet_v2_1.0_224.ckpt.data-00000-of-00001: 43%
[ 16%] /data/local/tmp/benchmark/models/classification/mobilenetv2/mobilenetv2/mobilenet_v2_1.0_224.ckpt.data-00000-of-00001: 43%
[ 16%] /data/local/tmp/benchmark/models/classification/mobilenetv2/mobilenetv2/mobilenet_v2_1.0_224.ckpt.data-00000-of-00001: 43%
[ 16%] /data/local/tmp/benchmark/models/classification/mobilenetv2/mobilenetv2/mobilenet_v2_1.0_224.ckpt.data-00000-of-00001: 43%
[ 16%] /data/local/tmp/benchmark/models/classification/mobilenetv2/mobilenetv2/mobilenet_v2_1.0_224.ckpt.data-00000-of-00001: 43%
[ 16%] /data/local/tmp/benchmark/models/classification/mobilenetv2/mobilenetv2/mobilenet_v2_1.0_224.ckpt.data-00000-of-00001: 43%
[ 16%] /data/local/tmp/benchmark/models/classification/mobilenetv2/mobilenetv2/mobilenet_v2_1.0_224.ckpt.data-00000-of-00001: 43%
[ 16%] /data/local/tmp/benchmark/models/classification/mobilenetv2/mobilenetv2/mobilenet_v2_1.0_224.ckpt.data-00000-of-00001: 43%
[ 16%] /data/local/tmp/benchmark/models/classification/mobilenetv2/mobilenetv2/mobilenet_v2_1.0_224.ckpt.data-00000-of-00001: 44%
[ 16%] /data/local/tmp/benchmark/models/classification/mobilenetv2/mobilenetv2/mobilenet_v2_1.0_224.ckpt.data-00000-of-00001: 44%
[ 16%] /data/local/tmp/benchmark/models/classification/mobilenetv2/mobilenetv2/mobilenet_v2_1.0_224.ckpt.data-00000-of-00001: 44%
[ 16%] /data/local/tmp/benchmark/models/classification/mobilenetv2/mobilenetv2/mobilenet_v2_1.0_224.ckpt.data-00000-of-00001: 44%
[ 16%] /data/local/tmp/benchmark/models/classification/mobilenetv2/mobilenetv2/mobilenet_v2_1.0_224.ckpt.data-00000-of-00001: 44%
[ 16%] /data/local/tmp/benchmark/models/classification/mobilenetv2/mobilenetv2/mobilenet_v2_1.0_224.ckpt.data-00000-of-00001: 44%
[ 16%] /data/local/tmp/benchmark/models/classification/mobilenetv2/mobilenetv2/mobilenet_v2_1.0_224.ckpt.data-00000-of-00001: 44%
[ 16%] /data/local/tmp/benchmark/models/classification/mobilenetv2/mobilenetv2/mobilenet_v2_1.0_224.ckpt.data-00000-of-00001: 44%
[ 16%] /data/local/tmp/benchmark/models/classification/mobilenetv2/mobilenetv2/mobilenet_v2_1.0_224.ckpt.data-00000-of-00001: 44%
[ 16%] /data/local/tmp/benchmark/models/classification/mobilenetv2/mobilenetv2/mobilenet_v2_1.0_224.ckpt.data-00000-of-00001: 45%
[ 16%] /data/local/tmp/benchmark/models/classification/mobilenetv2/mobilenetv2/mobilenet_v2_1.0_224.ckpt.data-00000-of-00001: 45%
[ 16%] /data/local/tmp/benchmark/models/classification/mobilenetv2/mobilenetv2/mobilenet_v2_1.0_224.ckpt.data-00000-of-00001: 45%
[ 16%] /data/local/tmp/benchmark/models/classification/mobilenetv2/mobilenetv2/mobilenet_v2_1.0_224.ckpt.data-00000-of-00001: 45%
[ 16%] /data/local/tmp/benchmark/models/classification/mobilenetv2/mobilenetv2/mobilenet_v2_1.0_224.ckpt.data-00000-of-00001: 45%
[ 16%] /data/local/tmp/benchmark/models/classification/mobilenetv2/mobilenetv2/mobilenet_v2_1.0_224.ckpt.data-00000-of-00001: 45%
[ 16%] /data/local/tmp/benchmark/models/classification/mobilenetv2/mobilenetv2/mobilenet_v2_1.0_224.ckpt.data-00000-of-00001: 45%
[ 16%] /data/local/tmp/benchmark/models/classification/mobilenetv2/mobilenetv2/mobilenet_v2_1.0_224.ckpt.data-00000-of-00001: 45%
[ 16%] /data/local/tmp/benchmark/models/classification/mobilenetv2/mobilenetv2/mobilenet_v2_1.0_224.ckpt.data-00000-of-00001: 46%
[ 17%] /data/local/tmp/benchmark/models/classification/mobilenetv2/mobilenetv2/mobilenet_v2_1.0_224.ckpt.data-00000-of-00001: 46%
[ 17%] /data/local/tmp/benchmark/models/classification/mobilenetv2/mobilenetv2/mobilenet_v2_1.0_224.ckpt.data-00000-of-00001: 46%
[ 17%] /data/local/tmp/benchmark/models/classification/mobilenetv2/mobilenetv2/mobilenet_v2_1.0_224.ckpt.data-00000-of-00001: 46%
[ 17%] /data/local/tmp/benchmark/models/classification/mobilenetv2/mobilenetv2/mobilenet_v2_1.0_224.ckpt.data-00000-of-00001: 46%
[ 17%] /data/local/tmp/benchmark/models/classification/mobilenetv2/mobilenetv2/mobilenet_v2_1.0_224.ckpt.data-00000-of-00001: 46%
[ 17%] /data/local/tmp/benchmark/models/classification/mobilenetv2/mobilenetv2/mobilenet_v2_1.0_224.ckpt.data-00000-of-00001: 46%
[ 17%] /data/local/tmp/benchmark/models/classification/mobilenetv2/mobilenetv2/mobilenet_v2_1.0_224.ckpt.data-00000-of-00001: 46%
[ 17%] /data/local/tmp/benchmark/models/classification/mobilenetv2/mobilenetv2/mobilenet_v2_1.0_224.ckpt.data-00000-of-00001: 46%
[ 17%] /data/local/tmp/benchmark/models/classification/mobilenetv2/mobilenetv2/mobilenet_v2_1.0_224.ckpt.data-00000-of-00001: 47%
[ 17%] /data/local/tmp/benchmark/models/classification/mobilenetv2/mobilenetv2/mobilenet_v2_1.0_224.ckpt.data-00000-of-00001: 47%
[ 17%] /data/local/tmp/benchmark/models/classification/mobilenetv2/mobilenetv2/mobilenet_v2_1.0_224.ckpt.data-00000-of-00001: 47%
[ 17%] /data/local/tmp/benchmark/models/classification/mobilenetv2/mobilenetv2/mobilenet_v2_1.0_224.ckpt.data-00000-of-00001: 47%
[ 17%] /data/local/tmp/benchmark/models/classification/mobilenetv2/mobilenetv2/mobilenet_v2_1.0_224.ckpt.data-00000-of-00001: 47%
[ 17%] /data/local/tmp/benchmark/models/classification/mobilenetv2/mobilenetv2/mobilenet_v2_1.0_224.ckpt.data-00000-of-00001: 47%
[ 17%] /data/local/tmp/benchmark/models/classification/mobilenetv2/mobilenetv2/mobilenet_v2_1.0_224.ckpt.data-00000-of-00001: 47%
[ 17%] /data/local/tmp/benchmark/models/classification/mobilenetv2/mobilenetv2/mobilenet_v2_1.0_224.ckpt.data-00000-of-00001: 47%
[ 17%] /data/local/tmp/benchmark/models/classification/mobilenetv2/mobilenetv2/mobilenet_v2_1.0_224.ckpt.data-00000-of-00001: 48%
[ 17%] /data/local/tmp/benchmark/models/classification/mobilenetv2/mobilenetv2/mobilenet_v2_1.0_224.ckpt.data-00000-of-00001: 48%
[ 17%] /data/local/tmp/benchmark/models/classification/mobilenetv2/mobilenetv2/mobilenet_v2_1.0_224.ckpt.data-00000-of-00001: 48%
[ 17%] /data/local/tmp/benchmark/models/classification/mobilenetv2/mobilenetv2/mobilenet_v2_1.0_224.ckpt.data-00000-of-00001: 48%
[ 17%] /data/local/tmp/benchmark/models/classification/mobilenetv2/mobilenetv2/mobilenet_v2_1.0_224.ckpt.data-00000-of-00001: 48%
[ 17%] /data/local/tmp/benchmark/models/classification/mobilenetv2/mobilenetv2/mobilenet_v2_1.0_224.ckpt.data-00000-of-00001: 48%
[ 17%] /data/local/tmp/benchmark/models/classification/mobilenetv2/mobilenetv2/mobilenet_v2_1.0_224.ckpt.data-00000-of-00001: 48%
[ 17%] /data/local/tmp/benchmark/models/classification/mobilenetv2/mobilenetv2/mobilenet_v2_1.0_224.ckpt.data-00000-of-00001: 48%
[ 17%] /data/local/tmp/benchmark/models/classification/mobilenetv2/mobilenetv2/mobilenet_v2_1.0_224.ckpt.data-00000-of-00001: 48%
[ 17%] /data/local/tmp/benchmark/models/classification/mobilenetv2/mobilenetv2/mobilenet_v2_1.0_224.ckpt.data-00000-of-00001: 49%
[ 17%] /data/local/tmp/benchmark/models/classification/mobilenetv2/mobilenetv2/mobilenet_v2_1.0_224.ckpt.data-00000-of-00001: 49%
[ 17%] /data/local/tmp/benchmark/models/classification/mobilenetv2/mobilenetv2/mobilenet_v2_1.0_224.ckpt.data-00000-of-00001: 49%
[ 17%] /data/local/tmp/benchmark/models/classification/mobilenetv2/mobilenetv2/mobilenet_v2_1.0_224.ckpt.data-00000-of-00001: 49%
[ 17%] /data/local/tmp/benchmark/models/classification/mobilenetv2/mobilenetv2/mobilenet_v2_1.0_224.ckpt.data-00000-of-00001: 49%
[ 17%] /data/local/tmp/benchmark/models/classification/mobilenetv2/mobilenetv2/mobilenet_v2_1.0_224.ckpt.data-00000-of-00001: 49%
[ 17%] /data/local/tmp/benchmark/models/classification/mobilenetv2/mobilenetv2/mobilenet_v2_1.0_224.ckpt.data-00000-of-00001: 49%
[ 17%] /data/local/tmp/benchmark/models/classification/mobilenetv2/mobilenetv2/mobilenet_v2_1.0_224.ckpt.data-00000-of-00001: 49%
[ 17%] /data/local/tmp/benchmark/models/classification/mobilenetv2/mobilenetv2/mobilenet_v2_1.0_224.ckpt.data-00000-of-00001: 49%
[ 17%] /data/local/tmp/benchmark/models/classification/mobilenetv2/mobilenetv2/mobilenet_v2_1.0_224.ckpt.data-00000-of-00001: 50%
[ 17%] /data/local/tmp/benchmark/models/classification/mobilenetv2/mobilenetv2/mobilenet_v2_1.0_224.ckpt.data-00000-of-00001: 50%
[ 17%] /data/local/tmp/benchmark/models/classification/mobilenetv2/mobilenetv2/mobilenet_v2_1.0_224.ckpt.data-00000-of-00001: 50%
[ 17%] /data/local/tmp/benchmark/models/classification/mobilenetv2/mobilenetv2/mobilenet_v2_1.0_224.ckpt.data-00000-of-00001: 50%
[ 17%] /data/local/tmp/benchmark/models/classification/mobilenetv2/mobilenetv2/mobilenet_v2_1.0_224.ckpt.data-00000-of-00001: 50%
[ 17%] /data/local/tmp/benchmark/models/classification/mobilenetv2/mobilenetv2/mobilenet_v2_1.0_224.ckpt.data-00000-of-00001: 50%
[ 17%] /data/local/tmp/benchmark/models/classification/mobilenetv2/mobilenetv2/mobilenet_v2_1.0_224.ckpt.data-00000-of-00001: 50%
[ 17%] /data/local/tmp/benchmark/models/classification/mobilenetv2/mobilenetv2/mobilenet_v2_1.0_224.ckpt.data-00000-of-00001: 50%
[ 17%] /data/local/tmp/benchmark/models/classification/mobilenetv2/mobilenetv2/mobilenet_v2_1.0_224.ckpt.data-00000-of-00001: 51%
[ 17%] /data/local/tmp/benchmark/models/classification/mobilenetv2/mobilenetv2/mobilenet_v2_1.0_224.ckpt.data-00000-of-00001: 51%
[ 17%] /data/local/tmp/benchmark/models/classification/mobilenetv2/mobilenetv2/mobilenet_v2_1.0_224.ckpt.data-00000-of-00001: 51%
[ 17%] /data/local/tmp/benchmark/models/classification/mobilenetv2/mobilenetv2/mobilenet_v2_1.0_224.ckpt.data-00000-of-00001: 51%
[ 17%] /data/local/tmp/benchmark/models/classification/mobilenetv2/mobilenetv2/mobilenet_v2_1.0_224.ckpt.data-00000-of-00001: 51%
[ 17%] /data/local/tmp/benchmark/models/classification/mobilenetv2/mobilenetv2/mobilenet_v2_1.0_224.ckpt.data-00000-of-00001: 51%
[ 18%] /data/local/tmp/benchmark/models/classification/mobilenetv2/mobilenetv2/mobilenet_v2_1.0_224.ckpt.data-00000-of-00001: 51%
[ 18%] /data/local/tmp/benchmark/models/classification/mobilenetv2/mobilenetv2/mobilenet_v2_1.0_224.ckpt.data-00000-of-00001: 51%
[ 18%] /data/local/tmp/benchmark/models/classification/mobilenetv2/mobilenetv2/mobilenet_v2_1.0_224.ckpt.data-00000-of-00001: 51%
[ 18%] /data/local/tmp/benchmark/models/classification/mobilenetv2/mobilenetv2/mobilenet_v2_1.0_224.ckpt.data-00000-of-00001: 52%
[ 18%] /data/local/tmp/benchmark/models/classification/mobilenetv2/mobilenetv2/mobilenet_v2_1.0_224.ckpt.data-00000-of-00001: 52%
[ 18%] /data/local/tmp/benchmark/models/classification/mobilenetv2/mobilenetv2/mobilenet_v2_1.0_224.ckpt.data-00000-of-00001: 52%
[ 18%] /data/local/tmp/benchmark/models/classification/mobilenetv2/mobilenetv2/mobilenet_v2_1.0_224.ckpt.data-00000-of-00001: 52%
[ 18%] /data/local/tmp/benchmark/models/classification/mobilenetv2/mobilenetv2/mobilenet_v2_1.0_224.ckpt.data-00000-of-00001: 52%
[ 18%] /data/local/tmp/benchmark/models/classification/mobilenetv2/mobilenetv2/mobilenet_v2_1.0_224.ckpt.data-00000-of-00001: 52%
[ 18%] /data/local/tmp/benchmark/models/classification/mobilenetv2/mobilenetv2/mobilenet_v2_1.0_224.ckpt.data-00000-of-00001: 52%
[ 18%] /data/local/tmp/benchmark/models/classification/mobilenetv2/mobilenetv2/mobilenet_v2_1.0_224.ckpt.data-00000-of-00001: 52%
[ 18%] /data/local/tmp/benchmark/models/classification/mobilenetv2/mobilenetv2/mobilenet_v2_1.0_224.ckpt.data-00000-of-00001: 53%
[ 18%] /data/local/tmp/benchmark/models/classification/mobilenetv2/mobilenetv2/mobilenet_v2_1.0_224.ckpt.data-00000-of-00001: 53%
[ 18%] /data/local/tmp/benchmark/models/classification/mobilenetv2/mobilenetv2/mobilenet_v2_1.0_224.ckpt.data-00000-of-00001: 53%
[ 18%] /data/local/tmp/benchmark/models/classification/mobilenetv2/mobilenetv2/mobilenet_v2_1.0_224.ckpt.data-00000-of-00001: 53%
[ 18%] /data/local/tmp/benchmark/models/classification/mobilenetv2/mobilenetv2/mobilenet_v2_1.0_224.ckpt.data-00000-of-00001: 53%
[ 18%] /data/local/tmp/benchmark/models/classification/mobilenetv2/mobilenetv2/mobilenet_v2_1.0_224.ckpt.data-00000-of-00001: 53%
[ 18%] /data/local/tmp/benchmark/models/classification/mobilenetv2/mobilenetv2/mobilenet_v2_1.0_224.ckpt.data-00000-of-00001: 53%
[ 18%] /data/local/tmp/benchmark/models/classification/mobilenetv2/mobilenetv2/mobilenet_v2_1.0_224.ckpt.data-00000-of-00001: 53%
[ 18%] /data/local/tmp/benchmark/models/classification/mobilenetv2/mobilenetv2/mobilenet_v2_1.0_224.ckpt.data-00000-of-00001: 53%
[ 18%] /data/local/tmp/benchmark/models/classification/mobilenetv2/mobilenetv2/mobilenet_v2_1.0_224.ckpt.data-00000-of-00001: 54%
[ 18%] /data/local/tmp/benchmark/models/classification/mobilenetv2/mobilenetv2/mobilenet_v2_1.0_224.ckpt.data-00000-of-00001: 54%
[ 18%] /data/local/tmp/benchmark/models/classification/mobilenetv2/mobilenetv2/mobilenet_v2_1.0_224.ckpt.data-00000-of-00001: 54%
[ 18%] /data/local/tmp/benchmark/models/classification/mobilenetv2/mobilenetv2/mobilenet_v2_1.0_224.ckpt.data-00000-of-00001: 54%
[ 18%] /data/local/tmp/benchmark/models/classification/mobilenetv2/mobilenetv2/mobilenet_v2_1.0_224.ckpt.data-00000-of-00001: 54%
[ 18%] /data/local/tmp/benchmark/models/classification/mobilenetv2/mobilenetv2/mobilenet_v2_1.0_224.ckpt.data-00000-of-00001: 54%
[ 18%] /data/local/tmp/benchmark/models/classification/mobilenetv2/mobilenetv2/mobilenet_v2_1.0_224.ckpt.data-00000-of-00001: 54%
[ 18%] /data/local/tmp/benchmark/models/classification/mobilenetv2/mobilenetv2/mobilenet_v2_1.0_224.ckpt.data-00000-of-00001: 54%
[ 18%] /data/local/tmp/benchmark/models/classification/mobilenetv2/mobilenetv2/mobilenet_v2_1.0_224.ckpt.data-00000-of-00001: 55%
[ 18%] /data/local/tmp/benchmark/models/classification/mobilenetv2/mobilenetv2/mobilenet_v2_1.0_224.ckpt.data-00000-of-00001: 55%
[ 18%] /data/local/tmp/benchmark/models/classification/mobilenetv2/mobilenetv2/mobilenet_v2_1.0_224.ckpt.data-00000-of-00001: 55%
[ 18%] /data/local/tmp/benchmark/models/classification/mobilenetv2/mobilenetv2/mobilenet_v2_1.0_224.ckpt.data-00000-of-00001: 55%
[ 18%] /data/local/tmp/benchmark/models/classification/mobilenetv2/mobilenetv2/mobilenet_v2_1.0_224.ckpt.data-00000-of-00001: 55%
[ 18%] /data/local/tmp/benchmark/models/classification/mobilenetv2/mobilenetv2/mobilenet_v2_1.0_224.ckpt.data-00000-of-00001: 55%
[ 18%] /data/local/tmp/benchmark/models/classification/mobilenetv2/mobilenetv2/mobilenet_v2_1.0_224.ckpt.data-00000-of-00001: 55%
[ 18%] /data/local/tmp/benchmark/models/classification/mobilenetv2/mobilenetv2/mobilenet_v2_1.0_224.ckpt.data-00000-of-00001: 55%
[ 18%] /data/local/tmp/benchmark/models/classification/mobilenetv2/mobilenetv2/mobilenet_v2_1.0_224.ckpt.data-00000-of-00001: 55%
[ 18%] /data/local/tmp/benchmark/models/classification/mobilenetv2/mobilenetv2/mobilenet_v2_1.0_224.ckpt.data-00000-of-00001: 56%
[ 18%] /data/local/tmp/benchmark/models/classification/mobilenetv2/mobilenetv2/mobilenet_v2_1.0_224.ckpt.data-00000-of-00001: 56%
[ 18%] /data/local/tmp/benchmark/models/classification/mobilenetv2/mobilenetv2/mobilenet_v2_1.0_224.ckpt.data-00000-of-00001: 56%
[ 18%] /data/local/tmp/benchmark/models/classification/mobilenetv2/mobilenetv2/mobilenet_v2_1.0_224.ckpt.data-00000-of-00001: 56%
[ 18%] /data/local/tmp/benchmark/models/classification/mobilenetv2/mobilenetv2/mobilenet_v2_1.0_224.ckpt.data-00000-of-00001: 56%
[ 18%] /data/local/tmp/benchmark/models/classification/mobilenetv2/mobilenetv2/mobilenet_v2_1.0_224.ckpt.data-00000-of-00001: 56%
[ 18%] /data/local/tmp/benchmark/models/classification/mobilenetv2/mobilenetv2/mobilenet_v2_1.0_224.ckpt.data-00000-of-00001: 56%
[ 18%] /data/local/tmp/benchmark/models/classification/mobilenetv2/mobilenetv2/mobilenet_v2_1.0_224.ckpt.data-00000-of-00001: 56%
[ 18%] /data/local/tmp/benchmark/models/classification/mobilenetv2/mobilenetv2/mobilenet_v2_1.0_224.ckpt.data-00000-of-00001: 56%
[ 18%] /data/local/tmp/benchmark/models/classification/mobilenetv2/mobilenetv2/mobilenet_v2_1.0_224.ckpt.data-00000-of-00001: 57%
[ 18%] /data/local/tmp/benchmark/models/classification/mobilenetv2/mobilenetv2/mobilenet_v2_1.0_224.ckpt.data-00000-of-00001: 57%
[ 19%] /data/local/tmp/benchmark/models/classification/mobilenetv2/mobilenetv2/mobilenet_v2_1.0_224.ckpt.data-00000-of-00001: 57%
[ 19%] /data/local/tmp/benchmark/models/classification/mobilenetv2/mobilenetv2/mobilenet_v2_1.0_224.ckpt.data-00000-of-00001: 57%
[ 19%] /data/local/tmp/benchmark/models/classification/mobilenetv2/mobilenetv2/mobilenet_v2_1.0_224.ckpt.data-00000-of-00001: 57%
[ 19%] /data/local/tmp/benchmark/models/classification/mobilenetv2/mobilenetv2/mobilenet_v2_1.0_224.ckpt.data-00000-of-00001: 57%
[ 19%] /data/local/tmp/benchmark/models/classification/mobilenetv2/mobilenetv2/mobilenet_v2_1.0_224.ckpt.data-00000-of-00001: 57%
[ 19%] /data/local/tmp/benchmark/models/classification/mobilenetv2/mobilenetv2/mobilenet_v2_1.0_224.ckpt.data-00000-of-00001: 57%
[ 19%] /data/local/tmp/benchmark/models/classification/mobilenetv2/mobilenetv2/mobilenet_v2_1.0_224.ckpt.data-00000-of-00001: 58%
[ 19%] /data/local/tmp/benchmark/models/classification/mobilenetv2/mobilenetv2/mobilenet_v2_1.0_224.ckpt.data-00000-of-00001: 58%
[ 19%] /data/local/tmp/benchmark/models/classification/mobilenetv2/mobilenetv2/mobilenet_v2_1.0_224.ckpt.data-00000-of-00001: 58%
[ 19%] /data/local/tmp/benchmark/models/classification/mobilenetv2/mobilenetv2/mobilenet_v2_1.0_224.ckpt.data-00000-of-00001: 58%
[ 19%] /data/local/tmp/benchmark/models/classification/mobilenetv2/mobilenetv2/mobilenet_v2_1.0_224.ckpt.data-00000-of-00001: 58%
[ 19%] /data/local/tmp/benchmark/models/classification/mobilenetv2/mobilenetv2/mobilenet_v2_1.0_224.ckpt.data-00000-of-00001: 58%
[ 19%] /data/local/tmp/benchmark/models/classification/mobilenetv2/mobilenetv2/mobilenet_v2_1.0_224.ckpt.data-00000-of-00001: 58%
[ 19%] /data/local/tmp/benchmark/models/classification/mobilenetv2/mobilenetv2/mobilenet_v2_1.0_224.ckpt.data-00000-of-00001: 58%
[ 19%] /data/local/tmp/benchmark/models/classification/mobilenetv2/mobilenetv2/mobilenet_v2_1.0_224.ckpt.data-00000-of-00001: 58%
[ 19%] /data/local/tmp/benchmark/models/classification/mobilenetv2/mobilenetv2/mobilenet_v2_1.0_224.ckpt.data-00000-of-00001: 59%
[ 19%] /data/local/tmp/benchmark/models/classification/mobilenetv2/mobilenetv2/mobilenet_v2_1.0_224.ckpt.data-00000-of-00001: 59%
[ 19%] /data/local/tmp/benchmark/models/classification/mobilenetv2/mobilenetv2/mobilenet_v2_1.0_224.ckpt.data-00000-of-00001: 59%
[ 19%] /data/local/tmp/benchmark/models/classification/mobilenetv2/mobilenetv2/mobilenet_v2_1.0_224.ckpt.data-00000-of-00001: 59%
[ 19%] /data/local/tmp/benchmark/models/classification/mobilenetv2/mobilenetv2/mobilenet_v2_1.0_224.ckpt.data-00000-of-00001: 59%
[ 19%] /data/local/tmp/benchmark/models/classification/mobilenetv2/mobilenetv2/mobilenet_v2_1.0_224.ckpt.data-00000-of-00001: 59%
[ 19%] /data/local/tmp/benchmark/models/classification/mobilenetv2/mobilenetv2/mobilenet_v2_1.0_224.ckpt.data-00000-of-00001: 59%
[ 19%] /data/local/tmp/benchmark/models/classification/mobilenetv2/mobilenetv2/mobilenet_v2_1.0_224.ckpt.data-00000-of-00001: 59%
[ 19%] /data/local/tmp/benchmark/models/classification/mobilenetv2/mobilenetv2/mobilenet_v2_1.0_224.ckpt.data-00000-of-00001: 60%
[ 19%] /data/local/tmp/benchmark/models/classification/mobilenetv2/mobilenetv2/mobilenet_v2_1.0_224.ckpt.data-00000-of-00001: 60%
[ 19%] /data/local/tmp/benchmark/models/classification/mobilenetv2/mobilenetv2/mobilenet_v2_1.0_224.ckpt.data-00000-of-00001: 60%
[ 19%] /data/local/tmp/benchmark/models/classification/mobilenetv2/mobilenetv2/mobilenet_v2_1.0_224.ckpt.data-00000-of-00001: 60%
[ 19%] /data/local/tmp/benchmark/models/classification/mobilenetv2/mobilenetv2/mobilenet_v2_1.0_224.ckpt.data-00000-of-00001: 60%
[ 19%] /data/local/tmp/benchmark/models/classification/mobilenetv2/mobilenetv2/mobilenet_v2_1.0_224.ckpt.data-00000-of-00001: 60%
[ 19%] /data/local/tmp/benchmark/models/classification/mobilenetv2/mobilenetv2/mobilenet_v2_1.0_224.ckpt.data-00000-of-00001: 60%
[ 19%] /data/local/tmp/benchmark/models/classification/mobilenetv2/mobilenetv2/mobilenet_v2_1.0_224.ckpt.data-00000-of-00001: 60%
[ 19%] /data/local/tmp/benchmark/models/classification/mobilenetv2/mobilenetv2/mobilenet_v2_1.0_224.ckpt.data-00000-of-00001: 60%
[ 19%] /data/local/tmp/benchmark/models/classification/mobilenetv2/mobilenetv2/mobilenet_v2_1.0_224.ckpt.data-00000-of-00001: 61%
[ 19%] /data/local/tmp/benchmark/models/classification/mobilenetv2/mobilenetv2/mobilenet_v2_1.0_224.ckpt.data-00000-of-00001: 61%
[ 19%] /data/local/tmp/benchmark/models/classification/mobilenetv2/mobilenetv2/mobilenet_v2_1.0_224.ckpt.data-00000-of-00001: 61%
[ 19%] /data/local/tmp/benchmark/models/classification/mobilenetv2/mobilenetv2/mobilenet_v2_1.0_224.ckpt.data-00000-of-00001: 61%
[ 19%] /data/local/tmp/benchmark/models/classification/mobilenetv2/mobilenetv2/mobilenet_v2_1.0_224.ckpt.data-00000-of-00001: 61%
[ 19%] /data/local/tmp/benchmark/models/classification/mobilenetv2/mobilenetv2/mobilenet_v2_1.0_224.ckpt.data-00000-of-00001: 61%
[ 19%] /data/local/tmp/benchmark/models/classification/mobilenetv2/mobilenetv2/mobilenet_v2_1.0_224.ckpt.data-00000-of-00001: 61%
[ 19%] /data/local/tmp/benchmark/models/classification/mobilenetv2/mobilenetv2/mobilenet_v2_1.0_224.ckpt.data-00000-of-00001: 61%
[ 19%] /data/local/tmp/benchmark/models/classification/mobilenetv2/mobilenetv2/mobilenet_v2_1.0_224.ckpt.data-00000-of-00001: 61%
[ 19%] /data/local/tmp/benchmark/models/classification/mobilenetv2/mobilenetv2/mobilenet_v2_1.0_224.ckpt.data-00000-of-00001: 62%
[ 19%] /data/local/tmp/benchmark/models/classification/mobilenetv2/mobilenetv2/mobilenet_v2_1.0_224.ckpt.data-00000-of-00001: 62%
[ 19%] /data/local/tmp/benchmark/models/classification/mobilenetv2/mobilenetv2/mobilenet_v2_1.0_224.ckpt.data-00000-of-00001: 62%
[ 19%] /data/local/tmp/benchmark/models/classification/mobilenetv2/mobilenetv2/mobilenet_v2_1.0_224.ckpt.data-00000-of-00001: 62%
[ 19%] /data/local/tmp/benchmark/models/classification/mobilenetv2/mobilenetv2/mobilenet_v2_1.0_224.ckpt.data-00000-of-00001: 62%
[ 19%] /data/local/tmp/benchmark/models/classification/mobilenetv2/mobilenetv2/mobilenet_v2_1.0_224.ckpt.data-00000-of-00001: 62%
[ 19%] /data/local/tmp/benchmark/models/classification/mobilenetv2/mobilenetv2/mobilenet_v2_1.0_224.ckpt.data-00000-of-00001: 62%
[ 19%] /data/local/tmp/benchmark/models/classification/mobilenetv2/mobilenetv2/mobilenet_v2_1.0_224.ckpt.data-00000-of-00001: 62%
[ 20%] /data/local/tmp/benchmark/models/classification/mobilenetv2/mobilenetv2/mobilenet_v2_1.0_224.ckpt.data-00000-of-00001: 63%
[ 20%] /data/local/tmp/benchmark/models/classification/mobilenetv2/mobilenetv2/mobilenet_v2_1.0_224.ckpt.data-00000-of-00001: 63%
[ 20%] /data/local/tmp/benchmark/models/classification/mobilenetv2/mobilenetv2/mobilenet_v2_1.0_224.ckpt.data-00000-of-00001: 63%
[ 20%] /data/local/tmp/benchmark/models/classification/mobilenetv2/mobilenetv2/mobilenet_v2_1.0_224.ckpt.data-00000-of-00001: 63%
[ 20%] /data/local/tmp/benchmark/models/classification/mobilenetv2/mobilenetv2/mobilenet_v2_1.0_224.ckpt.data-00000-of-00001: 63%
[ 20%] /data/local/tmp/benchmark/models/classification/mobilenetv2/mobilenetv2/mobilenet_v2_1.0_224.ckpt.data-00000-of-00001: 63%
[ 20%] /data/local/tmp/benchmark/models/classification/mobilenetv2/mobilenetv2/mobilenet_v2_1.0_224.ckpt.data-00000-of-00001: 63%
[ 20%] /data/local/tmp/benchmark/models/classification/mobilenetv2/mobilenetv2/mobilenet_v2_1.0_224.ckpt.data-00000-of-00001: 63%
[ 20%] /data/local/tmp/benchmark/models/classification/mobilenetv2/mobilenetv2/mobilenet_v2_1.0_224.ckpt.data-00000-of-00001: 63%
[ 20%] /data/local/tmp/benchmark/models/classification/mobilenetv2/mobilenetv2/mobilenet_v2_1.0_224.ckpt.data-00000-of-00001: 64%
[ 20%] /data/local/tmp/benchmark/models/classification/mobilenetv2/mobilenetv2/mobilenet_v2_1.0_224.ckpt.data-00000-of-00001: 64%
[ 20%] /data/local/tmp/benchmark/models/classification/mobilenetv2/mobilenetv2/mobilenet_v2_1.0_224.ckpt.data-00000-of-00001: 64%
[ 20%] /data/local/tmp/benchmark/models/classification/mobilenetv2/mobilenetv2/mobilenet_v2_1.0_224.ckpt.data-00000-of-00001: 64%
[ 20%] /data/local/tmp/benchmark/models/classification/mobilenetv2/mobilenetv2/mobilenet_v2_1.0_224.ckpt.data-00000-of-00001: 64%
[ 20%] /data/local/tmp/benchmark/models/classification/mobilenetv2/mobilenetv2/mobilenet_v2_1.0_224.ckpt.data-00000-of-00001: 64%
[ 20%] /data/local/tmp/benchmark/models/classification/mobilenetv2/mobilenetv2/mobilenet_v2_1.0_224.ckpt.data-00000-of-00001: 64%
[ 20%] /data/local/tmp/benchmark/models/classification/mobilenetv2/mobilenetv2/mobilenet_v2_1.0_224.ckpt.data-00000-of-00001: 64%
[ 20%] /data/local/tmp/benchmark/models/classification/mobilenetv2/mobilenetv2/mobilenet_v2_1.0_224.ckpt.data-00000-of-00001: 65%
[ 20%] /data/local/tmp/benchmark/models/classification/mobilenetv2/mobilenetv2/mobilenet_v2_1.0_224.ckpt.data-00000-of-00001: 65%
[ 20%] /data/local/tmp/benchmark/models/classification/mobilenetv2/mobilenetv2/mobilenet_v2_1.0_224.ckpt.data-00000-of-00001: 65%
[ 20%] /data/local/tmp/benchmark/models/classification/mobilenetv2/mobilenetv2/mobilenet_v2_1.0_224.ckpt.data-00000-of-00001: 65%
[ 20%] /data/local/tmp/benchmark/models/classification/mobilenetv2/mobilenetv2/mobilenet_v2_1.0_224.ckpt.data-00000-of-00001: 65%
[ 20%] /data/local/tmp/benchmark/models/classification/mobilenetv2/mobilenetv2/mobilenet_v2_1.0_224.ckpt.data-00000-of-00001: 65%
[ 20%] /data/local/tmp/benchmark/models/classification/mobilenetv2/mobilenetv2/mobilenet_v2_1.0_224.ckpt.data-00000-of-00001: 65%
[ 20%] /data/local/tmp/benchmark/models/classification/mobilenetv2/mobilenetv2/mobilenet_v2_1.0_224.ckpt.data-00000-of-00001: 65%
[ 20%] /data/local/tmp/benchmark/models/classification/mobilenetv2/mobilenetv2/mobilenet_v2_1.0_224.ckpt.data-00000-of-00001: 65%
[ 20%] /data/local/tmp/benchmark/models/classification/mobilenetv2/mobilenetv2/mobilenet_v2_1.0_224.ckpt.data-00000-of-00001: 66%
[ 20%] /data/local/tmp/benchmark/models/classification/mobilenetv2/mobilenetv2/mobilenet_v2_1.0_224.ckpt.data-00000-of-00001: 66%
[ 20%] /data/local/tmp/benchmark/models/classification/mobilenetv2/mobilenetv2/mobilenet_v2_1.0_224.ckpt.data-00000-of-00001: 66%
[ 20%] /data/local/tmp/benchmark/models/classification/mobilenetv2/mobilenetv2/mobilenet_v2_1.0_224.ckpt.data-00000-of-00001: 66%
[ 20%] /data/local/tmp/benchmark/models/classification/mobilenetv2/mobilenetv2/mobilenet_v2_1.0_224.ckpt.data-00000-of-00001: 66%
[ 20%] /data/local/tmp/benchmark/models/classification/mobilenetv2/mobilenetv2/mobilenet_v2_1.0_224.ckpt.data-00000-of-00001: 66%
[ 20%] /data/local/tmp/benchmark/models/classification/mobilenetv2/mobilenetv2/mobilenet_v2_1.0_224.ckpt.data-00000-of-00001: 66%
[ 20%] /data/local/tmp/benchmark/models/classification/mobilenetv2/mobilenetv2/mobilenet_v2_1.0_224.ckpt.data-00000-of-00001: 66%
[ 20%] /data/local/tmp/benchmark/models/classification/mobilenetv2/mobilenetv2/mobilenet_v2_1.0_224.ckpt.data-00000-of-00001: 67%
[ 20%] /data/local/tmp/benchmark/models/classification/mobilenetv2/mobilenetv2/mobilenet_v2_1.0_224.ckpt.data-00000-of-00001: 67%
[ 20%] /data/local/tmp/benchmark/models/classification/mobilenetv2/mobilenetv2/mobilenet_v2_1.0_224.ckpt.data-00000-of-00001: 67%
[ 20%] /data/local/tmp/benchmark/models/classification/mobilenetv2/mobilenetv2/mobilenet_v2_1.0_224.ckpt.data-00000-of-00001: 67%
[ 20%] /data/local/tmp/benchmark/models/classification/mobilenetv2/mobilenetv2/mobilenet_v2_1.0_224.ckpt.data-00000-of-00001: 67%
[ 20%] /data/local/tmp/benchmark/models/classification/mobilenetv2/mobilenetv2/mobilenet_v2_1.0_224.ckpt.data-00000-of-00001: 67%
[ 20%] /data/local/tmp/benchmark/models/classification/mobilenetv2/mobilenetv2/mobilenet_v2_1.0_224.ckpt.data-00000-of-00001: 67%
[ 20%] /data/local/tmp/benchmark/models/classification/mobilenetv2/mobilenetv2/mobilenet_v2_1.0_224.ckpt.data-00000-of-00001: 67%
[ 20%] /data/local/tmp/benchmark/models/classification/mobilenetv2/mobilenetv2/mobilenet_v2_1.0_224.ckpt.data-00000-of-00001: 67%
[ 20%] /data/local/tmp/benchmark/models/classification/mobilenetv2/mobilenetv2/mobilenet_v2_1.0_224.ckpt.data-00000-of-00001: 68%
[ 20%] /data/local/tmp/benchmark/models/classification/mobilenetv2/mobilenetv2/mobilenet_v2_1.0_224.ckpt.data-00000-of-00001: 68%
[ 20%] /data/local/tmp/benchmark/models/classification/mobilenetv2/mobilenetv2/mobilenet_v2_1.0_224.ckpt.data-00000-of-00001: 68%
[ 20%] /data/local/tmp/benchmark/models/classification/mobilenetv2/mobilenetv2/mobilenet_v2_1.0_224.ckpt.data-00000-of-00001: 68%
[ 20%] /data/local/tmp/benchmark/models/classification/mobilenetv2/mobilenetv2/mobilenet_v2_1.0_224.ckpt.data-00000-of-00001: 68%
[ 21%] /data/local/tmp/benchmark/models/classification/mobilenetv2/mobilenetv2/mobilenet_v2_1.0_224.ckpt.data-00000-of-00001: 68%
[ 21%] /data/local/tmp/benchmark/models/classification/mobilenetv2/mobilenetv2/mobilenet_v2_1.0_224.ckpt.data-00000-of-00001: 68%
[ 21%] /data/local/tmp/benchmark/models/classification/mobilenetv2/mobilenetv2/mobilenet_v2_1.0_224.ckpt.data-00000-of-00001: 68%
[ 21%] /data/local/tmp/benchmark/models/classification/mobilenetv2/mobilenetv2/mobilenet_v2_1.0_224.ckpt.data-00000-of-00001: 68%
[ 21%] /data/local/tmp/benchmark/models/classification/mobilenetv2/mobilenetv2/mobilenet_v2_1.0_224.ckpt.data-00000-of-00001: 69%
[ 21%] /data/local/tmp/benchmark/models/classification/mobilenetv2/mobilenetv2/mobilenet_v2_1.0_224.ckpt.data-00000-of-00001: 69%
[ 21%] /data/local/tmp/benchmark/models/classification/mobilenetv2/mobilenetv2/mobilenet_v2_1.0_224.ckpt.data-00000-of-00001: 69%
[ 21%] /data/local/tmp/benchmark/models/classification/mobilenetv2/mobilenetv2/mobilenet_v2_1.0_224.ckpt.data-00000-of-00001: 69%
[ 21%] /data/local/tmp/benchmark/models/classification/mobilenetv2/mobilenetv2/mobilenet_v2_1.0_224.ckpt.data-00000-of-00001: 69%
[ 21%] /data/local/tmp/benchmark/models/classification/mobilenetv2/mobilenetv2/mobilenet_v2_1.0_224.ckpt.data-00000-of-00001: 69%
[ 21%] /data/local/tmp/benchmark/models/classification/mobilenetv2/mobilenetv2/mobilenet_v2_1.0_224.ckpt.data-00000-of-00001: 69%
[ 21%] /data/local/tmp/benchmark/models/classification/mobilenetv2/mobilenetv2/mobilenet_v2_1.0_224.ckpt.data-00000-of-00001: 69%
[ 21%] /data/local/tmp/benchmark/models/classification/mobilenetv2/mobilenetv2/mobilenet_v2_1.0_224.ckpt.data-00000-of-00001: 70%
[ 21%] /data/local/tmp/benchmark/models/classification/mobilenetv2/mobilenetv2/mobilenet_v2_1.0_224.ckpt.data-00000-of-00001: 70%
[ 21%] /data/local/tmp/benchmark/models/classification/mobilenetv2/mobilenetv2/mobilenet_v2_1.0_224.ckpt.data-00000-of-00001: 70%
[ 21%] /data/local/tmp/benchmark/models/classification/mobilenetv2/mobilenetv2/mobilenet_v2_1.0_224.ckpt.data-00000-of-00001: 70%
[ 21%] /data/local/tmp/benchmark/models/classification/mobilenetv2/mobilenetv2/mobilenet_v2_1.0_224.ckpt.data-00000-of-00001: 70%
[ 21%] /data/local/tmp/benchmark/models/classification/mobilenetv2/mobilenetv2/mobilenet_v2_1.0_224.ckpt.data-00000-of-00001: 70%
[ 21%] /data/local/tmp/benchmark/models/classification/mobilenetv2/mobilenetv2/mobilenet_v2_1.0_224.ckpt.data-00000-of-00001: 70%
[ 21%] /data/local/tmp/benchmark/models/classification/mobilenetv2/mobilenetv2/mobilenet_v2_1.0_224.ckpt.data-00000-of-00001: 70%
[ 21%] /data/local/tmp/benchmark/models/classification/mobilenetv2/mobilenetv2/mobilenet_v2_1.0_224.ckpt.data-00000-of-00001: 70%
[ 21%] /data/local/tmp/benchmark/models/classification/mobilenetv2/mobilenetv2/mobilenet_v2_1.0_224.ckpt.data-00000-of-00001: 71%
[ 21%] /data/local/tmp/benchmark/models/classification/mobilenetv2/mobilenetv2/mobilenet_v2_1.0_224.ckpt.data-00000-of-00001: 71%
[ 21%] /data/local/tmp/benchmark/models/classification/mobilenetv2/mobilenetv2/mobilenet_v2_1.0_224.ckpt.data-00000-of-00001: 71%
[ 21%] /data/local/tmp/benchmark/models/classification/mobilenetv2/mobilenetv2/mobilenet_v2_1.0_224.ckpt.data-00000-of-00001: 71%
[ 21%] /data/local/tmp/benchmark/models/classification/mobilenetv2/mobilenetv2/mobilenet_v2_1.0_224.ckpt.data-00000-of-00001: 71%
[ 21%] /data/local/tmp/benchmark/models/classification/mobilenetv2/mobilenetv2/mobilenet_v2_1.0_224.ckpt.data-00000-of-00001: 71%
[ 21%] /data/local/tmp/benchmark/models/classification/mobilenetv2/mobilenetv2/mobilenet_v2_1.0_224.ckpt.data-00000-of-00001: 71%
[ 21%] /data/local/tmp/benchmark/models/classification/mobilenetv2/mobilenetv2/mobilenet_v2_1.0_224.ckpt.data-00000-of-00001: 71%
[ 21%] /data/local/tmp/benchmark/models/classification/mobilenetv2/mobilenetv2/mobilenet_v2_1.0_224.ckpt.data-00000-of-00001: 72%
[ 21%] /data/local/tmp/benchmark/models/classification/mobilenetv2/mobilenetv2/mobilenet_v2_1.0_224.ckpt.data-00000-of-00001: 72%
[ 21%] /data/local/tmp/benchmark/models/classification/mobilenetv2/mobilenetv2/mobilenet_v2_1.0_224.ckpt.data-00000-of-00001: 72%
[ 21%] /data/local/tmp/benchmark/models/classification/mobilenetv2/mobilenetv2/mobilenet_v2_1.0_224.ckpt.data-00000-of-00001: 72%
[ 21%] /data/local/tmp/benchmark/models/classification/mobilenetv2/mobilenetv2/mobilenet_v2_1.0_224.ckpt.data-00000-of-00001: 72%
[ 21%] /data/local/tmp/benchmark/models/classification/mobilenetv2/mobilenetv2/mobilenet_v2_1.0_224.ckpt.data-00000-of-00001: 72%
[ 21%] /data/local/tmp/benchmark/models/classification/mobilenetv2/mobilenetv2/mobilenet_v2_1.0_224.ckpt.data-00000-of-00001: 72%
[ 21%] /data/local/tmp/benchmark/models/classification/mobilenetv2/mobilenetv2/mobilenet_v2_1.0_224.ckpt.data-00000-of-00001: 72%
[ 21%] /data/local/tmp/benchmark/models/classification/mobilenetv2/mobilenetv2/mobilenet_v2_1.0_224.ckpt.data-00000-of-00001: 72%
[ 21%] /data/local/tmp/benchmark/models/classification/mobilenetv2/mobilenetv2/mobilenet_v2_1.0_224.ckpt.data-00000-of-00001: 73%
[ 21%] /data/local/tmp/benchmark/models/classification/mobilenetv2/mobilenetv2/mobilenet_v2_1.0_224.ckpt.data-00000-of-00001: 73%
[ 21%] /data/local/tmp/benchmark/models/classification/mobilenetv2/mobilenetv2/mobilenet_v2_1.0_224.ckpt.data-00000-of-00001: 73%
[ 21%] /data/local/tmp/benchmark/models/classification/mobilenetv2/mobilenetv2/mobilenet_v2_1.0_224.ckpt.data-00000-of-00001: 73%
[ 21%] /data/local/tmp/benchmark/models/classification/mobilenetv2/mobilenetv2/mobilenet_v2_1.0_224.ckpt.data-00000-of-00001: 73%
[ 21%] /data/local/tmp/benchmark/models/classification/mobilenetv2/mobilenetv2/mobilenet_v2_1.0_224.ckpt.data-00000-of-00001: 73%
[ 21%] /data/local/tmp/benchmark/models/classification/mobilenetv2/mobilenetv2/mobilenet_v2_1.0_224.ckpt.data-00000-of-00001: 73%
[ 21%] /data/local/tmp/benchmark/models/classification/mobilenetv2/mobilenetv2/mobilenet_v2_1.0_224.ckpt.data-00000-of-00001: 73%
[ 21%] /data/local/tmp/benchmark/models/classification/mobilenetv2/mobilenetv2/mobilenet_v2_1.0_224.ckpt.data-00000-of-00001: 74%
[ 21%] /data/local/tmp/benchmark/models/classification/mobilenetv2/mobilenetv2/mobilenet_v2_1.0_224.ckpt.data-00000-of-00001: 74%
[ 22%] /data/local/tmp/benchmark/models/classification/mobilenetv2/mobilenetv2/mobilenet_v2_1.0_224.ckpt.data-00000-of-00001: 74%
[ 22%] /data/local/tmp/benchmark/models/classification/mobilenetv2/mobilenetv2/mobilenet_v2_1.0_224.ckpt.data-00000-of-00001: 74%
[ 22%] /data/local/tmp/benchmark/models/classification/mobilenetv2/mobilenetv2/mobilenet_v2_1.0_224.ckpt.data-00000-of-00001: 74%
[ 22%] /data/local/tmp/benchmark/models/classification/mobilenetv2/mobilenetv2/mobilenet_v2_1.0_224.ckpt.data-00000-of-00001: 74%
[ 22%] /data/local/tmp/benchmark/models/classification/mobilenetv2/mobilenetv2/mobilenet_v2_1.0_224.ckpt.data-00000-of-00001: 74%
[ 22%] /data/local/tmp/benchmark/models/classification/mobilenetv2/mobilenetv2/mobilenet_v2_1.0_224.ckpt.data-00000-of-00001: 74%
[ 22%] /data/local/tmp/benchmark/models/classification/mobilenetv2/mobilenetv2/mobilenet_v2_1.0_224.ckpt.data-00000-of-00001: 74%
[ 22%] /data/local/tmp/benchmark/models/classification/mobilenetv2/mobilenetv2/mobilenet_v2_1.0_224.ckpt.data-00000-of-00001: 75%
[ 22%] /data/local/tmp/benchmark/models/classification/mobilenetv2/mobilenetv2/mobilenet_v2_1.0_224.ckpt.data-00000-of-00001: 75%
[ 22%] /data/local/tmp/benchmark/models/classification/mobilenetv2/mobilenetv2/mobilenet_v2_1.0_224.ckpt.data-00000-of-00001: 75%
[ 22%] /data/local/tmp/benchmark/models/classification/mobilenetv2/mobilenetv2/mobilenet_v2_1.0_224.ckpt.data-00000-of-00001: 75%
[ 22%] /data/local/tmp/benchmark/models/classification/mobilenetv2/mobilenetv2/mobilenet_v2_1.0_224.ckpt.data-00000-of-00001: 75%
[ 22%] /data/local/tmp/benchmark/models/classification/mobilenetv2/mobilenetv2/mobilenet_v2_1.0_224.ckpt.data-00000-of-00001: 75%
[ 22%] /data/local/tmp/benchmark/models/classification/mobilenetv2/mobilenetv2/mobilenet_v2_1.0_224.ckpt.data-00000-of-00001: 75%
[ 22%] /data/local/tmp/benchmark/models/classification/mobilenetv2/mobilenetv2/mobilenet_v2_1.0_224.ckpt.data-00000-of-00001: 75%
[ 22%] /data/local/tmp/benchmark/models/classification/mobilenetv2/mobilenetv2/mobilenet_v2_1.0_224.ckpt.data-00000-of-00001: 75%
[ 22%] /data/local/tmp/benchmark/models/classification/mobilenetv2/mobilenetv2/mobilenet_v2_1.0_224.ckpt.data-00000-of-00001: 76%
[ 22%] /data/local/tmp/benchmark/models/classification/mobilenetv2/mobilenetv2/mobilenet_v2_1.0_224.ckpt.data-00000-of-00001: 76%
[ 22%] /data/local/tmp/benchmark/models/classification/mobilenetv2/mobilenetv2/mobilenet_v2_1.0_224.ckpt.data-00000-of-00001: 76%
[ 22%] /data/local/tmp/benchmark/models/classification/mobilenetv2/mobilenetv2/mobilenet_v2_1.0_224.ckpt.data-00000-of-00001: 76%
[ 22%] /data/local/tmp/benchmark/models/classification/mobilenetv2/mobilenetv2/mobilenet_v2_1.0_224.ckpt.data-00000-of-00001: 76%
[ 22%] /data/local/tmp/benchmark/models/classification/mobilenetv2/mobilenetv2/mobilenet_v2_1.0_224.ckpt.data-00000-of-00001: 76%
[ 22%] /data/local/tmp/benchmark/models/classification/mobilenetv2/mobilenetv2/mobilenet_v2_1.0_224.ckpt.data-00000-of-00001: 76%
[ 22%] /data/local/tmp/benchmark/models/classification/mobilenetv2/mobilenetv2/mobilenet_v2_1.0_224.ckpt.data-00000-of-00001: 76%
[ 22%] /data/local/tmp/benchmark/models/classification/mobilenetv2/mobilenetv2/mobilenet_v2_1.0_224.ckpt.data-00000-of-00001: 77%
[ 22%] /data/local/tmp/benchmark/models/classification/mobilenetv2/mobilenetv2/mobilenet_v2_1.0_224.ckpt.data-00000-of-00001: 77%
[ 22%] /data/local/tmp/benchmark/models/classification/mobilenetv2/mobilenetv2/mobilenet_v2_1.0_224.ckpt.data-00000-of-00001: 77%
[ 22%] /data/local/tmp/benchmark/models/classification/mobilenetv2/mobilenetv2/mobilenet_v2_1.0_224.ckpt.data-00000-of-00001: 77%
[ 22%] /data/local/tmp/benchmark/models/classification/mobilenetv2/mobilenetv2/mobilenet_v2_1.0_224.ckpt.data-00000-of-00001: 77%
[ 22%] /data/local/tmp/benchmark/models/classification/mobilenetv2/mobilenetv2/mobilenet_v2_1.0_224.ckpt.data-00000-of-00001: 77%
[ 22%] /data/local/tmp/benchmark/models/classification/mobilenetv2/mobilenetv2/mobilenet_v2_1.0_224.ckpt.data-00000-of-00001: 77%
[ 22%] /data/local/tmp/benchmark/models/classification/mobilenetv2/mobilenetv2/mobilenet_v2_1.0_224.ckpt.data-00000-of-00001: 77%
[ 22%] /data/local/tmp/benchmark/models/classification/mobilenetv2/mobilenetv2/mobilenet_v2_1.0_224.ckpt.data-00000-of-00001: 77%
[ 22%] /data/local/tmp/benchmark/models/classification/mobilenetv2/mobilenetv2/mobilenet_v2_1.0_224.ckpt.data-00000-of-00001: 78%
[ 22%] /data/local/tmp/benchmark/models/classification/mobilenetv2/mobilenetv2/mobilenet_v2_1.0_224.ckpt.data-00000-of-00001: 78%
[ 22%] /data/local/tmp/benchmark/models/classification/mobilenetv2/mobilenetv2/mobilenet_v2_1.0_224.ckpt.data-00000-of-00001: 78%
[ 22%] /data/local/tmp/benchmark/models/classification/mobilenetv2/mobilenetv2/mobilenet_v2_1.0_224.ckpt.data-00000-of-00001: 78%
[ 22%] /data/local/tmp/benchmark/models/classification/mobilenetv2/mobilenetv2/mobilenet_v2_1.0_224.ckpt.data-00000-of-00001: 78%
[ 22%] /data/local/tmp/benchmark/models/classification/mobilenetv2/mobilenetv2/mobilenet_v2_1.0_224.ckpt.data-00000-of-00001: 78%
[ 22%] /data/local/tmp/benchmark/models/classification/mobilenetv2/mobilenetv2/mobilenet_v2_1.0_224.ckpt.data-00000-of-00001: 78%
[ 22%] /data/local/tmp/benchmark/models/classification/mobilenetv2/mobilenetv2/mobilenet_v2_1.0_224.ckpt.data-00000-of-00001: 78%
[ 22%] /data/local/tmp/benchmark/models/classification/mobilenetv2/mobilenetv2/mobilenet_v2_1.0_224.ckpt.data-00000-of-00001: 79%
[ 22%] /data/local/tmp/benchmark/models/classification/mobilenetv2/mobilenetv2/mobilenet_v2_1.0_224.ckpt.data-00000-of-00001: 79%
[ 22%] /data/local/tmp/benchmark/models/classification/mobilenetv2/mobilenetv2/mobilenet_v2_1.0_224.ckpt.data-00000-of-00001: 79%
[ 22%] /data/local/tmp/benchmark/models/classification/mobilenetv2/mobilenetv2/mobilenet_v2_1.0_224.ckpt.data-00000-of-00001: 79%
[ 22%] /data/local/tmp/benchmark/models/classification/mobilenetv2/mobilenetv2/mobilenet_v2_1.0_224.ckpt.data-00000-of-00001: 79%
[ 22%] /data/local/tmp/benchmark/models/classification/mobilenetv2/mobilenetv2/mobilenet_v2_1.0_224.ckpt.data-00000-of-00001: 79%
[ 22%] /data/local/tmp/benchmark/models/classification/mobilenetv2/mobilenetv2/mobilenet_v2_1.0_224.ckpt.data-00000-of-00001: 79%
[ 22%] /data/local/tmp/benchmark/models/classification/mobilenetv2/mobilenetv2/mobilenet_v2_1.0_224.ckpt.data-00000-of-00001: 79%
[ 23%] /data/local/tmp/benchmark/models/classification/mobilenetv2/mobilenetv2/mobilenet_v2_1.0_224.ckpt.data-00000-of-00001: 79%
[ 23%] /data/local/tmp/benchmark/models/classification/mobilenetv2/mobilenetv2/mobilenet_v2_1.0_224.ckpt.data-00000-of-00001: 80%
[ 23%] /data/local/tmp/benchmark/models/classification/mobilenetv2/mobilenetv2/mobilenet_v2_1.0_224.ckpt.data-00000-of-00001: 80%
[ 23%] /data/local/tmp/benchmark/models/classification/mobilenetv2/mobilenetv2/mobilenet_v2_1.0_224.ckpt.data-00000-of-00001: 80%
[ 23%] /data/local/tmp/benchmark/models/classification/mobilenetv2/mobilenetv2/mobilenet_v2_1.0_224.ckpt.data-00000-of-00001: 80%
[ 23%] /data/local/tmp/benchmark/models/classification/mobilenetv2/mobilenetv2/mobilenet_v2_1.0_224.ckpt.data-00000-of-00001: 80%
[ 23%] /data/local/tmp/benchmark/models/classification/mobilenetv2/mobilenetv2/mobilenet_v2_1.0_224.ckpt.data-00000-of-00001: 80%
[ 23%] /data/local/tmp/benchmark/models/classification/mobilenetv2/mobilenetv2/mobilenet_v2_1.0_224.ckpt.data-00000-of-00001: 80%
[ 23%] /data/local/tmp/benchmark/models/classification/mobilenetv2/mobilenetv2/mobilenet_v2_1.0_224.ckpt.data-00000-of-00001: 80%
[ 23%] /data/local/tmp/benchmark/models/classification/mobilenetv2/mobilenetv2/mobilenet_v2_1.0_224.ckpt.data-00000-of-00001: 80%
[ 23%] /data/local/tmp/benchmark/models/classification/mobilenetv2/mobilenetv2/mobilenet_v2_1.0_224.ckpt.data-00000-of-00001: 81%
[ 23%] /data/local/tmp/benchmark/models/classification/mobilenetv2/mobilenetv2/mobilenet_v2_1.0_224.ckpt.data-00000-of-00001: 81%
[ 23%] /data/local/tmp/benchmark/models/classification/mobilenetv2/mobilenetv2/mobilenet_v2_1.0_224.ckpt.data-00000-of-00001: 81%
[ 23%] /data/local/tmp/benchmark/models/classification/mobilenetv2/mobilenetv2/mobilenet_v2_1.0_224.ckpt.data-00000-of-00001: 81%
[ 23%] /data/local/tmp/benchmark/models/classification/mobilenetv2/mobilenetv2/mobilenet_v2_1.0_224.ckpt.data-00000-of-00001: 81%
[ 23%] /data/local/tmp/benchmark/models/classification/mobilenetv2/mobilenetv2/mobilenet_v2_1.0_224.ckpt.data-00000-of-00001: 81%
[ 23%] /data/local/tmp/benchmark/models/classification/mobilenetv2/mobilenetv2/mobilenet_v2_1.0_224.ckpt.data-00000-of-00001: 81%
[ 23%] /data/local/tmp/benchmark/models/classification/mobilenetv2/mobilenetv2/mobilenet_v2_1.0_224.ckpt.data-00000-of-00001: 81%
[ 23%] /data/local/tmp/benchmark/models/classification/mobilenetv2/mobilenetv2/mobilenet_v2_1.0_224.ckpt.data-00000-of-00001: 82%
[ 23%] /data/local/tmp/benchmark/models/classification/mobilenetv2/mobilenetv2/mobilenet_v2_1.0_224.ckpt.data-00000-of-00001: 82%
[ 23%] /data/local/tmp/benchmark/models/classification/mobilenetv2/mobilenetv2/mobilenet_v2_1.0_224.ckpt.data-00000-of-00001: 82%
[ 23%] /data/local/tmp/benchmark/models/classification/mobilenetv2/mobilenetv2/mobilenet_v2_1.0_224.ckpt.data-00000-of-00001: 82%
[ 23%] /data/local/tmp/benchmark/models/classification/mobilenetv2/mobilenetv2/mobilenet_v2_1.0_224.ckpt.data-00000-of-00001: 82%
[ 23%] /data/local/tmp/benchmark/models/classification/mobilenetv2/mobilenetv2/mobilenet_v2_1.0_224.ckpt.data-00000-of-00001: 82%
[ 23%] /data/local/tmp/benchmark/models/classification/mobilenetv2/mobilenetv2/mobilenet_v2_1.0_224.ckpt.data-00000-of-00001: 82%
[ 23%] /data/local/tmp/benchmark/models/classification/mobilenetv2/mobilenetv2/mobilenet_v2_1.0_224.ckpt.data-00000-of-00001: 82%
[ 23%] /data/local/tmp/benchmark/models/classification/mobilenetv2/mobilenetv2/mobilenet_v2_1.0_224.ckpt.data-00000-of-00001: 82%
[ 23%] /data/local/tmp/benchmark/models/classification/mobilenetv2/mobilenetv2/mobilenet_v2_1.0_224.ckpt.data-00000-of-00001: 83%
[ 23%] /data/local/tmp/benchmark/models/classification/mobilenetv2/mobilenetv2/mobilenet_v2_1.0_224.ckpt.data-00000-of-00001: 83%
[ 23%] /data/local/tmp/benchmark/models/classification/mobilenetv2/mobilenetv2/mobilenet_v2_1.0_224.ckpt.data-00000-of-00001: 83%
[ 23%] /data/local/tmp/benchmark/models/classification/mobilenetv2/mobilenetv2/mobilenet_v2_1.0_224.ckpt.data-00000-of-00001: 83%
[ 23%] /data/local/tmp/benchmark/models/classification/mobilenetv2/mobilenetv2/mobilenet_v2_1.0_224.ckpt.data-00000-of-00001: 83%
[ 23%] /data/local/tmp/benchmark/models/classification/mobilenetv2/mobilenetv2/mobilenet_v2_1.0_224.ckpt.data-00000-of-00001: 83%
[ 23%] /data/local/tmp/benchmark/models/classification/mobilenetv2/mobilenetv2/mobilenet_v2_1.0_224.ckpt.data-00000-of-00001: 83%
[ 23%] /data/local/tmp/benchmark/models/classification/mobilenetv2/mobilenetv2/mobilenet_v2_1.0_224.ckpt.data-00000-of-00001: 83%
[ 23%] /data/local/tmp/benchmark/models/classification/mobilenetv2/mobilenetv2/mobilenet_v2_1.0_224.ckpt.data-00000-of-00001: 84%
[ 23%] /data/local/tmp/benchmark/models/classification/mobilenetv2/mobilenetv2/mobilenet_v2_1.0_224.ckpt.data-00000-of-00001: 84%
[ 23%] /data/local/tmp/benchmark/models/classification/mobilenetv2/mobilenetv2/mobilenet_v2_1.0_224.ckpt.data-00000-of-00001: 84%
[ 23%] /data/local/tmp/benchmark/models/classification/mobilenetv2/mobilenetv2/mobilenet_v2_1.0_224.ckpt.data-00000-of-00001: 84%
[ 23%] /data/local/tmp/benchmark/models/classification/mobilenetv2/mobilenetv2/mobilenet_v2_1.0_224.ckpt.data-00000-of-00001: 84%
[ 23%] /data/local/tmp/benchmark/models/classification/mobilenetv2/mobilenetv2/mobilenet_v2_1.0_224.ckpt.data-00000-of-00001: 84%
[ 23%] /data/local/tmp/benchmark/models/classification/mobilenetv2/mobilenetv2/mobilenet_v2_1.0_224.ckpt.data-00000-of-00001: 84%
[ 23%] /data/local/tmp/benchmark/models/classification/mobilenetv2/mobilenetv2/mobilenet_v2_1.0_224.ckpt.data-00000-of-00001: 84%
[ 23%] /data/local/tmp/benchmark/models/classification/mobilenetv2/mobilenetv2/mobilenet_v2_1.0_224.ckpt.data-00000-of-00001: 84%
[ 23%] /data/local/tmp/benchmark/models/classification/mobilenetv2/mobilenetv2/mobilenet_v2_1.0_224.ckpt.data-00000-of-00001: 85%
[ 23%] /data/local/tmp/benchmark/models/classification/mobilenetv2/mobilenetv2/mobilenet_v2_1.0_224.ckpt.data-00000-of-00001: 85%
[ 23%] /data/local/tmp/benchmark/models/classification/mobilenetv2/mobilenetv2/mobilenet_v2_1.0_224.ckpt.data-00000-of-00001: 85%
[ 23%] /data/local/tmp/benchmark/models/classification/mobilenetv2/mobilenetv2/mobilenet_v2_1.0_224.ckpt.data-00000-of-00001: 85%
[ 24%] /data/local/tmp/benchmark/models/classification/mobilenetv2/mobilenetv2/mobilenet_v2_1.0_224.ckpt.data-00000-of-00001: 85%
[ 24%] /data/local/tmp/benchmark/models/classification/mobilenetv2/mobilenetv2/mobilenet_v2_1.0_224.ckpt.data-00000-of-00001: 85%
[ 24%] /data/local/tmp/benchmark/models/classification/mobilenetv2/mobilenetv2/mobilenet_v2_1.0_224.ckpt.data-00000-of-00001: 85%
[ 24%] /data/local/tmp/benchmark/models/classification/mobilenetv2/mobilenetv2/mobilenet_v2_1.0_224.ckpt.data-00000-of-00001: 85%
[ 24%] /data/local/tmp/benchmark/models/classification/mobilenetv2/mobilenetv2/mobilenet_v2_1.0_224.ckpt.data-00000-of-00001: 86%
[ 24%] /data/local/tmp/benchmark/models/classification/mobilenetv2/mobilenetv2/mobilenet_v2_1.0_224.ckpt.data-00000-of-00001: 86%
[ 24%] /data/local/tmp/benchmark/models/classification/mobilenetv2/mobilenetv2/mobilenet_v2_1.0_224.ckpt.data-00000-of-00001: 86%
[ 24%] /data/local/tmp/benchmark/models/classification/mobilenetv2/mobilenetv2/mobilenet_v2_1.0_224.ckpt.data-00000-of-00001: 86%
[ 24%] /data/local/tmp/benchmark/models/classification/mobilenetv2/mobilenetv2/mobilenet_v2_1.0_224.ckpt.data-00000-of-00001: 86%
[ 24%] /data/local/tmp/benchmark/models/classification/mobilenetv2/mobilenetv2/mobilenet_v2_1.0_224.ckpt.data-00000-of-00001: 86%
[ 24%] /data/local/tmp/benchmark/models/classification/mobilenetv2/mobilenetv2/mobilenet_v2_1.0_224.ckpt.data-00000-of-00001: 86%
[ 24%] /data/local/tmp/benchmark/models/classification/mobilenetv2/mobilenetv2/mobilenet_v2_1.0_224.ckpt.data-00000-of-00001: 86%
[ 24%] /data/local/tmp/benchmark/models/classification/mobilenetv2/mobilenetv2/mobilenet_v2_1.0_224.ckpt.data-00000-of-00001: 86%
[ 24%] /data/local/tmp/benchmark/models/classification/mobilenetv2/mobilenetv2/mobilenet_v2_1.0_224.ckpt.data-00000-of-00001: 87%
[ 24%] /data/local/tmp/benchmark/models/classification/mobilenetv2/mobilenetv2/mobilenet_v2_1.0_224.ckpt.data-00000-of-00001: 87%
[ 24%] /data/local/tmp/benchmark/models/classification/mobilenetv2/mobilenetv2/mobilenet_v2_1.0_224.ckpt.data-00000-of-00001: 87%
[ 24%] /data/local/tmp/benchmark/models/classification/mobilenetv2/mobilenetv2/mobilenet_v2_1.0_224.ckpt.data-00000-of-00001: 87%
[ 24%] /data/local/tmp/benchmark/models/classification/mobilenetv2/mobilenetv2/mobilenet_v2_1.0_224.ckpt.data-00000-of-00001: 87%
[ 24%] /data/local/tmp/benchmark/models/classification/mobilenetv2/mobilenetv2/mobilenet_v2_1.0_224.ckpt.data-00000-of-00001: 87%
[ 24%] /data/local/tmp/benchmark/models/classification/mobilenetv2/mobilenetv2/mobilenet_v2_1.0_224.ckpt.data-00000-of-00001: 87%
[ 24%] /data/local/tmp/benchmark/models/classification/mobilenetv2/mobilenetv2/mobilenet_v2_1.0_224.ckpt.data-00000-of-00001: 87%
[ 24%] /data/local/tmp/benchmark/models/classification/mobilenetv2/mobilenetv2/mobilenet_v2_1.0_224.ckpt.data-00000-of-00001: 87%
[ 24%] /data/local/tmp/benchmark/models/classification/mobilenetv2/mobilenetv2/mobilenet_v2_1.0_224.ckpt.data-00000-of-00001: 88%
[ 24%] /data/local/tmp/benchmark/models/classification/mobilenetv2/mobilenetv2/mobilenet_v2_1.0_224.ckpt.data-00000-of-00001: 88%
[ 24%] /data/local/tmp/benchmark/models/classification/mobilenetv2/mobilenetv2/mobilenet_v2_1.0_224.ckpt.data-00000-of-00001: 88%
[ 24%] /data/local/tmp/benchmark/models/classification/mobilenetv2/mobilenetv2/mobilenet_v2_1.0_224.ckpt.data-00000-of-00001: 88%
[ 24%] /data/local/tmp/benchmark/models/classification/mobilenetv2/mobilenetv2/mobilenet_v2_1.0_224.ckpt.data-00000-of-00001: 88%
[ 24%] /data/local/tmp/benchmark/models/classification/mobilenetv2/mobilenetv2/mobilenet_v2_1.0_224.ckpt.data-00000-of-00001: 88%
[ 24%] /data/local/tmp/benchmark/models/classification/mobilenetv2/mobilenetv2/mobilenet_v2_1.0_224.ckpt.data-00000-of-00001: 88%
[ 24%] /data/local/tmp/benchmark/models/classification/mobilenetv2/mobilenetv2/mobilenet_v2_1.0_224.ckpt.data-00000-of-00001: 88%
[ 24%] /data/local/tmp/benchmark/models/classification/mobilenetv2/mobilenetv2/mobilenet_v2_1.0_224.ckpt.data-00000-of-00001: 89%
[ 24%] /data/local/tmp/benchmark/models/classification/mobilenetv2/mobilenetv2/mobilenet_v2_1.0_224.ckpt.data-00000-of-00001: 89%
[ 24%] /data/local/tmp/benchmark/models/classification/mobilenetv2/mobilenetv2/mobilenet_v2_1.0_224.ckpt.data-00000-of-00001: 89%
[ 24%] /data/local/tmp/benchmark/models/classification/mobilenetv2/mobilenetv2/mobilenet_v2_1.0_224.ckpt.data-00000-of-00001: 89%
[ 24%] /data/local/tmp/benchmark/models/classification/mobilenetv2/mobilenetv2/mobilenet_v2_1.0_224.ckpt.data-00000-of-00001: 89%
[ 24%] /data/local/tmp/benchmark/models/classification/mobilenetv2/mobilenetv2/mobilenet_v2_1.0_224.ckpt.data-00000-of-00001: 89%
[ 24%] /data/local/tmp/benchmark/models/classification/mobilenetv2/mobilenetv2/mobilenet_v2_1.0_224.ckpt.data-00000-of-00001: 89%
[ 24%] /data/local/tmp/benchmark/models/classification/mobilenetv2/mobilenetv2/mobilenet_v2_1.0_224.ckpt.data-00000-of-00001: 89%
[ 24%] /data/local/tmp/benchmark/models/classification/mobilenetv2/mobilenetv2/mobilenet_v2_1.0_224.ckpt.data-00000-of-00001: 89%
[ 24%] /data/local/tmp/benchmark/models/classification/mobilenetv2/mobilenetv2/mobilenet_v2_1.0_224.ckpt.data-00000-of-00001: 90%
[ 24%] /data/local/tmp/benchmark/models/classification/mobilenetv2/mobilenetv2/mobilenet_v2_1.0_224.ckpt.data-00000-of-00001: 90%
[ 24%] /data/local/tmp/benchmark/models/classification/mobilenetv2/mobilenetv2/mobilenet_v2_1.0_224.ckpt.data-00000-of-00001: 90%
[ 24%] /data/local/tmp/benchmark/models/classification/mobilenetv2/mobilenetv2/mobilenet_v2_1.0_224.ckpt.data-00000-of-00001: 90%
[ 24%] /data/local/tmp/benchmark/models/classification/mobilenetv2/mobilenetv2/mobilenet_v2_1.0_224.ckpt.data-00000-of-00001: 90%
[ 24%] /data/local/tmp/benchmark/models/classification/mobilenetv2/mobilenetv2/mobilenet_v2_1.0_224.ckpt.data-00000-of-00001: 90%
[ 24%] /data/local/tmp/benchmark/models/classification/mobilenetv2/mobilenetv2/mobilenet_v2_1.0_224.ckpt.data-00000-of-00001: 90%
[ 24%] /data/local/tmp/benchmark/models/classification/mobilenetv2/mobilenetv2/mobilenet_v2_1.0_224.ckpt.data-00000-of-00001: 90%
[ 24%] /data/local/tmp/benchmark/models/classification/mobilenetv2/mobilenetv2/mobilenet_v2_1.0_224.ckpt.data-00000-of-00001: 91%
[ 25%] /data/local/tmp/benchmark/models/classification/mobilenetv2/mobilenetv2/mobilenet_v2_1.0_224.ckpt.data-00000-of-00001: 91%
[ 25%] /data/local/tmp/benchmark/models/classification/mobilenetv2/mobilenetv2/mobilenet_v2_1.0_224.ckpt.data-00000-of-00001: 91%
[ 25%] /data/local/tmp/benchmark/models/classification/mobilenetv2/mobilenetv2/mobilenet_v2_1.0_224.ckpt.data-00000-of-00001: 91%
[ 25%] /data/local/tmp/benchmark/models/classification/mobilenetv2/mobilenetv2/mobilenet_v2_1.0_224.ckpt.data-00000-of-00001: 91%
[ 25%] /data/local/tmp/benchmark/models/classification/mobilenetv2/mobilenetv2/mobilenet_v2_1.0_224.ckpt.data-00000-of-00001: 91%
[ 25%] /data/local/tmp/benchmark/models/classification/mobilenetv2/mobilenetv2/mobilenet_v2_1.0_224.ckpt.data-00000-of-00001: 91%
[ 25%] /data/local/tmp/benchmark/models/classification/mobilenetv2/mobilenetv2/mobilenet_v2_1.0_224.ckpt.data-00000-of-00001: 91%
[ 25%] /data/local/tmp/benchmark/models/classification/mobilenetv2/mobilenetv2/mobilenet_v2_1.0_224.ckpt.data-00000-of-00001: 91%
[ 25%] /data/local/tmp/benchmark/models/classification/mobilenetv2/mobilenetv2/mobilenet_v2_1.0_224.ckpt.data-00000-of-00001: 92%
[ 25%] /data/local/tmp/benchmark/models/classification/mobilenetv2/mobilenetv2/mobilenet_v2_1.0_224.ckpt.data-00000-of-00001: 92%
[ 25%] /data/local/tmp/benchmark/models/classification/mobilenetv2/mobilenetv2/mobilenet_v2_1.0_224.ckpt.data-00000-of-00001: 92%
[ 25%] /data/local/tmp/benchmark/models/classification/mobilenetv2/mobilenetv2/mobilenet_v2_1.0_224.ckpt.data-00000-of-00001: 92%
[ 25%] /data/local/tmp/benchmark/models/classification/mobilenetv2/mobilenetv2/mobilenet_v2_1.0_224.ckpt.data-00000-of-00001: 92%
[ 25%] /data/local/tmp/benchmark/models/classification/mobilenetv2/mobilenetv2/mobilenet_v2_1.0_224.ckpt.data-00000-of-00001: 92%
[ 25%] /data/local/tmp/benchmark/models/classification/mobilenetv2/mobilenetv2/mobilenet_v2_1.0_224.ckpt.data-00000-of-00001: 92%
[ 25%] /data/local/tmp/benchmark/models/classification/mobilenetv2/mobilenetv2/mobilenet_v2_1.0_224.ckpt.data-00000-of-00001: 92%
[ 25%] /data/local/tmp/benchmark/models/classification/mobilenetv2/mobilenetv2/mobilenet_v2_1.0_224.ckpt.data-00000-of-00001: 92%
[ 25%] /data/local/tmp/benchmark/models/classification/mobilenetv2/mobilenetv2/mobilenet_v2_1.0_224.ckpt.data-00000-of-00001: 93%
[ 25%] /data/local/tmp/benchmark/models/classification/mobilenetv2/mobilenetv2/mobilenet_v2_1.0_224.ckpt.data-00000-of-00001: 93%
[ 25%] /data/local/tmp/benchmark/models/classification/mobilenetv2/mobilenetv2/mobilenet_v2_1.0_224.ckpt.data-00000-of-00001: 93%
[ 25%] /data/local/tmp/benchmark/models/classification/mobilenetv2/mobilenetv2/mobilenet_v2_1.0_224.ckpt.data-00000-of-00001: 93%
[ 25%] /data/local/tmp/benchmark/models/classification/mobilenetv2/mobilenetv2/mobilenet_v2_1.0_224.ckpt.data-00000-of-00001: 93%
[ 25%] /data/local/tmp/benchmark/models/classification/mobilenetv2/mobilenetv2/mobilenet_v2_1.0_224.ckpt.data-00000-of-00001: 93%
[ 25%] /data/local/tmp/benchmark/models/classification/mobilenetv2/mobilenetv2/mobilenet_v2_1.0_224.ckpt.data-00000-of-00001: 93%
[ 25%] /data/local/tmp/benchmark/models/classification/mobilenetv2/mobilenetv2/mobilenet_v2_1.0_224.ckpt.data-00000-of-00001: 93%
[ 25%] /data/local/tmp/benchmark/models/classification/mobilenetv2/mobilenetv2/mobilenet_v2_1.0_224.ckpt.data-00000-of-00001: 94%
[ 25%] /data/local/tmp/benchmark/models/classification/mobilenetv2/mobilenetv2/mobilenet_v2_1.0_224.ckpt.data-00000-of-00001: 94%
[ 25%] /data/local/tmp/benchmark/models/classification/mobilenetv2/mobilenetv2/mobilenet_v2_1.0_224.ckpt.data-00000-of-00001: 94%
[ 25%] /data/local/tmp/benchmark/models/classification/mobilenetv2/mobilenetv2/mobilenet_v2_1.0_224.ckpt.data-00000-of-00001: 94%
[ 25%] /data/local/tmp/benchmark/models/classification/mobilenetv2/mobilenetv2/mobilenet_v2_1.0_224.ckpt.data-00000-of-00001: 94%
[ 25%] /data/local/tmp/benchmark/models/classification/mobilenetv2/mobilenetv2/mobilenet_v2_1.0_224.ckpt.data-00000-of-00001: 94%
[ 25%] /data/local/tmp/benchmark/models/classification/mobilenetv2/mobilenetv2/mobilenet_v2_1.0_224.ckpt.data-00000-of-00001: 94%
[ 25%] /data/local/tmp/benchmark/models/classification/mobilenetv2/mobilenetv2/mobilenet_v2_1.0_224.ckpt.data-00000-of-00001: 94%
[ 25%] /data/local/tmp/benchmark/models/classification/mobilenetv2/mobilenetv2/mobilenet_v2_1.0_224.ckpt.data-00000-of-00001: 94%
[ 25%] /data/local/tmp/benchmark/models/classification/mobilenetv2/mobilenetv2/mobilenet_v2_1.0_224.ckpt.data-00000-of-00001: 95%
[ 25%] /data/local/tmp/benchmark/models/classification/mobilenetv2/mobilenetv2/mobilenet_v2_1.0_224.ckpt.data-00000-of-00001: 95%
[ 25%] /data/local/tmp/benchmark/models/classification/mobilenetv2/mobilenetv2/mobilenet_v2_1.0_224.ckpt.data-00000-of-00001: 95%
[ 25%] /data/local/tmp/benchmark/models/classification/mobilenetv2/mobilenetv2/mobilenet_v2_1.0_224.ckpt.data-00000-of-00001: 95%
[ 25%] /data/local/tmp/benchmark/models/classification/mobilenetv2/mobilenetv2/mobilenet_v2_1.0_224.ckpt.data-00000-of-00001: 95%
[ 25%] /data/local/tmp/benchmark/models/classification/mobilenetv2/mobilenetv2/mobilenet_v2_1.0_224.ckpt.data-00000-of-00001: 95%
[ 25%] /data/local/tmp/benchmark/models/classification/mobilenetv2/mobilenetv2/mobilenet_v2_1.0_224.ckpt.data-00000-of-00001: 95%
[ 25%] /data/local/tmp/benchmark/models/classification/mobilenetv2/mobilenetv2/mobilenet_v2_1.0_224.ckpt.data-00000-of-00001: 95%
[ 25%] /data/local/tmp/benchmark/models/classification/mobilenetv2/mobilenetv2/mobilenet_v2_1.0_224.ckpt.data-00000-of-00001: 96%
[ 25%] /data/local/tmp/benchmark/models/classification/mobilenetv2/mobilenetv2/mobilenet_v2_1.0_224.ckpt.data-00000-of-00001: 96%
[ 25%] /data/local/tmp/benchmark/models/classification/mobilenetv2/mobilenetv2/mobilenet_v2_1.0_224.ckpt.data-00000-of-00001: 96%
[ 25%] /data/local/tmp/benchmark/models/classification/mobilenetv2/mobilenetv2/mobilenet_v2_1.0_224.ckpt.data-00000-of-00001: 96%
[ 25%] /data/local/tmp/benchmark/models/classification/mobilenetv2/mobilenetv2/mobilenet_v2_1.0_224.ckpt.data-00000-of-00001: 96%
[ 25%] /data/local/tmp/benchmark/models/classification/mobilenetv2/mobilenetv2/mobilenet_v2_1.0_224.ckpt.data-00000-of-00001: 96%
[ 25%] /data/local/tmp/benchmark/models/classification/mobilenetv2/mobilenetv2/mobilenet_v2_1.0_224.ckpt.data-00000-of-00001: 96%
[ 26%] /data/local/tmp/benchmark/models/classification/mobilenetv2/mobilenetv2/mobilenet_v2_1.0_224.ckpt.data-00000-of-00001: 96%
[ 26%] /data/local/tmp/benchmark/models/classification/mobilenetv2/mobilenetv2/mobilenet_v2_1.0_224.ckpt.data-00000-of-00001: 96%
[ 26%] /data/local/tmp/benchmark/models/classification/mobilenetv2/mobilenetv2/mobilenet_v2_1.0_224.ckpt.data-00000-of-00001: 97%
[ 26%] /data/local/tmp/benchmark/models/classification/mobilenetv2/mobilenetv2/mobilenet_v2_1.0_224.ckpt.data-00000-of-00001: 97%
[ 26%] /data/local/tmp/benchmark/models/classification/mobilenetv2/mobilenetv2/mobilenet_v2_1.0_224.ckpt.data-00000-of-00001: 97%
[ 26%] /data/local/tmp/benchmark/models/classification/mobilenetv2/mobilenetv2/mobilenet_v2_1.0_224.ckpt.data-00000-of-00001: 97%
[ 26%] /data/local/tmp/benchmark/models/classification/mobilenetv2/mobilenetv2/mobilenet_v2_1.0_224.ckpt.data-00000-of-00001: 97%
[ 26%] /data/local/tmp/benchmark/models/classification/mobilenetv2/mobilenetv2/mobilenet_v2_1.0_224.ckpt.data-00000-of-00001: 97%
[ 26%] /data/local/tmp/benchmark/models/classification/mobilenetv2/mobilenetv2/mobilenet_v2_1.0_224.ckpt.data-00000-of-00001: 97%
[ 26%] /data/local/tmp/benchmark/models/classification/mobilenetv2/mobilenetv2/mobilenet_v2_1.0_224.ckpt.data-00000-of-00001: 97%
[ 26%] /data/local/tmp/benchmark/models/classification/mobilenetv2/mobilenetv2/mobilenet_v2_1.0_224.ckpt.data-00000-of-00001: 98%
[ 26%] /data/local/tmp/benchmark/models/classification/mobilenetv2/mobilenetv2/mobilenet_v2_1.0_224.ckpt.data-00000-of-00001: 98%
[ 26%] /data/local/tmp/benchmark/models/classification/mobilenetv2/mobilenetv2/mobilenet_v2_1.0_224.ckpt.data-00000-of-00001: 98%
[ 26%] /data/local/tmp/benchmark/models/classification/mobilenetv2/mobilenetv2/mobilenet_v2_1.0_224.ckpt.data-00000-of-00001: 98%
[ 26%] /data/local/tmp/benchmark/models/classification/mobilenetv2/mobilenetv2/mobilenet_v2_1.0_224.ckpt.data-00000-of-00001: 98%
[ 26%] /data/local/tmp/benchmark/models/classification/mobilenetv2/mobilenetv2/mobilenet_v2_1.0_224.ckpt.data-00000-of-00001: 98%
[ 26%] /data/local/tmp/benchmark/models/classification/mobilenetv2/mobilenetv2/mobilenet_v2_1.0_224.ckpt.data-00000-of-00001: 98%
[ 26%] /data/local/tmp/benchmark/models/classification/mobilenetv2/mobilenetv2/mobilenet_v2_1.0_224.ckpt.data-00000-of-00001: 98%
[ 26%] /data/local/tmp/benchmark/models/classification/mobilenetv2/mobilenetv2/mobilenet_v2_1.0_224.ckpt.data-00000-of-00001: 98%
[ 26%] /data/local/tmp/benchmark/models/classification/mobilenetv2/mobilenetv2/mobilenet_v2_1.0_224.ckpt.data-00000-of-00001: 99%
[ 26%] /data/local/tmp/benchmark/models/classification/mobilenetv2/mobilenetv2/mobilenet_v2_1.0_224.ckpt.data-00000-of-00001: 99%
[ 26%] /data/local/tmp/benchmark/models/classification/mobilenetv2/mobilenetv2/mobilenet_v2_1.0_224.ckpt.data-00000-of-00001: 99%
[ 26%] /data/local/tmp/benchmark/models/classification/mobilenetv2/mobilenetv2/mobilenet_v2_1.0_224.ckpt.data-00000-of-00001: 99%
[ 26%] /data/local/tmp/benchmark/models/classification/mobilenetv2/mobilenetv2/mobilenet_v2_1.0_224.ckpt.data-00000-of-00001: 99%
[ 26%] /data/local/tmp/benchmark/models/classification/mobilenetv2/mobilenetv2/mobilenet_v2_1.0_224.ckpt.data-00000-of-00001: 99%
[ 26%] /data/local/tmp/benchmark/models/classification/mobilenetv2/mobilenetv2/mobilenet_v2_1.0_224.ckpt.data-00000-of-00001: 99%
[ 26%] /data/local/tmp/benchmark/models/classification/mobilenetv2/mobilenetv2/mobilenet_v2_1.0_224.ckpt.data-00000-of-00001: 99%
[ 26%] /data/local/tmp/benchmark/models/classification/mobilenetv2/mobilenetv2/mobilenet_v2_1.0_224.ckpt.data-00000-of-00001: 99%
[ 26%] /data/local/tmp/benchmark/models/classification/mobilenetv2/mobilenetv2/mobilenet_v2_1.0_224.ckpt.data-00000-of-00001: 100%
[ 26%] /data/local/tmp/benchmark/models/classification/mobilenetv2/mobilenetv2/mobilenetv2.pt: 0%
[ 26%] /data/local/tmp/benchmark/models/classification/mobilenetv2/mobilenetv2/mobilenetv2.pt: 0%
[ 26%] /data/local/tmp/benchmark/models/classification/mobilenetv2/mobilenetv2/mobilenetv2.pt: 1%
[ 26%] /data/local/tmp/benchmark/models/classification/mobilenetv2/mobilenetv2/mobilenetv2.pt: 1%
[ 26%] /data/local/tmp/benchmark/models/classification/mobilenetv2/mobilenetv2/mobilenetv2.pt: 2%
[ 26%] /data/local/tmp/benchmark/models/classification/mobilenetv2/mobilenetv2/mobilenetv2.pt: 2%
[ 26%] /data/local/tmp/benchmark/models/classification/mobilenetv2/mobilenetv2/mobilenetv2.pt: 3%
[ 26%] /data/local/tmp/benchmark/models/classification/mobilenetv2/mobilenetv2/mobilenetv2.pt: 3%
[ 26%] /data/local/tmp/benchmark/models/classification/mobilenetv2/mobilenetv2/mobilenetv2.pt: 4%
[ 26%] /data/local/tmp/benchmark/models/classification/mobilenetv2/mobilenetv2/mobilenetv2.pt: 4%
[ 26%] /data/local/tmp/benchmark/models/classification/mobilenetv2/mobilenetv2/mobilenetv2.pt: 4%
[ 26%] /data/local/tmp/benchmark/models/classification/mobilenetv2/mobilenetv2/mobilenetv2.pt: 5%
[ 26%] /data/local/tmp/benchmark/models/classification/mobilenetv2/mobilenetv2/mobilenetv2.pt: 5%
[ 26%] /data/local/tmp/benchmark/models/classification/mobilenetv2/mobilenetv2/mobilenetv2.pt: 6%
[ 26%] /data/local/tmp/benchmark/models/classification/mobilenetv2/mobilenetv2/mobilenetv2.pt: 6%
[ 26%] /data/local/tmp/benchmark/models/classification/mobilenetv2/mobilenetv2/mobilenetv2.pt: 7%
[ 26%] /data/local/tmp/benchmark/models/classification/mobilenetv2/mobilenetv2/mobilenetv2.pt: 7%
[ 26%] /data/local/tmp/benchmark/models/classification/mobilenetv2/mobilenetv2/mobilenetv2.pt: 8%
[ 26%] /data/local/tmp/benchmark/models/classification/mobilenetv2/mobilenetv2/mobilenetv2.pt: 8%
[ 26%] /data/local/tmp/benchmark/models/classification/mobilenetv2/mobilenetv2/mobilenetv2.pt: 9%
[ 27%] /data/local/tmp/benchmark/models/classification/mobilenetv2/mobilenetv2/mobilenetv2.pt: 9%
[ 27%] /data/local/tmp/benchmark/models/classification/mobilenetv2/mobilenetv2/mobilenetv2.pt: 9%
[ 27%] /data/local/tmp/benchmark/models/classification/mobilenetv2/mobilenetv2/mobilenetv2.pt: 10%
[ 27%] /data/local/tmp/benchmark/models/classification/mobilenetv2/mobilenetv2/mobilenetv2.pt: 10%
[ 27%] /data/local/tmp/benchmark/models/classification/mobilenetv2/mobilenetv2/mobilenetv2.pt: 11%
[ 27%] /data/local/tmp/benchmark/models/classification/mobilenetv2/mobilenetv2/mobilenetv2.pt: 11%
[ 27%] /data/local/tmp/benchmark/models/classification/mobilenetv2/mobilenetv2/mobilenetv2.pt: 12%
[ 27%] /data/local/tmp/benchmark/models/classification/mobilenetv2/mobilenetv2/mobilenetv2.pt: 12%
[ 27%] /data/local/tmp/benchmark/models/classification/mobilenetv2/mobilenetv2/mobilenetv2.pt: 13%
[ 27%] /data/local/tmp/benchmark/models/classification/mobilenetv2/mobilenetv2/mobilenetv2.pt: 13%
[ 27%] /data/local/tmp/benchmark/models/classification/mobilenetv2/mobilenetv2/mobilenetv2.pt: 13%
[ 27%] /data/local/tmp/benchmark/models/classification/mobilenetv2/mobilenetv2/mobilenetv2.pt: 14%
[ 27%] /data/local/tmp/benchmark/models/classification/mobilenetv2/mobilenetv2/mobilenetv2.pt: 14%
[ 27%] /data/local/tmp/benchmark/models/classification/mobilenetv2/mobilenetv2/mobilenetv2.pt: 15%
[ 27%] /data/local/tmp/benchmark/models/classification/mobilenetv2/mobilenetv2/mobilenetv2.pt: 15%
[ 27%] /data/local/tmp/benchmark/models/classification/mobilenetv2/mobilenetv2/mobilenetv2.pt: 16%
[ 27%] /data/local/tmp/benchmark/models/classification/mobilenetv2/mobilenetv2/mobilenetv2.pt: 16%
[ 27%] /data/local/tmp/benchmark/models/classification/mobilenetv2/mobilenetv2/mobilenetv2.pt: 17%
[ 27%] /data/local/tmp/benchmark/models/classification/mobilenetv2/mobilenetv2/mobilenetv2.pt: 17%
[ 27%] /data/local/tmp/benchmark/models/classification/mobilenetv2/mobilenetv2/mobilenetv2.pt: 18%
[ 27%] /data/local/tmp/benchmark/models/classification/mobilenetv2/mobilenetv2/mobilenetv2.pt: 18%
[ 27%] /data/local/tmp/benchmark/models/classification/mobilenetv2/mobilenetv2/mobilenetv2.pt: 18%
[ 27%] /data/local/tmp/benchmark/models/classification/mobilenetv2/mobilenetv2/mobilenetv2.pt: 19%
[ 27%] /data/local/tmp/benchmark/models/classification/mobilenetv2/mobilenetv2/mobilenetv2.pt: 19%
[ 27%] /data/local/tmp/benchmark/models/classification/mobilenetv2/mobilenetv2/mobilenetv2.pt: 20%
[ 27%] /data/local/tmp/benchmark/models/classification/mobilenetv2/mobilenetv2/mobilenetv2.pt: 20%
[ 27%] /data/local/tmp/benchmark/models/classification/mobilenetv2/mobilenetv2/mobilenetv2.pt: 21%
[ 27%] /data/local/tmp/benchmark/models/classification/mobilenetv2/mobilenetv2/mobilenetv2.pt: 21%
[ 27%] /data/local/tmp/benchmark/models/classification/mobilenetv2/mobilenetv2/mobilenetv2.pt: 22%
[ 27%] /data/local/tmp/benchmark/models/classification/mobilenetv2/mobilenetv2/mobilenetv2.pt: 22%
[ 27%] /data/local/tmp/benchmark/models/classification/mobilenetv2/mobilenetv2/mobilenetv2.pt: 22%
[ 27%] /data/local/tmp/benchmark/models/classification/mobilenetv2/mobilenetv2/mobilenetv2.pt: 23%
[ 27%] /data/local/tmp/benchmark/models/classification/mobilenetv2/mobilenetv2/mobilenetv2.pt: 23%
[ 27%] /data/local/tmp/benchmark/models/classification/mobilenetv2/mobilenetv2/mobilenetv2.pt: 24%
[ 27%] /data/local/tmp/benchmark/models/classification/mobilenetv2/mobilenetv2/mobilenetv2.pt: 24%
[ 27%] /data/local/tmp/benchmark/models/classification/mobilenetv2/mobilenetv2/mobilenetv2.pt: 25%
[ 27%] /data/local/tmp/benchmark/models/classification/mobilenetv2/mobilenetv2/mobilenetv2.pt: 25%
[ 27%] /data/local/tmp/benchmark/models/classification/mobilenetv2/mobilenetv2/mobilenetv2.pt: 26%
[ 27%] /data/local/tmp/benchmark/models/classification/mobilenetv2/mobilenetv2/mobilenetv2.pt: 26%
[ 27%] /data/local/tmp/benchmark/models/classification/mobilenetv2/mobilenetv2/mobilenetv2.pt: 27%
[ 27%] /data/local/tmp/benchmark/models/classification/mobilenetv2/mobilenetv2/mobilenetv2.pt: 27%
[ 27%] /data/local/tmp/benchmark/models/classification/mobilenetv2/mobilenetv2/mobilenetv2.pt: 27%
[ 27%] /data/local/tmp/benchmark/models/classification/mobilenetv2/mobilenetv2/mobilenetv2.pt: 28%
[ 27%] /data/local/tmp/benchmark/models/classification/mobilenetv2/mobilenetv2/mobilenetv2.pt: 28%
[ 27%] /data/local/tmp/benchmark/models/classification/mobilenetv2/mobilenetv2/mobilenetv2.pt: 29%
[ 27%] /data/local/tmp/benchmark/models/classification/mobilenetv2/mobilenetv2/mobilenetv2.pt: 29%
[ 27%] /data/local/tmp/benchmark/models/classification/mobilenetv2/mobilenetv2/mobilenetv2.pt: 30%
[ 27%] /data/local/tmp/benchmark/models/classification/mobilenetv2/mobilenetv2/mobilenetv2.pt: 30%
[ 28%] /data/local/tmp/benchmark/models/classification/mobilenetv2/mobilenetv2/mobilenetv2.pt: 31%
[ 28%] /data/local/tmp/benchmark/models/classification/mobilenetv2/mobilenetv2/mobilenetv2.pt: 31%
[ 28%] /data/local/tmp/benchmark/models/classification/mobilenetv2/mobilenetv2/mobilenetv2.pt: 32%
[ 28%] /data/local/tmp/benchmark/models/classification/mobilenetv2/mobilenetv2/mobilenetv2.pt: 32%
[ 28%] /data/local/tmp/benchmark/models/classification/mobilenetv2/mobilenetv2/mobilenetv2.pt: 32%
[ 28%] /data/local/tmp/benchmark/models/classification/mobilenetv2/mobilenetv2/mobilenetv2.pt: 33%
[ 28%] /data/local/tmp/benchmark/models/classification/mobilenetv2/mobilenetv2/mobilenetv2.pt: 33%
[ 28%] /data/local/tmp/benchmark/models/classification/mobilenetv2/mobilenetv2/mobilenetv2.pt: 34%
[ 28%] /data/local/tmp/benchmark/models/classification/mobilenetv2/mobilenetv2/mobilenetv2.pt: 34%
[ 28%] /data/local/tmp/benchmark/models/classification/mobilenetv2/mobilenetv2/mobilenetv2.pt: 35%
[ 28%] /data/local/tmp/benchmark/models/classification/mobilenetv2/mobilenetv2/mobilenetv2.pt: 35%
[ 28%] /data/local/tmp/benchmark/models/classification/mobilenetv2/mobilenetv2/mobilenetv2.pt: 36%
[ 28%] /data/local/tmp/benchmark/models/classification/mobilenetv2/mobilenetv2/mobilenetv2.pt: 36%
[ 28%] /data/local/tmp/benchmark/models/classification/mobilenetv2/mobilenetv2/mobilenetv2.pt: 36%
[ 28%] /data/local/tmp/benchmark/models/classification/mobilenetv2/mobilenetv2/mobilenetv2.pt: 37%
[ 28%] /data/local/tmp/benchmark/models/classification/mobilenetv2/mobilenetv2/mobilenetv2.pt: 37%
[ 28%] /data/local/tmp/benchmark/models/classification/mobilenetv2/mobilenetv2/mobilenetv2.pt: 38%
[ 28%] /data/local/tmp/benchmark/models/classification/mobilenetv2/mobilenetv2/mobilenetv2.pt: 38%
[ 28%] /data/local/tmp/benchmark/models/classification/mobilenetv2/mobilenetv2/mobilenetv2.pt: 39%
[ 28%] /data/local/tmp/benchmark/models/classification/mobilenetv2/mobilenetv2/mobilenetv2.pt: 39%
[ 28%] /data/local/tmp/benchmark/models/classification/mobilenetv2/mobilenetv2/mobilenetv2.pt: 40%
[ 28%] /data/local/tmp/benchmark/models/classification/mobilenetv2/mobilenetv2/mobilenetv2.pt: 40%
[ 28%] /data/local/tmp/benchmark/models/classification/mobilenetv2/mobilenetv2/mobilenetv2.pt: 41%
[ 28%] /data/local/tmp/benchmark/models/classification/mobilenetv2/mobilenetv2/mobilenetv2.pt: 41%
[ 28%] /data/local/tmp/benchmark/models/classification/mobilenetv2/mobilenetv2/mobilenetv2.pt: 41%
[ 28%] /data/local/tmp/benchmark/models/classification/mobilenetv2/mobilenetv2/mobilenetv2.pt: 42%
[ 28%] /data/local/tmp/benchmark/models/classification/mobilenetv2/mobilenetv2/mobilenetv2.pt: 42%
[ 28%] /data/local/tmp/benchmark/models/classification/mobilenetv2/mobilenetv2/mobilenetv2.pt: 43%
[ 28%] /data/local/tmp/benchmark/models/classification/mobilenetv2/mobilenetv2/mobilenetv2.pt: 43%
[ 28%] /data/local/tmp/benchmark/models/classification/mobilenetv2/mobilenetv2/mobilenetv2.pt: 44%
[ 28%] /data/local/tmp/benchmark/models/classification/mobilenetv2/mobilenetv2/mobilenetv2.pt: 44%
[ 28%] /data/local/tmp/benchmark/models/classification/mobilenetv2/mobilenetv2/mobilenetv2.pt: 45%
[ 28%] /data/local/tmp/benchmark/models/classification/mobilenetv2/mobilenetv2/mobilenetv2.pt: 45%
[ 28%] /data/local/tmp/benchmark/models/classification/mobilenetv2/mobilenetv2/mobilenetv2.pt: 45%
[ 28%] /data/local/tmp/benchmark/models/classification/mobilenetv2/mobilenetv2/mobilenetv2.pt: 46%
[ 28%] /data/local/tmp/benchmark/models/classification/mobilenetv2/mobilenetv2/mobilenetv2.pt: 46%
[ 28%] /data/local/tmp/benchmark/models/classification/mobilenetv2/mobilenetv2/mobilenetv2.pt: 47%
[ 28%] /data/local/tmp/benchmark/models/classification/mobilenetv2/mobilenetv2/mobilenetv2.pt: 47%
[ 28%] /data/local/tmp/benchmark/models/classification/mobilenetv2/mobilenetv2/mobilenetv2.pt: 48%
[ 28%] /data/local/tmp/benchmark/models/classification/mobilenetv2/mobilenetv2/mobilenetv2.pt: 48%
[ 28%] /data/local/tmp/benchmark/models/classification/mobilenetv2/mobilenetv2/mobilenetv2.pt: 49%
[ 28%] /data/local/tmp/benchmark/models/classification/mobilenetv2/mobilenetv2/mobilenetv2.pt: 49%
[ 28%] /data/local/tmp/benchmark/models/classification/mobilenetv2/mobilenetv2/mobilenetv2.pt: 50%
[ 28%] /data/local/tmp/benchmark/models/classification/mobilenetv2/mobilenetv2/mobilenetv2.pt: 50%
[ 28%] /data/local/tmp/benchmark/models/classification/mobilenetv2/mobilenetv2/mobilenetv2.pt: 50%
[ 28%] /data/local/tmp/benchmark/models/classification/mobilenetv2/mobilenetv2/mobilenetv2.pt: 51%
[ 28%] /data/local/tmp/benchmark/models/classification/mobilenetv2/mobilenetv2/mobilenetv2.pt: 51%
[ 28%] /data/local/tmp/benchmark/models/classification/mobilenetv2/mobilenetv2/mobilenetv2.pt: 52%
[ 28%] /data/local/tmp/benchmark/models/classification/mobilenetv2/mobilenetv2/mobilenetv2.pt: 52%
[ 29%] /data/local/tmp/benchmark/models/classification/mobilenetv2/mobilenetv2/mobilenetv2.pt: 53%
[ 29%] /data/local/tmp/benchmark/models/classification/mobilenetv2/mobilenetv2/mobilenetv2.pt: 53%
[ 29%] /data/local/tmp/benchmark/models/classification/mobilenetv2/mobilenetv2/mobilenetv2.pt: 54%
[ 29%] /data/local/tmp/benchmark/models/classification/mobilenetv2/mobilenetv2/mobilenetv2.pt: 54%
[ 29%] /data/local/tmp/benchmark/models/classification/mobilenetv2/mobilenetv2/mobilenetv2.pt: 54%
[ 29%] /data/local/tmp/benchmark/models/classification/mobilenetv2/mobilenetv2/mobilenetv2.pt: 55%
[ 29%] /data/local/tmp/benchmark/models/classification/mobilenetv2/mobilenetv2/mobilenetv2.pt: 55%
[ 29%] /data/local/tmp/benchmark/models/classification/mobilenetv2/mobilenetv2/mobilenetv2.pt: 56%
[ 29%] /data/local/tmp/benchmark/models/classification/mobilenetv2/mobilenetv2/mobilenetv2.pt: 56%
[ 29%] /data/local/tmp/benchmark/models/classification/mobilenetv2/mobilenetv2/mobilenetv2.pt: 57%
[ 29%] /data/local/tmp/benchmark/models/classification/mobilenetv2/mobilenetv2/mobilenetv2.pt: 57%
[ 29%] /data/local/tmp/benchmark/models/classification/mobilenetv2/mobilenetv2/mobilenetv2.pt: 58%
[ 29%] /data/local/tmp/benchmark/models/classification/mobilenetv2/mobilenetv2/mobilenetv2.pt: 58%
[ 29%] /data/local/tmp/benchmark/models/classification/mobilenetv2/mobilenetv2/mobilenetv2.pt: 59%
[ 29%] /data/local/tmp/benchmark/models/classification/mobilenetv2/mobilenetv2/mobilenetv2.pt: 59%
[ 29%] /data/local/tmp/benchmark/models/classification/mobilenetv2/mobilenetv2/mobilenetv2.pt: 59%
[ 29%] /data/local/tmp/benchmark/models/classification/mobilenetv2/mobilenetv2/mobilenetv2.pt: 60%
[ 29%] /data/local/tmp/benchmark/models/classification/mobilenetv2/mobilenetv2/mobilenetv2.pt: 60%
[ 29%] /data/local/tmp/benchmark/models/classification/mobilenetv2/mobilenetv2/mobilenetv2.pt: 61%
[ 29%] /data/local/tmp/benchmark/models/classification/mobilenetv2/mobilenetv2/mobilenetv2.pt: 61%
[ 29%] /data/local/tmp/benchmark/models/classification/mobilenetv2/mobilenetv2/mobilenetv2.pt: 62%
[ 29%] /data/local/tmp/benchmark/models/classification/mobilenetv2/mobilenetv2/mobilenetv2.pt: 62%
[ 29%] /data/local/tmp/benchmark/models/classification/mobilenetv2/mobilenetv2/mobilenetv2.pt: 63%
[ 29%] /data/local/tmp/benchmark/models/classification/mobilenetv2/mobilenetv2/mobilenetv2.pt: 63%
[ 29%] /data/local/tmp/benchmark/models/classification/mobilenetv2/mobilenetv2/mobilenetv2.pt: 64%
[ 29%] /data/local/tmp/benchmark/models/classification/mobilenetv2/mobilenetv2/mobilenetv2.pt: 64%
[ 29%] /data/local/tmp/benchmark/models/classification/mobilenetv2/mobilenetv2/mobilenetv2.pt: 64%
[ 29%] /data/local/tmp/benchmark/models/classification/mobilenetv2/mobilenetv2/mobilenetv2.pt: 65%
[ 29%] /data/local/tmp/benchmark/models/classification/mobilenetv2/mobilenetv2/mobilenetv2.pt: 65%
[ 29%] /data/local/tmp/benchmark/models/classification/mobilenetv2/mobilenetv2/mobilenetv2.pt: 66%
[ 29%] /data/local/tmp/benchmark/models/classification/mobilenetv2/mobilenetv2/mobilenetv2.pt: 66%
[ 29%] /data/local/tmp/benchmark/models/classification/mobilenetv2/mobilenetv2/mobilenetv2.pt: 67%
[ 29%] /data/local/tmp/benchmark/models/classification/mobilenetv2/mobilenetv2/mobilenetv2.pt: 67%
[ 29%] /data/local/tmp/benchmark/models/classification/mobilenetv2/mobilenetv2/mobilenetv2.pt: 68%
[ 29%] /data/local/tmp/benchmark/models/classification/mobilenetv2/mobilenetv2/mobilenetv2.pt: 68%
[ 29%] /data/local/tmp/benchmark/models/classification/mobilenetv2/mobilenetv2/mobilenetv2.pt: 68%
[ 29%] /data/local/tmp/benchmark/models/classification/mobilenetv2/mobilenetv2/mobilenetv2.pt: 69%
[ 29%] /data/local/tmp/benchmark/models/classification/mobilenetv2/mobilenetv2/mobilenetv2.pt: 69%
[ 29%] /data/local/tmp/benchmark/models/classification/mobilenetv2/mobilenetv2/mobilenetv2.pt: 70%
[ 29%] /data/local/tmp/benchmark/models/classification/mobilenetv2/mobilenetv2/mobilenetv2.pt: 70%
[ 29%] /data/local/tmp/benchmark/models/classification/mobilenetv2/mobilenetv2/mobilenetv2.pt: 71%
[ 29%] /data/local/tmp/benchmark/models/classification/mobilenetv2/mobilenetv2/mobilenetv2.pt: 71%
[ 29%] /data/local/tmp/benchmark/models/classification/mobilenetv2/mobilenetv2/mobilenetv2.pt: 72%
[ 29%] /data/local/tmp/benchmark/models/classification/mobilenetv2/mobilenetv2/mobilenetv2.pt: 72%
[ 29%] /data/local/tmp/benchmark/models/classification/mobilenetv2/mobilenetv2/mobilenetv2.pt: 73%
[ 29%] /data/local/tmp/benchmark/models/classification/mobilenetv2/mobilenetv2/mobilenetv2.pt: 73%
[ 29%] /data/local/tmp/benchmark/models/classification/mobilenetv2/mobilenetv2/mobilenetv2.pt: 73%
[ 29%] /data/local/tmp/benchmark/models/classification/mobilenetv2/mobilenetv2/mobilenetv2.pt: 74%
[ 30%] /data/local/tmp/benchmark/models/classification/mobilenetv2/mobilenetv2/mobilenetv2.pt: 74%
[ 30%] /data/local/tmp/benchmark/models/classification/mobilenetv2/mobilenetv2/mobilenetv2.pt: 75%
[ 30%] /data/local/tmp/benchmark/models/classification/mobilenetv2/mobilenetv2/mobilenetv2.pt: 75%
[ 30%] /data/local/tmp/benchmark/models/classification/mobilenetv2/mobilenetv2/mobilenetv2.pt: 76%
[ 30%] /data/local/tmp/benchmark/models/classification/mobilenetv2/mobilenetv2/mobilenetv2.pt: 76%
[ 30%] /data/local/tmp/benchmark/models/classification/mobilenetv2/mobilenetv2/mobilenetv2.pt: 77%
[ 30%] /data/local/tmp/benchmark/models/classification/mobilenetv2/mobilenetv2/mobilenetv2.pt: 77%
[ 30%] /data/local/tmp/benchmark/models/classification/mobilenetv2/mobilenetv2/mobilenetv2.pt: 77%
[ 30%] /data/local/tmp/benchmark/models/classification/mobilenetv2/mobilenetv2/mobilenetv2.pt: 78%
[ 30%] /data/local/tmp/benchmark/models/classification/mobilenetv2/mobilenetv2/mobilenetv2.pt: 78%
[ 30%] /data/local/tmp/benchmark/models/classification/mobilenetv2/mobilenetv2/mobilenetv2.pt: 79%
[ 30%] /data/local/tmp/benchmark/models/classification/mobilenetv2/mobilenetv2/mobilenetv2.pt: 79%
[ 30%] /data/local/tmp/benchmark/models/classification/mobilenetv2/mobilenetv2/mobilenetv2.pt: 80%
[ 30%] /data/local/tmp/benchmark/models/classification/mobilenetv2/mobilenetv2/mobilenetv2.pt: 80%
[ 30%] /data/local/tmp/benchmark/models/classification/mobilenetv2/mobilenetv2/mobilenetv2.pt: 81%
[ 30%] /data/local/tmp/benchmark/models/classification/mobilenetv2/mobilenetv2/mobilenetv2.pt: 81%
[ 30%] /data/local/tmp/benchmark/models/classification/mobilenetv2/mobilenetv2/mobilenetv2.pt: 82%
[ 30%] /data/local/tmp/benchmark/models/classification/mobilenetv2/mobilenetv2/mobilenetv2.pt: 82%
[ 30%] /data/local/tmp/benchmark/models/classification/mobilenetv2/mobilenetv2/mobilenetv2.pt: 82%
[ 30%] /data/local/tmp/benchmark/models/classification/mobilenetv2/mobilenetv2/mobilenetv2.pt: 83%
[ 30%] /data/local/tmp/benchmark/models/classification/mobilenetv2/mobilenetv2/mobilenetv2.pt: 83%
[ 30%] /data/local/tmp/benchmark/models/classification/mobilenetv2/mobilenetv2/mobilenetv2.pt: 84%
[ 30%] /data/local/tmp/benchmark/models/classification/mobilenetv2/mobilenetv2/mobilenetv2.pt: 84%
[ 30%] /data/local/tmp/benchmark/models/classification/mobilenetv2/mobilenetv2/mobilenetv2.pt: 85%
[ 30%] /data/local/tmp/benchmark/models/classification/mobilenetv2/mobilenetv2/mobilenetv2.pt: 85%
[ 30%] /data/local/tmp/benchmark/models/classification/mobilenetv2/mobilenetv2/mobilenetv2.pt: 86%
[ 30%] /data/local/tmp/benchmark/models/classification/mobilenetv2/mobilenetv2/mobilenetv2.pt: 86%
[ 30%] /data/local/tmp/benchmark/models/classification/mobilenetv2/mobilenetv2/mobilenetv2.pt: 87%
[ 30%] /data/local/tmp/benchmark/models/classification/mobilenetv2/mobilenetv2/mobilenetv2.pt: 87%
[ 30%] /data/local/tmp/benchmark/models/classification/mobilenetv2/mobilenetv2/mobilenetv2.pt: 87%
[ 30%] /data/local/tmp/benchmark/models/classification/mobilenetv2/mobilenetv2/mobilenetv2.pt: 88%
[ 30%] /data/local/tmp/benchmark/models/classification/mobilenetv2/mobilenetv2/mobilenetv2.pt: 88%
[ 30%] /data/local/tmp/benchmark/models/classification/mobilenetv2/mobilenetv2/mobilenetv2.pt: 89%
[ 30%] /data/local/tmp/benchmark/models/classification/mobilenetv2/mobilenetv2/mobilenetv2.pt: 89%
[ 30%] /data/local/tmp/benchmark/models/classification/mobilenetv2/mobilenetv2/mobilenetv2.pt: 90%
[ 30%] /data/local/tmp/benchmark/models/classification/mobilenetv2/mobilenetv2/mobilenetv2.pt: 90%
[ 30%] /data/local/tmp/benchmark/models/classification/mobilenetv2/mobilenetv2/mobilenetv2.pt: 91%
[ 30%] /data/local/tmp/benchmark/models/classification/mobilenetv2/mobilenetv2/mobilenetv2.pt: 91%
[ 30%] /data/local/tmp/benchmark/models/classification/mobilenetv2/mobilenetv2/mobilenetv2.pt: 91%
[ 30%] /data/local/tmp/benchmark/models/classification/mobilenetv2/mobilenetv2/mobilenetv2.pt: 92%
[ 30%] /data/local/tmp/benchmark/models/classification/mobilenetv2/mobilenetv2/mobilenetv2.pt: 92%
[ 30%] /data/local/tmp/benchmark/models/classification/mobilenetv2/mobilenetv2/mobilenetv2.pt: 93%
[ 30%] /data/local/tmp/benchmark/models/classification/mobilenetv2/mobilenetv2/mobilenetv2.pt: 93%
[ 30%] /data/local/tmp/benchmark/models/classification/mobilenetv2/mobilenetv2/mobilenetv2.pt: 94%
[ 30%] /data/local/tmp/benchmark/models/classification/mobilenetv2/mobilenetv2/mobilenetv2.pt: 94%
[ 30%] /data/local/tmp/benchmark/models/classification/mobilenetv2/mobilenetv2/mobilenetv2.pt: 95%
[ 30%] /data/local/tmp/benchmark/models/classification/mobilenetv2/mobilenetv2/mobilenetv2.pt: 95%
[ 30%] /data/local/tmp/benchmark/models/classification/mobilenetv2/mobilenetv2/mobilenetv2.pt: 96%
[ 30%] /data/local/tmp/benchmark/models/classification/mobilenetv2/mobilenetv2/mobilenetv2.pt: 96%
[ 31%] /data/local/tmp/benchmark/models/classification/mobilenetv2/mobilenetv2/mobilenetv2.pt: 96%
[ 31%] /data/local/tmp/benchmark/models/classification/mobilenetv2/mobilenetv2/mobilenetv2.pt: 97%
[ 31%] /data/local/tmp/benchmark/models/classification/mobilenetv2/mobilenetv2/mobilenetv2.pt: 97%
[ 31%] /data/local/tmp/benchmark/models/classification/mobilenetv2/mobilenetv2/mobilenetv2.pt: 98%
[ 31%] /data/local/tmp/benchmark/models/classification/mobilenetv2/mobilenetv2/mobilenetv2.pt: 98%
[ 31%] /data/local/tmp/benchmark/models/classification/mobilenetv2/mobilenetv2/mobilenetv2.pt: 99%
[ 31%] /data/local/tmp/benchmark/models/classification/mobilenetv2/mobilenetv2/mobilenetv2.pt: 99%
[ 31%] /data/local/tmp/benchmark/models/classification/mobilenetv2/mobilenetv2/mobilenetv2.pt: 100%
[ 31%] /data/local/tmp/benchmark/models/classification/mobilenetv2/mobilenetv2/mobilenet_v2_1.0_224.ckpt.meta: 0%
[ 31%] /data/local/tmp/benchmark/models/classification/mobilenetv2/mobilenetv2/mobilenet_v2_1.0_224.ckpt.meta: 1%
[ 31%] /data/local/tmp/benchmark/models/classification/mobilenetv2/mobilenetv2/mobilenet_v2_1.0_224.ckpt.meta: 1%
[ 31%] /data/local/tmp/benchmark/models/classification/mobilenetv2/mobilenetv2/mobilenet_v2_1.0_224.ckpt.meta: 2%
[ 31%] /data/local/tmp/benchmark/models/classification/mobilenetv2/mobilenetv2/mobilenet_v2_1.0_224.ckpt.meta: 2%
[ 31%] /data/local/tmp/benchmark/models/classification/mobilenetv2/mobilenetv2/mobilenet_v2_1.0_224.ckpt.meta: 3%
[ 31%] /data/local/tmp/benchmark/models/classification/mobilenetv2/mobilenetv2/mobilenet_v2_1.0_224.ckpt.meta: 3%
[ 31%] /data/local/tmp/benchmark/models/classification/mobilenetv2/mobilenetv2/mobilenet_v2_1.0_224.ckpt.meta: 4%
[ 31%] /data/local/tmp/benchmark/models/classification/mobilenetv2/mobilenetv2/mobilenet_v2_1.0_224.ckpt.meta: 4%
[ 31%] /data/local/tmp/benchmark/models/classification/mobilenetv2/mobilenetv2/mobilenet_v2_1.0_224.ckpt.meta: 5%
[ 31%] /data/local/tmp/benchmark/models/classification/mobilenetv2/mobilenetv2/mobilenet_v2_1.0_224.ckpt.meta: 5%
[ 31%] /data/local/tmp/benchmark/models/classification/mobilenetv2/mobilenetv2/mobilenet_v2_1.0_224.ckpt.meta: 6%
[ 31%] /data/local/tmp/benchmark/models/classification/mobilenetv2/mobilenetv2/mobilenet_v2_1.0_224.ckpt.meta: 6%
[ 31%] /data/local/tmp/benchmark/models/classification/mobilenetv2/mobilenetv2/mobilenet_v2_1.0_224.ckpt.meta: 7%
[ 31%] /data/local/tmp/benchmark/models/classification/mobilenetv2/mobilenetv2/mobilenet_v2_1.0_224.ckpt.meta: 7%
[ 31%] /data/local/tmp/benchmark/models/classification/mobilenetv2/mobilenetv2/mobilenet_v2_1.0_224.ckpt.meta: 8%
[ 31%] /data/local/tmp/benchmark/models/classification/mobilenetv2/mobilenetv2/mobilenet_v2_1.0_224.ckpt.meta: 8%
[ 31%] /data/local/tmp/benchmark/models/classification/mobilenetv2/mobilenetv2/mobilenet_v2_1.0_224.ckpt.meta: 9%
[ 31%] /data/local/tmp/benchmark/models/classification/mobilenetv2/mobilenetv2/mobilenet_v2_1.0_224.ckpt.meta: 9%
[ 31%] /data/local/tmp/benchmark/models/classification/mobilenetv2/mobilenetv2/mobilenet_v2_1.0_224.ckpt.meta: 10%
[ 31%] /data/local/tmp/benchmark/models/classification/mobilenetv2/mobilenetv2/mobilenet_v2_1.0_224.ckpt.meta: 10%
[ 31%] /data/local/tmp/benchmark/models/classification/mobilenetv2/mobilenetv2/mobilenet_v2_1.0_224.ckpt.meta: 11%
[ 31%] /data/local/tmp/benchmark/models/classification/mobilenetv2/mobilenetv2/mobilenet_v2_1.0_224.ckpt.meta: 11%
[ 31%] /data/local/tmp/benchmark/models/classification/mobilenetv2/mobilenetv2/mobilenet_v2_1.0_224.ckpt.meta: 12%
[ 31%] /data/local/tmp/benchmark/models/classification/mobilenetv2/mobilenetv2/mobilenet_v2_1.0_224.ckpt.meta: 12%
[ 31%] /data/local/tmp/benchmark/models/classification/mobilenetv2/mobilenetv2/mobilenet_v2_1.0_224.ckpt.meta: 13%
[ 31%] /data/local/tmp/benchmark/models/classification/mobilenetv2/mobilenetv2/mobilenet_v2_1.0_224.ckpt.meta: 13%
[ 31%] /data/local/tmp/benchmark/models/classification/mobilenetv2/mobilenetv2/mobilenet_v2_1.0_224.ckpt.meta: 14%
[ 31%] /data/local/tmp/benchmark/models/classification/mobilenetv2/mobilenetv2/mobilenet_v2_1.0_224.ckpt.meta: 14%
[ 31%] /data/local/tmp/benchmark/models/classification/mobilenetv2/mobilenetv2/mobilenet_v2_1.0_224.ckpt.meta: 15%
[ 31%] /data/local/tmp/benchmark/models/classification/mobilenetv2/mobilenetv2/mobilenet_v2_1.0_224.ckpt.meta: 15%
[ 31%] /data/local/tmp/benchmark/models/classification/mobilenetv2/mobilenetv2/mobilenet_v2_1.0_224.ckpt.meta: 16%
[ 31%] /data/local/tmp/benchmark/models/classification/mobilenetv2/mobilenetv2/mobilenet_v2_1.0_224.ckpt.meta: 16%
[ 31%] /data/local/tmp/benchmark/models/classification/mobilenetv2/mobilenetv2/mobilenet_v2_1.0_224.ckpt.meta: 17%
[ 31%] /data/local/tmp/benchmark/models/classification/mobilenetv2/mobilenetv2/mobilenet_v2_1.0_224.ckpt.meta: 17%
[ 31%] /data/local/tmp/benchmark/models/classification/mobilenetv2/mobilenetv2/mobilenet_v2_1.0_224.ckpt.meta: 18%
[ 31%] /data/local/tmp/benchmark/models/classification/mobilenetv2/mobilenetv2/mobilenet_v2_1.0_224.ckpt.meta: 18%
[ 31%] /data/local/tmp/benchmark/models/classification/mobilenetv2/mobilenetv2/mobilenet_v2_1.0_224.ckpt.meta: 19%
[ 31%] /data/local/tmp/benchmark/models/classification/mobilenetv2/mobilenetv2/mobilenet_v2_1.0_224.ckpt.meta: 19%
[ 31%] /data/local/tmp/benchmark/models/classification/mobilenetv2/mobilenetv2/mobilenet_v2_1.0_224.ckpt.meta: 20%
[ 32%] /data/local/tmp/benchmark/models/classification/mobilenetv2/mobilenetv2/mobilenet_v2_1.0_224.ckpt.meta: 20%
[ 32%] /data/local/tmp/benchmark/models/classification/mobilenetv2/mobilenetv2/mobilenet_v2_1.0_224.ckpt.meta: 21%
[ 32%] /data/local/tmp/benchmark/models/classification/mobilenetv2/mobilenetv2/mobilenet_v2_1.0_224.ckpt.meta: 21%
[ 32%] /data/local/tmp/benchmark/models/classification/mobilenetv2/mobilenetv2/mobilenet_v2_1.0_224.ckpt.meta: 22%
[ 32%] /data/local/tmp/benchmark/models/classification/mobilenetv2/mobilenetv2/mobilenet_v2_1.0_224.ckpt.meta: 22%
[ 32%] /data/local/tmp/benchmark/models/classification/mobilenetv2/mobilenetv2/mobilenet_v2_1.0_224.ckpt.meta: 23%
[ 32%] /data/local/tmp/benchmark/models/classification/mobilenetv2/mobilenetv2/mobilenet_v2_1.0_224.ckpt.meta: 23%
[ 32%] /data/local/tmp/benchmark/models/classification/mobilenetv2/mobilenetv2/mobilenet_v2_1.0_224.ckpt.meta: 24%
[ 32%] /data/local/tmp/benchmark/models/classification/mobilenetv2/mobilenetv2/mobilenet_v2_1.0_224.ckpt.meta: 24%
[ 32%] /data/local/tmp/benchmark/models/classification/mobilenetv2/mobilenetv2/mobilenet_v2_1.0_224.ckpt.meta: 25%
[ 32%] /data/local/tmp/benchmark/models/classification/mobilenetv2/mobilenetv2/mobilenet_v2_1.0_224.ckpt.meta: 25%
[ 32%] /data/local/tmp/benchmark/models/classification/mobilenetv2/mobilenetv2/mobilenet_v2_1.0_224.ckpt.meta: 26%
[ 32%] /data/local/tmp/benchmark/models/classification/mobilenetv2/mobilenetv2/mobilenet_v2_1.0_224.ckpt.meta: 26%
[ 32%] /data/local/tmp/benchmark/models/classification/mobilenetv2/mobilenetv2/mobilenet_v2_1.0_224.ckpt.meta: 27%
[ 32%] /data/local/tmp/benchmark/models/classification/mobilenetv2/mobilenetv2/mobilenet_v2_1.0_224.ckpt.meta: 27%
[ 32%] /data/local/tmp/benchmark/models/classification/mobilenetv2/mobilenetv2/mobilenet_v2_1.0_224.ckpt.meta: 28%
[ 32%] /data/local/tmp/benchmark/models/classification/mobilenetv2/mobilenetv2/mobilenet_v2_1.0_224.ckpt.meta: 29%
[ 32%] /data/local/tmp/benchmark/models/classification/mobilenetv2/mobilenetv2/mobilenet_v2_1.0_224.ckpt.meta: 29%
[ 32%] /data/local/tmp/benchmark/models/classification/mobilenetv2/mobilenetv2/mobilenet_v2_1.0_224.ckpt.meta: 30%
[ 32%] /data/local/tmp/benchmark/models/classification/mobilenetv2/mobilenetv2/mobilenet_v2_1.0_224.ckpt.meta: 30%
[ 32%] /data/local/tmp/benchmark/models/classification/mobilenetv2/mobilenetv2/mobilenet_v2_1.0_224.ckpt.meta: 31%
[ 32%] /data/local/tmp/benchmark/models/classification/mobilenetv2/mobilenetv2/mobilenet_v2_1.0_224.ckpt.meta: 31%
[ 32%] /data/local/tmp/benchmark/models/classification/mobilenetv2/mobilenetv2/mobilenet_v2_1.0_224.ckpt.meta: 32%
[ 32%] /data/local/tmp/benchmark/models/classification/mobilenetv2/mobilenetv2/mobilenet_v2_1.0_224.ckpt.meta: 32%
[ 32%] /data/local/tmp/benchmark/models/classification/mobilenetv2/mobilenetv2/mobilenet_v2_1.0_224.ckpt.meta: 33%
[ 32%] /data/local/tmp/benchmark/models/classification/mobilenetv2/mobilenetv2/mobilenet_v2_1.0_224.ckpt.meta: 33%
[ 32%] /data/local/tmp/benchmark/models/classification/mobilenetv2/mobilenetv2/mobilenet_v2_1.0_224.ckpt.meta: 34%
[ 32%] /data/local/tmp/benchmark/models/classification/mobilenetv2/mobilenetv2/mobilenet_v2_1.0_224.ckpt.meta: 34%
[ 32%] /data/local/tmp/benchmark/models/classification/mobilenetv2/mobilenetv2/mobilenet_v2_1.0_224.ckpt.meta: 35%
[ 32%] /data/local/tmp/benchmark/models/classification/mobilenetv2/mobilenetv2/mobilenet_v2_1.0_224.ckpt.meta: 35%
[ 32%] /data/local/tmp/benchmark/models/classification/mobilenetv2/mobilenetv2/mobilenet_v2_1.0_224.ckpt.meta: 36%
[ 32%] /data/local/tmp/benchmark/models/classification/mobilenetv2/mobilenetv2/mobilenet_v2_1.0_224.ckpt.meta: 36%
[ 32%] /data/local/tmp/benchmark/models/classification/mobilenetv2/mobilenetv2/mobilenet_v2_1.0_224.ckpt.meta: 37%
[ 32%] /data/local/tmp/benchmark/models/classification/mobilenetv2/mobilenetv2/mobilenet_v2_1.0_224.ckpt.meta: 37%
[ 32%] /data/local/tmp/benchmark/models/classification/mobilenetv2/mobilenetv2/mobilenet_v2_1.0_224.ckpt.meta: 38%
[ 32%] /data/local/tmp/benchmark/models/classification/mobilenetv2/mobilenetv2/mobilenet_v2_1.0_224.ckpt.meta: 38%
[ 32%] /data/local/tmp/benchmark/models/classification/mobilenetv2/mobilenetv2/mobilenet_v2_1.0_224.ckpt.meta: 39%
[ 32%] /data/local/tmp/benchmark/models/classification/mobilenetv2/mobilenetv2/mobilenet_v2_1.0_224.ckpt.meta: 39%
[ 32%] /data/local/tmp/benchmark/models/classification/mobilenetv2/mobilenetv2/mobilenet_v2_1.0_224.ckpt.meta: 40%
[ 32%] /data/local/tmp/benchmark/models/classification/mobilenetv2/mobilenetv2/mobilenet_v2_1.0_224.ckpt.meta: 40%
[ 32%] /data/local/tmp/benchmark/models/classification/mobilenetv2/mobilenetv2/mobilenet_v2_1.0_224.ckpt.meta: 41%
[ 32%] /data/local/tmp/benchmark/models/classification/mobilenetv2/mobilenetv2/mobilenet_v2_1.0_224.ckpt.meta: 41%
[ 32%] /data/local/tmp/benchmark/models/classification/mobilenetv2/mobilenetv2/mobilenet_v2_1.0_224.ckpt.meta: 42%
[ 32%] /data/local/tmp/benchmark/models/classification/mobilenetv2/mobilenetv2/mobilenet_v2_1.0_224.ckpt.meta: 42%
[ 32%] /data/local/tmp/benchmark/models/classification/mobilenetv2/mobilenetv2/mobilenet_v2_1.0_224.ckpt.meta: 43%
[ 32%] /data/local/tmp/benchmark/models/classification/mobilenetv2/mobilenetv2/mobilenet_v2_1.0_224.ckpt.meta: 43%
[ 32%] /data/local/tmp/benchmark/models/classification/mobilenetv2/mobilenetv2/mobilenet_v2_1.0_224.ckpt.meta: 44%
[ 32%] /data/local/tmp/benchmark/models/classification/mobilenetv2/mobilenetv2/mobilenet_v2_1.0_224.ckpt.meta: 44%
[ 33%] /data/local/tmp/benchmark/models/classification/mobilenetv2/mobilenetv2/mobilenet_v2_1.0_224.ckpt.meta: 45%
[ 33%] /data/local/tmp/benchmark/models/classification/mobilenetv2/mobilenetv2/mobilenet_v2_1.0_224.ckpt.meta: 45%
[ 33%] /data/local/tmp/benchmark/models/classification/mobilenetv2/mobilenetv2/mobilenet_v2_1.0_224.ckpt.meta: 46%
[ 33%] /data/local/tmp/benchmark/models/classification/mobilenetv2/mobilenetv2/mobilenet_v2_1.0_224.ckpt.meta: 46%
[ 33%] /data/local/tmp/benchmark/models/classification/mobilenetv2/mobilenetv2/mobilenet_v2_1.0_224.ckpt.meta: 47%
[ 33%] /data/local/tmp/benchmark/models/classification/mobilenetv2/mobilenetv2/mobilenet_v2_1.0_224.ckpt.meta: 47%
[ 33%] /data/local/tmp/benchmark/models/classification/mobilenetv2/mobilenetv2/mobilenet_v2_1.0_224.ckpt.meta: 48%
[ 33%] /data/local/tmp/benchmark/models/classification/mobilenetv2/mobilenetv2/mobilenet_v2_1.0_224.ckpt.meta: 48%
[ 33%] /data/local/tmp/benchmark/models/classification/mobilenetv2/mobilenetv2/mobilenet_v2_1.0_224.ckpt.meta: 49%
[ 33%] /data/local/tmp/benchmark/models/classification/mobilenetv2/mobilenetv2/mobilenet_v2_1.0_224.ckpt.meta: 49%
[ 33%] /data/local/tmp/benchmark/models/classification/mobilenetv2/mobilenetv2/mobilenet_v2_1.0_224.ckpt.meta: 50%
[ 33%] /data/local/tmp/benchmark/models/classification/mobilenetv2/mobilenetv2/mobilenet_v2_1.0_224.ckpt.meta: 50%
[ 33%] /data/local/tmp/benchmark/models/classification/mobilenetv2/mobilenetv2/mobilenet_v2_1.0_224.ckpt.meta: 51%
[ 33%] /data/local/tmp/benchmark/models/classification/mobilenetv2/mobilenetv2/mobilenet_v2_1.0_224.ckpt.meta: 51%
[ 33%] /data/local/tmp/benchmark/models/classification/mobilenetv2/mobilenetv2/mobilenet_v2_1.0_224.ckpt.meta: 52%
[ 33%] /data/local/tmp/benchmark/models/classification/mobilenetv2/mobilenetv2/mobilenet_v2_1.0_224.ckpt.meta: 52%
[ 33%] /data/local/tmp/benchmark/models/classification/mobilenetv2/mobilenetv2/mobilenet_v2_1.0_224.ckpt.meta: 53%
[ 33%] /data/local/tmp/benchmark/models/classification/mobilenetv2/mobilenetv2/mobilenet_v2_1.0_224.ckpt.meta: 53%
[ 33%] /data/local/tmp/benchmark/models/classification/mobilenetv2/mobilenetv2/mobilenet_v2_1.0_224.ckpt.meta: 54%
[ 33%] /data/local/tmp/benchmark/models/classification/mobilenetv2/mobilenetv2/mobilenet_v2_1.0_224.ckpt.meta: 54%
[ 33%] /data/local/tmp/benchmark/models/classification/mobilenetv2/mobilenetv2/mobilenet_v2_1.0_224.ckpt.meta: 55%
[ 33%] /data/local/tmp/benchmark/models/classification/mobilenetv2/mobilenetv2/mobilenet_v2_1.0_224.ckpt.meta: 55%
[ 33%] /data/local/tmp/benchmark/models/classification/mobilenetv2/mobilenetv2/mobilenet_v2_1.0_224.ckpt.meta: 56%
[ 33%] /data/local/tmp/benchmark/models/classification/mobilenetv2/mobilenetv2/mobilenet_v2_1.0_224.ckpt.meta: 56%
[ 33%] /data/local/tmp/benchmark/models/classification/mobilenetv2/mobilenetv2/mobilenet_v2_1.0_224.ckpt.meta: 57%
[ 33%] /data/local/tmp/benchmark/models/classification/mobilenetv2/mobilenetv2/mobilenet_v2_1.0_224.ckpt.meta: 58%
[ 33%] /data/local/tmp/benchmark/models/classification/mobilenetv2/mobilenetv2/mobilenet_v2_1.0_224.ckpt.meta: 58%
[ 33%] /data/local/tmp/benchmark/models/classification/mobilenetv2/mobilenetv2/mobilenet_v2_1.0_224.ckpt.meta: 59%
[ 33%] /data/local/tmp/benchmark/models/classification/mobilenetv2/mobilenetv2/mobilenet_v2_1.0_224.ckpt.meta: 59%
[ 33%] /data/local/tmp/benchmark/models/classification/mobilenetv2/mobilenetv2/mobilenet_v2_1.0_224.ckpt.meta: 60%
[ 33%] /data/local/tmp/benchmark/models/classification/mobilenetv2/mobilenetv2/mobilenet_v2_1.0_224.ckpt.meta: 60%
[ 33%] /data/local/tmp/benchmark/models/classification/mobilenetv2/mobilenetv2/mobilenet_v2_1.0_224.ckpt.meta: 61%
[ 33%] /data/local/tmp/benchmark/models/classification/mobilenetv2/mobilenetv2/mobilenet_v2_1.0_224.ckpt.meta: 61%
[ 33%] /data/local/tmp/benchmark/models/classification/mobilenetv2/mobilenetv2/mobilenet_v2_1.0_224.ckpt.meta: 62%
[ 33%] /data/local/tmp/benchmark/models/classification/mobilenetv2/mobilenetv2/mobilenet_v2_1.0_224.ckpt.meta: 62%
[ 33%] /data/local/tmp/benchmark/models/classification/mobilenetv2/mobilenetv2/mobilenet_v2_1.0_224.ckpt.meta: 63%
[ 33%] /data/local/tmp/benchmark/models/classification/mobilenetv2/mobilenetv2/mobilenet_v2_1.0_224.ckpt.meta: 63%
[ 33%] /data/local/tmp/benchmark/models/classification/mobilenetv2/mobilenetv2/mobilenet_v2_1.0_224.ckpt.meta: 64%
[ 33%] /data/local/tmp/benchmark/models/classification/mobilenetv2/mobilenetv2/mobilenet_v2_1.0_224.ckpt.meta: 64%
[ 33%] /data/local/tmp/benchmark/models/classification/mobilenetv2/mobilenetv2/mobilenet_v2_1.0_224.ckpt.meta: 65%
[ 33%] /data/local/tmp/benchmark/models/classification/mobilenetv2/mobilenetv2/mobilenet_v2_1.0_224.ckpt.meta: 65%
[ 33%] /data/local/tmp/benchmark/models/classification/mobilenetv2/mobilenetv2/mobilenet_v2_1.0_224.ckpt.meta: 66%
[ 33%] /data/local/tmp/benchmark/models/classification/mobilenetv2/mobilenetv2/mobilenet_v2_1.0_224.ckpt.meta: 66%
[ 33%] /data/local/tmp/benchmark/models/classification/mobilenetv2/mobilenetv2/mobilenet_v2_1.0_224.ckpt.meta: 67%
[ 33%] /data/local/tmp/benchmark/models/classification/mobilenetv2/mobilenetv2/mobilenet_v2_1.0_224.ckpt.meta: 67%
[ 33%] /data/local/tmp/benchmark/models/classification/mobilenetv2/mobilenetv2/mobilenet_v2_1.0_224.ckpt.meta: 68%
[ 33%] /data/local/tmp/benchmark/models/classification/mobilenetv2/mobilenetv2/mobilenet_v2_1.0_224.ckpt.meta: 68%
[ 33%] /data/local/tmp/benchmark/models/classification/mobilenetv2/mobilenetv2/mobilenet_v2_1.0_224.ckpt.meta: 69%
[ 33%] /data/local/tmp/benchmark/models/classification/mobilenetv2/mobilenetv2/mobilenet_v2_1.0_224.ckpt.meta: 69%
[ 34%] /data/local/tmp/benchmark/models/classification/mobilenetv2/mobilenetv2/mobilenet_v2_1.0_224.ckpt.meta: 70%
[ 34%] /data/local/tmp/benchmark/models/classification/mobilenetv2/mobilenetv2/mobilenet_v2_1.0_224.ckpt.meta: 70%
[ 34%] /data/local/tmp/benchmark/models/classification/mobilenetv2/mobilenetv2/mobilenet_v2_1.0_224.ckpt.meta: 71%
[ 34%] /data/local/tmp/benchmark/models/classification/mobilenetv2/mobilenetv2/mobilenet_v2_1.0_224.ckpt.meta: 71%
[ 34%] /data/local/tmp/benchmark/models/classification/mobilenetv2/mobilenetv2/mobilenet_v2_1.0_224.ckpt.meta: 72%
[ 34%] /data/local/tmp/benchmark/models/classification/mobilenetv2/mobilenetv2/mobilenet_v2_1.0_224.ckpt.meta: 72%
[ 34%] /data/local/tmp/benchmark/models/classification/mobilenetv2/mobilenetv2/mobilenet_v2_1.0_224.ckpt.meta: 73%
[ 34%] /data/local/tmp/benchmark/models/classification/mobilenetv2/mobilenetv2/mobilenet_v2_1.0_224.ckpt.meta: 73%
[ 34%] /data/local/tmp/benchmark/models/classification/mobilenetv2/mobilenetv2/mobilenet_v2_1.0_224.ckpt.meta: 74%
[ 34%] /data/local/tmp/benchmark/models/classification/mobilenetv2/mobilenetv2/mobilenet_v2_1.0_224.ckpt.meta: 74%
[ 34%] /data/local/tmp/benchmark/models/classification/mobilenetv2/mobilenetv2/mobilenet_v2_1.0_224.ckpt.meta: 75%
[ 34%] /data/local/tmp/benchmark/models/classification/mobilenetv2/mobilenetv2/mobilenet_v2_1.0_224.ckpt.meta: 75%
[ 34%] /data/local/tmp/benchmark/models/classification/mobilenetv2/mobilenetv2/mobilenet_v2_1.0_224.ckpt.meta: 76%
[ 34%] /data/local/tmp/benchmark/models/classification/mobilenetv2/mobilenetv2/mobilenet_v2_1.0_224.ckpt.meta: 76%
[ 34%] /data/local/tmp/benchmark/models/classification/mobilenetv2/mobilenetv2/mobilenet_v2_1.0_224.ckpt.meta: 77%
[ 34%] /data/local/tmp/benchmark/models/classification/mobilenetv2/mobilenetv2/mobilenet_v2_1.0_224.ckpt.meta: 77%
[ 34%] /data/local/tmp/benchmark/models/classification/mobilenetv2/mobilenetv2/mobilenet_v2_1.0_224.ckpt.meta: 78%
[ 34%] /data/local/tmp/benchmark/models/classification/mobilenetv2/mobilenetv2/mobilenet_v2_1.0_224.ckpt.meta: 78%
[ 34%] /data/local/tmp/benchmark/models/classification/mobilenetv2/mobilenetv2/mobilenet_v2_1.0_224.ckpt.meta: 79%
[ 34%] /data/local/tmp/benchmark/models/classification/mobilenetv2/mobilenetv2/mobilenet_v2_1.0_224.ckpt.meta: 79%
[ 34%] /data/local/tmp/benchmark/models/classification/mobilenetv2/mobilenetv2/mobilenet_v2_1.0_224.ckpt.meta: 80%
[ 34%] /data/local/tmp/benchmark/models/classification/mobilenetv2/mobilenetv2/mobilenet_v2_1.0_224.ckpt.meta: 80%
[ 34%] /data/local/tmp/benchmark/models/classification/mobilenetv2/mobilenetv2/mobilenet_v2_1.0_224.ckpt.meta: 81%
[ 34%] /data/local/tmp/benchmark/models/classification/mobilenetv2/mobilenetv2/mobilenet_v2_1.0_224.ckpt.meta: 81%
[ 34%] /data/local/tmp/benchmark/models/classification/mobilenetv2/mobilenetv2/mobilenet_v2_1.0_224.ckpt.meta: 82%
[ 34%] /data/local/tmp/benchmark/models/classification/mobilenetv2/mobilenetv2/mobilenet_v2_1.0_224.ckpt.meta: 82%
[ 34%] /data/local/tmp/benchmark/models/classification/mobilenetv2/mobilenetv2/mobilenet_v2_1.0_224.ckpt.meta: 83%
[ 34%] /data/local/tmp/benchmark/models/classification/mobilenetv2/mobilenetv2/mobilenet_v2_1.0_224.ckpt.meta: 83%
[ 34%] /data/local/tmp/benchmark/models/classification/mobilenetv2/mobilenetv2/mobilenet_v2_1.0_224.ckpt.meta: 84%
[ 34%] /data/local/tmp/benchmark/models/classification/mobilenetv2/mobilenetv2/mobilenet_v2_1.0_224.ckpt.meta: 84%
[ 34%] /data/local/tmp/benchmark/models/classification/mobilenetv2/mobilenetv2/mobilenet_v2_1.0_224.ckpt.meta: 85%
[ 34%] /data/local/tmp/benchmark/models/classification/mobilenetv2/mobilenetv2/mobilenet_v2_1.0_224.ckpt.meta: 85%
[ 34%] /data/local/tmp/benchmark/models/classification/mobilenetv2/mobilenetv2/mobilenet_v2_1.0_224.ckpt.meta: 86%
[ 34%] /data/local/tmp/benchmark/models/classification/mobilenetv2/mobilenetv2/mobilenet_v2_1.0_224.ckpt.meta: 87%
[ 34%] /data/local/tmp/benchmark/models/classification/mobilenetv2/mobilenetv2/mobilenet_v2_1.0_224.ckpt.meta: 87%
[ 34%] /data/local/tmp/benchmark/models/classification/mobilenetv2/mobilenetv2/mobilenet_v2_1.0_224.ckpt.meta: 88%
[ 34%] /data/local/tmp/benchmark/models/classification/mobilenetv2/mobilenetv2/mobilenet_v2_1.0_224.ckpt.meta: 88%
[ 34%] /data/local/tmp/benchmark/models/classification/mobilenetv2/mobilenetv2/mobilenet_v2_1.0_224.ckpt.meta: 89%
[ 34%] /data/local/tmp/benchmark/models/classification/mobilenetv2/mobilenetv2/mobilenet_v2_1.0_224.ckpt.meta: 89%
[ 34%] /data/local/tmp/benchmark/models/classification/mobilenetv2/mobilenetv2/mobilenet_v2_1.0_224.ckpt.meta: 90%
[ 34%] /data/local/tmp/benchmark/models/classification/mobilenetv2/mobilenetv2/mobilenet_v2_1.0_224.ckpt.meta: 90%
[ 34%] /data/local/tmp/benchmark/models/classification/mobilenetv2/mobilenetv2/mobilenet_v2_1.0_224.ckpt.meta: 91%
[ 34%] /data/local/tmp/benchmark/models/classification/mobilenetv2/mobilenetv2/mobilenet_v2_1.0_224.ckpt.meta: 91%
[ 34%] /data/local/tmp/benchmark/models/classification/mobilenetv2/mobilenetv2/mobilenet_v2_1.0_224.ckpt.meta: 92%
[ 34%] /data/local/tmp/benchmark/models/classification/mobilenetv2/mobilenetv2/mobilenet_v2_1.0_224.ckpt.meta: 92%
[ 34%] /data/local/tmp/benchmark/models/classification/mobilenetv2/mobilenetv2/mobilenet_v2_1.0_224.ckpt.meta: 93%
[ 34%] /data/local/tmp/benchmark/models/classification/mobilenetv2/mobilenetv2/mobilenet_v2_1.0_224.ckpt.meta: 93%
[ 34%] /data/local/tmp/benchmark/models/classification/mobilenetv2/mobilenetv2/mobilenet_v2_1.0_224.ckpt.meta: 94%
[ 35%] /data/local/tmp/benchmark/models/classification/mobilenetv2/mobilenetv2/mobilenet_v2_1.0_224.ckpt.meta: 94%
[ 35%] /data/local/tmp/benchmark/models/classification/mobilenetv2/mobilenetv2/mobilenet_v2_1.0_224.ckpt.meta: 95%
[ 35%] /data/local/tmp/benchmark/models/classification/mobilenetv2/mobilenetv2/mobilenet_v2_1.0_224.ckpt.meta: 95%
[ 35%] /data/local/tmp/benchmark/models/classification/mobilenetv2/mobilenetv2/mobilenet_v2_1.0_224.ckpt.meta: 96%
[ 35%] /data/local/tmp/benchmark/models/classification/mobilenetv2/mobilenetv2/mobilenet_v2_1.0_224.ckpt.meta: 96%
[ 35%] /data/local/tmp/benchmark/models/classification/mobilenetv2/mobilenetv2/mobilenet_v2_1.0_224.ckpt.meta: 97%
[ 35%] /data/local/tmp/benchmark/models/classification/mobilenetv2/mobilenetv2/mobilenet_v2_1.0_224.ckpt.meta: 97%
[ 35%] /data/local/tmp/benchmark/models/classification/mobilenetv2/mobilenetv2/mobilenet_v2_1.0_224.ckpt.meta: 98%
[ 35%] /data/local/tmp/benchmark/models/classification/mobilenetv2/mobilenetv2/mobilenet_v2_1.0_224.ckpt.meta: 98%
[ 35%] /data/local/tmp/benchmark/models/classification/mobilenetv2/mobilenetv2/mobilenet_v2_1.0_224.ckpt.meta: 99%
[ 35%] /data/local/tmp/benchmark/models/classification/mobilenetv2/mobilenetv2/mobilenet_v2_1.0_224.ckpt.meta: 99%
[ 35%] /data/local/tmp/benchmark/models/classification/mobilenetv2/mobilenetv2/mobilenet_v2_1.0_224.ckpt.meta: 100%
[ 35%] /data/local/tmp/benchmark/models/classification/mobilenetv2/mobilenetv2/mobilenetv2.ncnn.param: 100%
[ 35%] /data/local/tmp/benchmark/models/classification/mobilenetv2/mobilenetv2/mobilenet_v2.tgz: 0%
[ 35%] /data/local/tmp/benchmark/models/classification/mobilenetv2/mobilenetv2/mobilenet_v2.tgz: 0%
[ 35%] /data/local/tmp/benchmark/models/classification/mobilenetv2/mobilenetv2/mobilenet_v2.tgz: 0%
[ 35%] /data/local/tmp/benchmark/models/classification/mobilenetv2/mobilenetv2/mobilenet_v2.tgz: 0%
[ 35%] /data/local/tmp/benchmark/models/classification/mobilenetv2/mobilenetv2/mobilenet_v2.tgz: 0%
[ 35%] /data/local/tmp/benchmark/models/classification/mobilenetv2/mobilenetv2/mobilenet_v2.tgz: 0%
[ 35%] /data/local/tmp/benchmark/models/classification/mobilenetv2/mobilenetv2/mobilenet_v2.tgz: 0%
[ 35%] /data/local/tmp/benchmark/models/classification/mobilenetv2/mobilenetv2/mobilenet_v2.tgz: 0%
[ 35%] /data/local/tmp/benchmark/models/classification/mobilenetv2/mobilenetv2/mobilenet_v2.tgz: 0%
[ 35%] /data/local/tmp/benchmark/models/classification/mobilenetv2/mobilenetv2/mobilenet_v2.tgz: 0%
[ 35%] /data/local/tmp/benchmark/models/classification/mobilenetv2/mobilenetv2/mobilenet_v2.tgz: 0%
[ 35%] /data/local/tmp/benchmark/models/classification/mobilenetv2/mobilenetv2/mobilenet_v2.tgz: 1%
[ 35%] /data/local/tmp/benchmark/models/classification/mobilenetv2/mobilenetv2/mobilenet_v2.tgz: 1%
[ 35%] /data/local/tmp/benchmark/models/classification/mobilenetv2/mobilenetv2/mobilenet_v2.tgz: 1%
[ 35%] /data/local/tmp/benchmark/models/classification/mobilenetv2/mobilenetv2/mobilenet_v2.tgz: 1%
[ 35%] /data/local/tmp/benchmark/models/classification/mobilenetv2/mobilenetv2/mobilenet_v2.tgz: 1%
[ 35%] /data/local/tmp/benchmark/models/classification/mobilenetv2/mobilenetv2/mobilenet_v2.tgz: 1%
[ 35%] /data/local/tmp/benchmark/models/classification/mobilenetv2/mobilenetv2/mobilenet_v2.tgz: 1%
[ 35%] /data/local/tmp/benchmark/models/classification/mobilenetv2/mobilenetv2/mobilenet_v2.tgz: 1%
[ 35%] /data/local/tmp/benchmark/models/classification/mobilenetv2/mobilenetv2/mobilenet_v2.tgz: 1%
[ 35%] /data/local/tmp/benchmark/models/classification/mobilenetv2/mobilenetv2/mobilenet_v2.tgz: 1%
[ 35%] /data/local/tmp/benchmark/models/classification/mobilenetv2/mobilenetv2/mobilenet_v2.tgz: 1%
[ 35%] /data/local/tmp/benchmark/models/classification/mobilenetv2/mobilenetv2/mobilenet_v2.tgz: 1%
[ 35%] /data/local/tmp/benchmark/models/classification/mobilenetv2/mobilenetv2/mobilenet_v2.tgz: 2%
[ 35%] /data/local/tmp/benchmark/models/classification/mobilenetv2/mobilenetv2/mobilenet_v2.tgz: 2%
[ 35%] /data/local/tmp/benchmark/models/classification/mobilenetv2/mobilenetv2/mobilenet_v2.tgz: 2%
[ 35%] /data/local/tmp/benchmark/models/classification/mobilenetv2/mobilenetv2/mobilenet_v2.tgz: 2%
[ 35%] /data/local/tmp/benchmark/models/classification/mobilenetv2/mobilenetv2/mobilenet_v2.tgz: 2%
[ 35%] /data/local/tmp/benchmark/models/classification/mobilenetv2/mobilenetv2/mobilenet_v2.tgz: 2%
[ 35%] /data/local/tmp/benchmark/models/classification/mobilenetv2/mobilenetv2/mobilenet_v2.tgz: 2%
[ 35%] /data/local/tmp/benchmark/models/classification/mobilenetv2/mobilenetv2/mobilenet_v2.tgz: 2%
[ 35%] /data/local/tmp/benchmark/models/classification/mobilenetv2/mobilenetv2/mobilenet_v2.tgz: 2%
[ 35%] /data/local/tmp/benchmark/models/classification/mobilenetv2/mobilenetv2/mobilenet_v2.tgz: 2%
[ 35%] /data/local/tmp/benchmark/models/classification/mobilenetv2/mobilenetv2/mobilenet_v2.tgz: 2%
[ 35%] /data/local/tmp/benchmark/models/classification/mobilenetv2/mobilenetv2/mobilenet_v2.tgz: 2%
[ 35%] /data/local/tmp/benchmark/models/classification/mobilenetv2/mobilenetv2/mobilenet_v2.tgz: 3%
[ 35%] /data/local/tmp/benchmark/models/classification/mobilenetv2/mobilenetv2/mobilenet_v2.tgz: 3%
[ 36%] /data/local/tmp/benchmark/models/classification/mobilenetv2/mobilenetv2/mobilenet_v2.tgz: 3%
[ 36%] /data/local/tmp/benchmark/models/classification/mobilenetv2/mobilenetv2/mobilenet_v2.tgz: 3%
[ 36%] /data/local/tmp/benchmark/models/classification/mobilenetv2/mobilenetv2/mobilenet_v2.tgz: 3%
[ 36%] /data/local/tmp/benchmark/models/classification/mobilenetv2/mobilenetv2/mobilenet_v2.tgz: 3%
[ 36%] /data/local/tmp/benchmark/models/classification/mobilenetv2/mobilenetv2/mobilenet_v2.tgz: 3%
[ 36%] /data/local/tmp/benchmark/models/classification/mobilenetv2/mobilenetv2/mobilenet_v2.tgz: 3%
[ 36%] /data/local/tmp/benchmark/models/classification/mobilenetv2/mobilenetv2/mobilenet_v2.tgz: 3%
[ 36%] /data/local/tmp/benchmark/models/classification/mobilenetv2/mobilenetv2/mobilenet_v2.tgz: 3%
[ 36%] /data/local/tmp/benchmark/models/classification/mobilenetv2/mobilenetv2/mobilenet_v2.tgz: 3%
[ 36%] /data/local/tmp/benchmark/models/classification/mobilenetv2/mobilenetv2/mobilenet_v2.tgz: 3%
[ 36%] /data/local/tmp/benchmark/models/classification/mobilenetv2/mobilenetv2/mobilenet_v2.tgz: 4%
[ 36%] /data/local/tmp/benchmark/models/classification/mobilenetv2/mobilenetv2/mobilenet_v2.tgz: 4%
[ 36%] /data/local/tmp/benchmark/models/classification/mobilenetv2/mobilenetv2/mobilenet_v2.tgz: 4%
[ 36%] /data/local/tmp/benchmark/models/classification/mobilenetv2/mobilenetv2/mobilenet_v2.tgz: 4%
[ 36%] /data/local/tmp/benchmark/models/classification/mobilenetv2/mobilenetv2/mobilenet_v2.tgz: 4%
[ 36%] /data/local/tmp/benchmark/models/classification/mobilenetv2/mobilenetv2/mobilenet_v2.tgz: 4%
[ 36%] /data/local/tmp/benchmark/models/classification/mobilenetv2/mobilenetv2/mobilenet_v2.tgz: 4%
[ 36%] /data/local/tmp/benchmark/models/classification/mobilenetv2/mobilenetv2/mobilenet_v2.tgz: 4%
[ 36%] /data/local/tmp/benchmark/models/classification/mobilenetv2/mobilenetv2/mobilenet_v2.tgz: 4%
[ 36%] /data/local/tmp/benchmark/models/classification/mobilenetv2/mobilenetv2/mobilenet_v2.tgz: 4%
[ 36%] /data/local/tmp/benchmark/models/classification/mobilenetv2/mobilenetv2/mobilenet_v2.tgz: 4%
[ 36%] /data/local/tmp/benchmark/models/classification/mobilenetv2/mobilenetv2/mobilenet_v2.tgz: 4%
[ 36%] /data/local/tmp/benchmark/models/classification/mobilenetv2/mobilenetv2/mobilenet_v2.tgz: 5%
[ 36%] /data/local/tmp/benchmark/models/classification/mobilenetv2/mobilenetv2/mobilenet_v2.tgz: 5%
[ 36%] /data/local/tmp/benchmark/models/classification/mobilenetv2/mobilenetv2/mobilenet_v2.tgz: 5%
[ 36%] /data/local/tmp/benchmark/models/classification/mobilenetv2/mobilenetv2/mobilenet_v2.tgz: 5%
[ 36%] /data/local/tmp/benchmark/models/classification/mobilenetv2/mobilenetv2/mobilenet_v2.tgz: 5%
[ 36%] /data/local/tmp/benchmark/models/classification/mobilenetv2/mobilenetv2/mobilenet_v2.tgz: 5%
[ 36%] /data/local/tmp/benchmark/models/classification/mobilenetv2/mobilenetv2/mobilenet_v2.tgz: 5%
[ 36%] /data/local/tmp/benchmark/models/classification/mobilenetv2/mobilenetv2/mobilenet_v2.tgz: 5%
[ 36%] /data/local/tmp/benchmark/models/classification/mobilenetv2/mobilenetv2/mobilenet_v2.tgz: 5%
[ 36%] /data/local/tmp/benchmark/models/classification/mobilenetv2/mobilenetv2/mobilenet_v2.tgz: 5%
[ 36%] /data/local/tmp/benchmark/models/classification/mobilenetv2/mobilenetv2/mobilenet_v2.tgz: 5%
[ 36%] /data/local/tmp/benchmark/models/classification/mobilenetv2/mobilenetv2/mobilenet_v2.tgz: 5%
[ 36%] /data/local/tmp/benchmark/models/classification/mobilenetv2/mobilenetv2/mobilenet_v2.tgz: 6%
[ 36%] /data/local/tmp/benchmark/models/classification/mobilenetv2/mobilenetv2/mobilenet_v2.tgz: 6%
[ 36%] /data/local/tmp/benchmark/models/classification/mobilenetv2/mobilenetv2/mobilenet_v2.tgz: 6%
[ 36%] /data/local/tmp/benchmark/models/classification/mobilenetv2/mobilenetv2/mobilenet_v2.tgz: 6%
[ 36%] /data/local/tmp/benchmark/models/classification/mobilenetv2/mobilenetv2/mobilenet_v2.tgz: 6%
[ 36%] /data/local/tmp/benchmark/models/classification/mobilenetv2/mobilenetv2/mobilenet_v2.tgz: 6%
[ 36%] /data/local/tmp/benchmark/models/classification/mobilenetv2/mobilenetv2/mobilenet_v2.tgz: 6%
[ 36%] /data/local/tmp/benchmark/models/classification/mobilenetv2/mobilenetv2/mobilenet_v2.tgz: 6%
[ 36%] /data/local/tmp/benchmark/models/classification/mobilenetv2/mobilenetv2/mobilenet_v2.tgz: 6%
[ 36%] /data/local/tmp/benchmark/models/classification/mobilenetv2/mobilenetv2/mobilenet_v2.tgz: 6%
[ 36%] /data/local/tmp/benchmark/models/classification/mobilenetv2/mobilenetv2/mobilenet_v2.tgz: 6%
[ 36%] /data/local/tmp/benchmark/models/classification/mobilenetv2/mobilenetv2/mobilenet_v2.tgz: 6%
[ 36%] /data/local/tmp/benchmark/models/classification/mobilenetv2/mobilenetv2/mobilenet_v2.tgz: 7%
[ 36%] /data/local/tmp/benchmark/models/classification/mobilenetv2/mobilenetv2/mobilenet_v2.tgz: 7%
[ 37%] /data/local/tmp/benchmark/models/classification/mobilenetv2/mobilenetv2/mobilenet_v2.tgz: 7%
[ 37%] /data/local/tmp/benchmark/models/classification/mobilenetv2/mobilenetv2/mobilenet_v2.tgz: 7%
[ 37%] /data/local/tmp/benchmark/models/classification/mobilenetv2/mobilenetv2/mobilenet_v2.tgz: 7%
[ 37%] /data/local/tmp/benchmark/models/classification/mobilenetv2/mobilenetv2/mobilenet_v2.tgz: 7%
[ 37%] /data/local/tmp/benchmark/models/classification/mobilenetv2/mobilenetv2/mobilenet_v2.tgz: 7%
[ 37%] /data/local/tmp/benchmark/models/classification/mobilenetv2/mobilenetv2/mobilenet_v2.tgz: 7%
[ 37%] /data/local/tmp/benchmark/models/classification/mobilenetv2/mobilenetv2/mobilenet_v2.tgz: 7%
[ 37%] /data/local/tmp/benchmark/models/classification/mobilenetv2/mobilenetv2/mobilenet_v2.tgz: 7%
[ 37%] /data/local/tmp/benchmark/models/classification/mobilenetv2/mobilenetv2/mobilenet_v2.tgz: 7%
[ 37%] /data/local/tmp/benchmark/models/classification/mobilenetv2/mobilenetv2/mobilenet_v2.tgz: 7%
[ 37%] /data/local/tmp/benchmark/models/classification/mobilenetv2/mobilenetv2/mobilenet_v2.tgz: 8%
[ 37%] /data/local/tmp/benchmark/models/classification/mobilenetv2/mobilenetv2/mobilenet_v2.tgz: 8%
[ 37%] /data/local/tmp/benchmark/models/classification/mobilenetv2/mobilenetv2/mobilenet_v2.tgz: 8%
[ 37%] /data/local/tmp/benchmark/models/classification/mobilenetv2/mobilenetv2/mobilenet_v2.tgz: 8%
[ 37%] /data/local/tmp/benchmark/models/classification/mobilenetv2/mobilenetv2/mobilenet_v2.tgz: 8%
[ 37%] /data/local/tmp/benchmark/models/classification/mobilenetv2/mobilenetv2/mobilenet_v2.tgz: 8%
[ 37%] /data/local/tmp/benchmark/models/classification/mobilenetv2/mobilenetv2/mobilenet_v2.tgz: 8%
[ 37%] /data/local/tmp/benchmark/models/classification/mobilenetv2/mobilenetv2/mobilenet_v2.tgz: 8%
[ 37%] /data/local/tmp/benchmark/models/classification/mobilenetv2/mobilenetv2/mobilenet_v2.tgz: 8%
[ 37%] /data/local/tmp/benchmark/models/classification/mobilenetv2/mobilenetv2/mobilenet_v2.tgz: 8%
[ 37%] /data/local/tmp/benchmark/models/classification/mobilenetv2/mobilenetv2/mobilenet_v2.tgz: 8%
[ 37%] /data/local/tmp/benchmark/models/classification/mobilenetv2/mobilenetv2/mobilenet_v2.tgz: 8%
[ 37%] /data/local/tmp/benchmark/models/classification/mobilenetv2/mobilenetv2/mobilenet_v2.tgz: 9%
[ 37%] /data/local/tmp/benchmark/models/classification/mobilenetv2/mobilenetv2/mobilenet_v2.tgz: 9%
[ 37%] /data/local/tmp/benchmark/models/classification/mobilenetv2/mobilenetv2/mobilenet_v2.tgz: 9%
[ 37%] /data/local/tmp/benchmark/models/classification/mobilenetv2/mobilenetv2/mobilenet_v2.tgz: 9%
[ 37%] /data/local/tmp/benchmark/models/classification/mobilenetv2/mobilenetv2/mobilenet_v2.tgz: 9%
[ 37%] /data/local/tmp/benchmark/models/classification/mobilenetv2/mobilenetv2/mobilenet_v2.tgz: 9%
[ 37%] /data/local/tmp/benchmark/models/classification/mobilenetv2/mobilenetv2/mobilenet_v2.tgz: 9%
[ 37%] /data/local/tmp/benchmark/models/classification/mobilenetv2/mobilenetv2/mobilenet_v2.tgz: 9%
[ 37%] /data/local/tmp/benchmark/models/classification/mobilenetv2/mobilenetv2/mobilenet_v2.tgz: 9%
[ 37%] /data/local/tmp/benchmark/models/classification/mobilenetv2/mobilenetv2/mobilenet_v2.tgz: 9%
[ 37%] /data/local/tmp/benchmark/models/classification/mobilenetv2/mobilenetv2/mobilenet_v2.tgz: 9%
[ 37%] /data/local/tmp/benchmark/models/classification/mobilenetv2/mobilenetv2/mobilenet_v2.tgz: 9%
[ 37%] /data/local/tmp/benchmark/models/classification/mobilenetv2/mobilenetv2/mobilenet_v2.tgz: 10%
[ 37%] /data/local/tmp/benchmark/models/classification/mobilenetv2/mobilenetv2/mobilenet_v2.tgz: 10%
[ 37%] /data/local/tmp/benchmark/models/classification/mobilenetv2/mobilenetv2/mobilenet_v2.tgz: 10%
[ 37%] /data/local/tmp/benchmark/models/classification/mobilenetv2/mobilenetv2/mobilenet_v2.tgz: 10%
[ 37%] /data/local/tmp/benchmark/models/classification/mobilenetv2/mobilenetv2/mobilenet_v2.tgz: 10%
[ 37%] /data/local/tmp/benchmark/models/classification/mobilenetv2/mobilenetv2/mobilenet_v2.tgz: 10%
[ 37%] /data/local/tmp/benchmark/models/classification/mobilenetv2/mobilenetv2/mobilenet_v2.tgz: 10%
[ 37%] /data/local/tmp/benchmark/models/classification/mobilenetv2/mobilenetv2/mobilenet_v2.tgz: 10%
[ 37%] /data/local/tmp/benchmark/models/classification/mobilenetv2/mobilenetv2/mobilenet_v2.tgz: 10%
[ 37%] /data/local/tmp/benchmark/models/classification/mobilenetv2/mobilenetv2/mobilenet_v2.tgz: 10%
[ 37%] /data/local/tmp/benchmark/models/classification/mobilenetv2/mobilenetv2/mobilenet_v2.tgz: 10%
[ 37%] /data/local/tmp/benchmark/models/classification/mobilenetv2/mobilenetv2/mobilenet_v2.tgz: 10%
[ 37%] /data/local/tmp/benchmark/models/classification/mobilenetv2/mobilenetv2/mobilenet_v2.tgz: 11%
[ 37%] /data/local/tmp/benchmark/models/classification/mobilenetv2/mobilenetv2/mobilenet_v2.tgz: 11%
[ 37%] /data/local/tmp/benchmark/models/classification/mobilenetv2/mobilenetv2/mobilenet_v2.tgz: 11%
[ 38%] /data/local/tmp/benchmark/models/classification/mobilenetv2/mobilenetv2/mobilenet_v2.tgz: 11%
[ 38%] /data/local/tmp/benchmark/models/classification/mobilenetv2/mobilenetv2/mobilenet_v2.tgz: 11%
[ 38%] /data/local/tmp/benchmark/models/classification/mobilenetv2/mobilenetv2/mobilenet_v2.tgz: 11%
[ 38%] /data/local/tmp/benchmark/models/classification/mobilenetv2/mobilenetv2/mobilenet_v2.tgz: 11%
[ 38%] /data/local/tmp/benchmark/models/classification/mobilenetv2/mobilenetv2/mobilenet_v2.tgz: 11%
[ 38%] /data/local/tmp/benchmark/models/classification/mobilenetv2/mobilenetv2/mobilenet_v2.tgz: 11%
[ 38%] /data/local/tmp/benchmark/models/classification/mobilenetv2/mobilenetv2/mobilenet_v2.tgz: 11%
[ 38%] /data/local/tmp/benchmark/models/classification/mobilenetv2/mobilenetv2/mobilenet_v2.tgz: 11%
[ 38%] /data/local/tmp/benchmark/models/classification/mobilenetv2/mobilenetv2/mobilenet_v2.tgz: 11%
[ 38%] /data/local/tmp/benchmark/models/classification/mobilenetv2/mobilenetv2/mobilenet_v2.tgz: 12%
[ 38%] /data/local/tmp/benchmark/models/classification/mobilenetv2/mobilenetv2/mobilenet_v2.tgz: 12%
[ 38%] /data/local/tmp/benchmark/models/classification/mobilenetv2/mobilenetv2/mobilenet_v2.tgz: 12%
[ 38%] /data/local/tmp/benchmark/models/classification/mobilenetv2/mobilenetv2/mobilenet_v2.tgz: 12%
[ 38%] /data/local/tmp/benchmark/models/classification/mobilenetv2/mobilenetv2/mobilenet_v2.tgz: 12%
[ 38%] /data/local/tmp/benchmark/models/classification/mobilenetv2/mobilenetv2/mobilenet_v2.tgz: 12%
[ 38%] /data/local/tmp/benchmark/models/classification/mobilenetv2/mobilenetv2/mobilenet_v2.tgz: 12%
[ 38%] /data/local/tmp/benchmark/models/classification/mobilenetv2/mobilenetv2/mobilenet_v2.tgz: 12%
[ 38%] /data/local/tmp/benchmark/models/classification/mobilenetv2/mobilenetv2/mobilenet_v2.tgz: 12%
[ 38%] /data/local/tmp/benchmark/models/classification/mobilenetv2/mobilenetv2/mobilenet_v2.tgz: 12%
[ 38%] /data/local/tmp/benchmark/models/classification/mobilenetv2/mobilenetv2/mobilenet_v2.tgz: 12%
[ 38%] /data/local/tmp/benchmark/models/classification/mobilenetv2/mobilenetv2/mobilenet_v2.tgz: 12%
[ 38%] /data/local/tmp/benchmark/models/classification/mobilenetv2/mobilenetv2/mobilenet_v2.tgz: 13%
[ 38%] /data/local/tmp/benchmark/models/classification/mobilenetv2/mobilenetv2/mobilenet_v2.tgz: 13%
[ 38%] /data/local/tmp/benchmark/models/classification/mobilenetv2/mobilenetv2/mobilenet_v2.tgz: 13%
[ 38%] /data/local/tmp/benchmark/models/classification/mobilenetv2/mobilenetv2/mobilenet_v2.tgz: 13%
[ 38%] /data/local/tmp/benchmark/models/classification/mobilenetv2/mobilenetv2/mobilenet_v2.tgz: 13%
[ 38%] /data/local/tmp/benchmark/models/classification/mobilenetv2/mobilenetv2/mobilenet_v2.tgz: 13%
[ 38%] /data/local/tmp/benchmark/models/classification/mobilenetv2/mobilenetv2/mobilenet_v2.tgz: 13%
[ 38%] /data/local/tmp/benchmark/models/classification/mobilenetv2/mobilenetv2/mobilenet_v2.tgz: 13%
[ 38%] /data/local/tmp/benchmark/models/classification/mobilenetv2/mobilenetv2/mobilenet_v2.tgz: 13%
[ 38%] /data/local/tmp/benchmark/models/classification/mobilenetv2/mobilenetv2/mobilenet_v2.tgz: 13%
[ 38%] /data/local/tmp/benchmark/models/classification/mobilenetv2/mobilenetv2/mobilenet_v2.tgz: 13%
[ 38%] /data/local/tmp/benchmark/models/classification/mobilenetv2/mobilenetv2/mobilenet_v2.tgz: 13%
[ 38%] /data/local/tmp/benchmark/models/classification/mobilenetv2/mobilenetv2/mobilenet_v2.tgz: 14%
[ 38%] /data/local/tmp/benchmark/models/classification/mobilenetv2/mobilenetv2/mobilenet_v2.tgz: 14%
[ 38%] /data/local/tmp/benchmark/models/classification/mobilenetv2/mobilenetv2/mobilenet_v2.tgz: 14%
[ 38%] /data/local/tmp/benchmark/models/classification/mobilenetv2/mobilenetv2/mobilenet_v2.tgz: 14%
[ 38%] /data/local/tmp/benchmark/models/classification/mobilenetv2/mobilenetv2/mobilenet_v2.tgz: 14%
[ 38%] /data/local/tmp/benchmark/models/classification/mobilenetv2/mobilenetv2/mobilenet_v2.tgz: 14%
[ 38%] /data/local/tmp/benchmark/models/classification/mobilenetv2/mobilenetv2/mobilenet_v2.tgz: 14%
[ 38%] /data/local/tmp/benchmark/models/classification/mobilenetv2/mobilenetv2/mobilenet_v2.tgz: 14%
[ 38%] /data/local/tmp/benchmark/models/classification/mobilenetv2/mobilenetv2/mobilenet_v2.tgz: 14%
[ 38%] /data/local/tmp/benchmark/models/classification/mobilenetv2/mobilenetv2/mobilenet_v2.tgz: 14%
[ 38%] /data/local/tmp/benchmark/models/classification/mobilenetv2/mobilenetv2/mobilenet_v2.tgz: 14%
[ 38%] /data/local/tmp/benchmark/models/classification/mobilenetv2/mobilenetv2/mobilenet_v2.tgz: 14%
[ 38%] /data/local/tmp/benchmark/models/classification/mobilenetv2/mobilenetv2/mobilenet_v2.tgz: 15%
[ 38%] /data/local/tmp/benchmark/models/classification/mobilenetv2/mobilenetv2/mobilenet_v2.tgz: 15%
[ 38%] /data/local/tmp/benchmark/models/classification/mobilenetv2/mobilenetv2/mobilenet_v2.tgz: 15%
[ 39%] /data/local/tmp/benchmark/models/classification/mobilenetv2/mobilenetv2/mobilenet_v2.tgz: 15%
[ 39%] /data/local/tmp/benchmark/models/classification/mobilenetv2/mobilenetv2/mobilenet_v2.tgz: 15%
[ 39%] /data/local/tmp/benchmark/models/classification/mobilenetv2/mobilenetv2/mobilenet_v2.tgz: 15%
[ 39%] /data/local/tmp/benchmark/models/classification/mobilenetv2/mobilenetv2/mobilenet_v2.tgz: 15%
[ 39%] /data/local/tmp/benchmark/models/classification/mobilenetv2/mobilenetv2/mobilenet_v2.tgz: 15%
[ 39%] /data/local/tmp/benchmark/models/classification/mobilenetv2/mobilenetv2/mobilenet_v2.tgz: 15%
[ 39%] /data/local/tmp/benchmark/models/classification/mobilenetv2/mobilenetv2/mobilenet_v2.tgz: 15%
[ 39%] /data/local/tmp/benchmark/models/classification/mobilenetv2/mobilenetv2/mobilenet_v2.tgz: 15%
[ 39%] /data/local/tmp/benchmark/models/classification/mobilenetv2/mobilenetv2/mobilenet_v2.tgz: 15%
[ 39%] /data/local/tmp/benchmark/models/classification/mobilenetv2/mobilenetv2/mobilenet_v2.tgz: 16%
[ 39%] /data/local/tmp/benchmark/models/classification/mobilenetv2/mobilenetv2/mobilenet_v2.tgz: 16%
[ 39%] /data/local/tmp/benchmark/models/classification/mobilenetv2/mobilenetv2/mobilenet_v2.tgz: 16%
[ 39%] /data/local/tmp/benchmark/models/classification/mobilenetv2/mobilenetv2/mobilenet_v2.tgz: 16%
[ 39%] /data/local/tmp/benchmark/models/classification/mobilenetv2/mobilenetv2/mobilenet_v2.tgz: 16%
[ 39%] /data/local/tmp/benchmark/models/classification/mobilenetv2/mobilenetv2/mobilenet_v2.tgz: 16%
[ 39%] /data/local/tmp/benchmark/models/classification/mobilenetv2/mobilenetv2/mobilenet_v2.tgz: 16%
[ 39%] /data/local/tmp/benchmark/models/classification/mobilenetv2/mobilenetv2/mobilenet_v2.tgz: 16%
[ 39%] /data/local/tmp/benchmark/models/classification/mobilenetv2/mobilenetv2/mobilenet_v2.tgz: 16%
[ 39%] /data/local/tmp/benchmark/models/classification/mobilenetv2/mobilenetv2/mobilenet_v2.tgz: 16%
[ 39%] /data/local/tmp/benchmark/models/classification/mobilenetv2/mobilenetv2/mobilenet_v2.tgz: 16%
[ 39%] /data/local/tmp/benchmark/models/classification/mobilenetv2/mobilenetv2/mobilenet_v2.tgz: 16%
[ 39%] /data/local/tmp/benchmark/models/classification/mobilenetv2/mobilenetv2/mobilenet_v2.tgz: 17%
[ 39%] /data/local/tmp/benchmark/models/classification/mobilenetv2/mobilenetv2/mobilenet_v2.tgz: 17%
[ 39%] /data/local/tmp/benchmark/models/classification/mobilenetv2/mobilenetv2/mobilenet_v2.tgz: 17%
[ 39%] /data/local/tmp/benchmark/models/classification/mobilenetv2/mobilenetv2/mobilenet_v2.tgz: 17%
[ 39%] /data/local/tmp/benchmark/models/classification/mobilenetv2/mobilenetv2/mobilenet_v2.tgz: 17%
[ 39%] /data/local/tmp/benchmark/models/classification/mobilenetv2/mobilenetv2/mobilenet_v2.tgz: 17%
[ 39%] /data/local/tmp/benchmark/models/classification/mobilenetv2/mobilenetv2/mobilenet_v2.tgz: 17%
[ 39%] /data/local/tmp/benchmark/models/classification/mobilenetv2/mobilenetv2/mobilenet_v2.tgz: 17%
[ 39%] /data/local/tmp/benchmark/models/classification/mobilenetv2/mobilenetv2/mobilenet_v2.tgz: 17%
[ 39%] /data/local/tmp/benchmark/models/classification/mobilenetv2/mobilenetv2/mobilenet_v2.tgz: 17%
[ 39%] /data/local/tmp/benchmark/models/classification/mobilenetv2/mobilenetv2/mobilenet_v2.tgz: 17%
[ 39%] /data/local/tmp/benchmark/models/classification/mobilenetv2/mobilenetv2/mobilenet_v2.tgz: 17%
[ 39%] /data/local/tmp/benchmark/models/classification/mobilenetv2/mobilenetv2/mobilenet_v2.tgz: 18%
[ 39%] /data/local/tmp/benchmark/models/classification/mobilenetv2/mobilenetv2/mobilenet_v2.tgz: 18%
[ 39%] /data/local/tmp/benchmark/models/classification/mobilenetv2/mobilenetv2/mobilenet_v2.tgz: 18%
[ 39%] /data/local/tmp/benchmark/models/classification/mobilenetv2/mobilenetv2/mobilenet_v2.tgz: 18%
[ 39%] /data/local/tmp/benchmark/models/classification/mobilenetv2/mobilenetv2/mobilenet_v2.tgz: 18%
[ 39%] /data/local/tmp/benchmark/models/classification/mobilenetv2/mobilenetv2/mobilenet_v2.tgz: 18%
[ 39%] /data/local/tmp/benchmark/models/classification/mobilenetv2/mobilenetv2/mobilenet_v2.tgz: 18%
[ 39%] /data/local/tmp/benchmark/models/classification/mobilenetv2/mobilenetv2/mobilenet_v2.tgz: 18%
[ 39%] /data/local/tmp/benchmark/models/classification/mobilenetv2/mobilenetv2/mobilenet_v2.tgz: 18%
[ 39%] /data/local/tmp/benchmark/models/classification/mobilenetv2/mobilenetv2/mobilenet_v2.tgz: 18%
[ 39%] /data/local/tmp/benchmark/models/classification/mobilenetv2/mobilenetv2/mobilenet_v2.tgz: 18%
[ 39%] /data/local/tmp/benchmark/models/classification/mobilenetv2/mobilenetv2/mobilenet_v2.tgz: 18%
[ 39%] /data/local/tmp/benchmark/models/classification/mobilenetv2/mobilenetv2/mobilenet_v2.tgz: 19%
[ 39%] /data/local/tmp/benchmark/models/classification/mobilenetv2/mobilenetv2/mobilenet_v2.tgz: 19%
[ 39%] /data/local/tmp/benchmark/models/classification/mobilenetv2/mobilenetv2/mobilenet_v2.tgz: 19%
[ 40%] /data/local/tmp/benchmark/models/classification/mobilenetv2/mobilenetv2/mobilenet_v2.tgz: 19%
[ 40%] /data/local/tmp/benchmark/models/classification/mobilenetv2/mobilenetv2/mobilenet_v2.tgz: 19%
[ 40%] /data/local/tmp/benchmark/models/classification/mobilenetv2/mobilenetv2/mobilenet_v2.tgz: 19%
[ 40%] /data/local/tmp/benchmark/models/classification/mobilenetv2/mobilenetv2/mobilenet_v2.tgz: 19%
[ 40%] /data/local/tmp/benchmark/models/classification/mobilenetv2/mobilenetv2/mobilenet_v2.tgz: 19%
[ 40%] /data/local/tmp/benchmark/models/classification/mobilenetv2/mobilenetv2/mobilenet_v2.tgz: 19%
[ 40%] /data/local/tmp/benchmark/models/classification/mobilenetv2/mobilenetv2/mobilenet_v2.tgz: 19%
[ 40%] /data/local/tmp/benchmark/models/classification/mobilenetv2/mobilenetv2/mobilenet_v2.tgz: 19%
[ 40%] /data/local/tmp/benchmark/models/classification/mobilenetv2/mobilenetv2/mobilenet_v2.tgz: 20%
[ 40%] /data/local/tmp/benchmark/models/classification/mobilenetv2/mobilenetv2/mobilenet_v2.tgz: 20%
[ 40%] /data/local/tmp/benchmark/models/classification/mobilenetv2/mobilenetv2/mobilenet_v2.tgz: 20%
[ 40%] /data/local/tmp/benchmark/models/classification/mobilenetv2/mobilenetv2/mobilenet_v2.tgz: 20%
[ 40%] /data/local/tmp/benchmark/models/classification/mobilenetv2/mobilenetv2/mobilenet_v2.tgz: 20%
[ 40%] /data/local/tmp/benchmark/models/classification/mobilenetv2/mobilenetv2/mobilenet_v2.tgz: 20%
[ 40%] /data/local/tmp/benchmark/models/classification/mobilenetv2/mobilenetv2/mobilenet_v2.tgz: 20%
[ 40%] /data/local/tmp/benchmark/models/classification/mobilenetv2/mobilenetv2/mobilenet_v2.tgz: 20%
[ 40%] /data/local/tmp/benchmark/models/classification/mobilenetv2/mobilenetv2/mobilenet_v2.tgz: 20%
[ 40%] /data/local/tmp/benchmark/models/classification/mobilenetv2/mobilenetv2/mobilenet_v2.tgz: 20%
[ 40%] /data/local/tmp/benchmark/models/classification/mobilenetv2/mobilenetv2/mobilenet_v2.tgz: 20%
[ 40%] /data/local/tmp/benchmark/models/classification/mobilenetv2/mobilenetv2/mobilenet_v2.tgz: 20%
[ 40%] /data/local/tmp/benchmark/models/classification/mobilenetv2/mobilenetv2/mobilenet_v2.tgz: 21%
[ 40%] /data/local/tmp/benchmark/models/classification/mobilenetv2/mobilenetv2/mobilenet_v2.tgz: 21%
[ 40%] /data/local/tmp/benchmark/models/classification/mobilenetv2/mobilenetv2/mobilenet_v2.tgz: 21%
[ 40%] /data/local/tmp/benchmark/models/classification/mobilenetv2/mobilenetv2/mobilenet_v2.tgz: 21%
[ 40%] /data/local/tmp/benchmark/models/classification/mobilenetv2/mobilenetv2/mobilenet_v2.tgz: 21%
[ 40%] /data/local/tmp/benchmark/models/classification/mobilenetv2/mobilenetv2/mobilenet_v2.tgz: 21%
[ 40%] /data/local/tmp/benchmark/models/classification/mobilenetv2/mobilenetv2/mobilenet_v2.tgz: 21%
[ 40%] /data/local/tmp/benchmark/models/classification/mobilenetv2/mobilenetv2/mobilenet_v2.tgz: 21%
[ 40%] /data/local/tmp/benchmark/models/classification/mobilenetv2/mobilenetv2/mobilenet_v2.tgz: 21%
[ 40%] /data/local/tmp/benchmark/models/classification/mobilenetv2/mobilenetv2/mobilenet_v2.tgz: 21%
[ 40%] /data/local/tmp/benchmark/models/classification/mobilenetv2/mobilenetv2/mobilenet_v2.tgz: 21%
[ 40%] /data/local/tmp/benchmark/models/classification/mobilenetv2/mobilenetv2/mobilenet_v2.tgz: 21%
[ 40%] /data/local/tmp/benchmark/models/classification/mobilenetv2/mobilenetv2/mobilenet_v2.tgz: 22%
[ 40%] /data/local/tmp/benchmark/models/classification/mobilenetv2/mobilenetv2/mobilenet_v2.tgz: 22%
[ 40%] /data/local/tmp/benchmark/models/classification/mobilenetv2/mobilenetv2/mobilenet_v2.tgz: 22%
[ 40%] /data/local/tmp/benchmark/models/classification/mobilenetv2/mobilenetv2/mobilenet_v2.tgz: 22%
[ 40%] /data/local/tmp/benchmark/models/classification/mobilenetv2/mobilenetv2/mobilenet_v2.tgz: 22%
[ 40%] /data/local/tmp/benchmark/models/classification/mobilenetv2/mobilenetv2/mobilenet_v2.tgz: 22%
[ 40%] /data/local/tmp/benchmark/models/classification/mobilenetv2/mobilenetv2/mobilenet_v2.tgz: 22%
[ 40%] /data/local/tmp/benchmark/models/classification/mobilenetv2/mobilenetv2/mobilenet_v2.tgz: 22%
[ 40%] /data/local/tmp/benchmark/models/classification/mobilenetv2/mobilenetv2/mobilenet_v2.tgz: 22%
[ 40%] /data/local/tmp/benchmark/models/classification/mobilenetv2/mobilenetv2/mobilenet_v2.tgz: 22%
[ 40%] /data/local/tmp/benchmark/models/classification/mobilenetv2/mobilenetv2/mobilenet_v2.tgz: 22%
[ 40%] /data/local/tmp/benchmark/models/classification/mobilenetv2/mobilenetv2/mobilenet_v2.tgz: 22%
[ 40%] /data/local/tmp/benchmark/models/classification/mobilenetv2/mobilenetv2/mobilenet_v2.tgz: 23%
[ 40%] /data/local/tmp/benchmark/models/classification/mobilenetv2/mobilenetv2/mobilenet_v2.tgz: 23%
[ 40%] /data/local/tmp/benchmark/models/classification/mobilenetv2/mobilenetv2/mobilenet_v2.tgz: 23%
[ 40%] /data/local/tmp/benchmark/models/classification/mobilenetv2/mobilenetv2/mobilenet_v2.tgz: 23%
[ 40%] /data/local/tmp/benchmark/models/classification/mobilenetv2/mobilenetv2/mobilenet_v2.tgz: 23%
[ 41%] /data/local/tmp/benchmark/models/classification/mobilenetv2/mobilenetv2/mobilenet_v2.tgz: 23%
[ 41%] /data/local/tmp/benchmark/models/classification/mobilenetv2/mobilenetv2/mobilenet_v2.tgz: 23%
[ 41%] /data/local/tmp/benchmark/models/classification/mobilenetv2/mobilenetv2/mobilenet_v2.tgz: 23%
[ 41%] /data/local/tmp/benchmark/models/classification/mobilenetv2/mobilenetv2/mobilenet_v2.tgz: 23%
[ 41%] /data/local/tmp/benchmark/models/classification/mobilenetv2/mobilenetv2/mobilenet_v2.tgz: 23%
[ 41%] /data/local/tmp/benchmark/models/classification/mobilenetv2/mobilenetv2/mobilenet_v2.tgz: 23%
[ 41%] /data/local/tmp/benchmark/models/classification/mobilenetv2/mobilenetv2/mobilenet_v2.tgz: 23%
[ 41%] /data/local/tmp/benchmark/models/classification/mobilenetv2/mobilenetv2/mobilenet_v2.tgz: 24%
[ 41%] /data/local/tmp/benchmark/models/classification/mobilenetv2/mobilenetv2/mobilenet_v2.tgz: 24%
[ 41%] /data/local/tmp/benchmark/models/classification/mobilenetv2/mobilenetv2/mobilenet_v2.tgz: 24%
[ 41%] /data/local/tmp/benchmark/models/classification/mobilenetv2/mobilenetv2/mobilenet_v2.tgz: 24%
[ 41%] /data/local/tmp/benchmark/models/classification/mobilenetv2/mobilenetv2/mobilenet_v2.tgz: 24%
[ 41%] /data/local/tmp/benchmark/models/classification/mobilenetv2/mobilenetv2/mobilenet_v2.tgz: 24%
[ 41%] /data/local/tmp/benchmark/models/classification/mobilenetv2/mobilenetv2/mobilenet_v2.tgz: 24%
[ 41%] /data/local/tmp/benchmark/models/classification/mobilenetv2/mobilenetv2/mobilenet_v2.tgz: 24%
[ 41%] /data/local/tmp/benchmark/models/classification/mobilenetv2/mobilenetv2/mobilenet_v2.tgz: 24%
[ 41%] /data/local/tmp/benchmark/models/classification/mobilenetv2/mobilenetv2/mobilenet_v2.tgz: 24%
[ 41%] /data/local/tmp/benchmark/models/classification/mobilenetv2/mobilenetv2/mobilenet_v2.tgz: 24%
[ 41%] /data/local/tmp/benchmark/models/classification/mobilenetv2/mobilenetv2/mobilenet_v2.tgz: 24%
[ 41%] /data/local/tmp/benchmark/models/classification/mobilenetv2/mobilenetv2/mobilenet_v2.tgz: 25%
[ 41%] /data/local/tmp/benchmark/models/classification/mobilenetv2/mobilenetv2/mobilenet_v2.tgz: 25%
[ 41%] /data/local/tmp/benchmark/models/classification/mobilenetv2/mobilenetv2/mobilenet_v2.tgz: 25%
[ 41%] /data/local/tmp/benchmark/models/classification/mobilenetv2/mobilenetv2/mobilenet_v2.tgz: 25%
[ 41%] /data/local/tmp/benchmark/models/classification/mobilenetv2/mobilenetv2/mobilenet_v2.tgz: 25%
[ 41%] /data/local/tmp/benchmark/models/classification/mobilenetv2/mobilenetv2/mobilenet_v2.tgz: 25%
[ 41%] /data/local/tmp/benchmark/models/classification/mobilenetv2/mobilenetv2/mobilenet_v2.tgz: 25%
[ 41%] /data/local/tmp/benchmark/models/classification/mobilenetv2/mobilenetv2/mobilenet_v2.tgz: 25%
[ 41%] /data/local/tmp/benchmark/models/classification/mobilenetv2/mobilenetv2/mobilenet_v2.tgz: 25%
[ 41%] /data/local/tmp/benchmark/models/classification/mobilenetv2/mobilenetv2/mobilenet_v2.tgz: 25%
[ 41%] /data/local/tmp/benchmark/models/classification/mobilenetv2/mobilenetv2/mobilenet_v2.tgz: 25%
[ 41%] /data/local/tmp/benchmark/models/classification/mobilenetv2/mobilenetv2/mobilenet_v2.tgz: 25%
[ 41%] /data/local/tmp/benchmark/models/classification/mobilenetv2/mobilenetv2/mobilenet_v2.tgz: 26%
[ 41%] /data/local/tmp/benchmark/models/classification/mobilenetv2/mobilenetv2/mobilenet_v2.tgz: 26%
[ 41%] /data/local/tmp/benchmark/models/classification/mobilenetv2/mobilenetv2/mobilenet_v2.tgz: 26%
[ 41%] /data/local/tmp/benchmark/models/classification/mobilenetv2/mobilenetv2/mobilenet_v2.tgz: 26%
[ 41%] /data/local/tmp/benchmark/models/classification/mobilenetv2/mobilenetv2/mobilenet_v2.tgz: 26%
[ 41%] /data/local/tmp/benchmark/models/classification/mobilenetv2/mobilenetv2/mobilenet_v2.tgz: 26%
[ 41%] /data/local/tmp/benchmark/models/classification/mobilenetv2/mobilenetv2/mobilenet_v2.tgz: 26%
[ 41%] /data/local/tmp/benchmark/models/classification/mobilenetv2/mobilenetv2/mobilenet_v2.tgz: 26%
[ 41%] /data/local/tmp/benchmark/models/classification/mobilenetv2/mobilenetv2/mobilenet_v2.tgz: 26%
[ 41%] /data/local/tmp/benchmark/models/classification/mobilenetv2/mobilenetv2/mobilenet_v2.tgz: 26%
[ 41%] /data/local/tmp/benchmark/models/classification/mobilenetv2/mobilenetv2/mobilenet_v2.tgz: 26%
[ 41%] /data/local/tmp/benchmark/models/classification/mobilenetv2/mobilenetv2/mobilenet_v2.tgz: 26%
[ 41%] /data/local/tmp/benchmark/models/classification/mobilenetv2/mobilenetv2/mobilenet_v2.tgz: 27%
[ 41%] /data/local/tmp/benchmark/models/classification/mobilenetv2/mobilenetv2/mobilenet_v2.tgz: 27%
[ 41%] /data/local/tmp/benchmark/models/classification/mobilenetv2/mobilenetv2/mobilenet_v2.tgz: 27%
[ 41%] /data/local/tmp/benchmark/models/classification/mobilenetv2/mobilenetv2/mobilenet_v2.tgz: 27%
[ 41%] /data/local/tmp/benchmark/models/classification/mobilenetv2/mobilenetv2/mobilenet_v2.tgz: 27%
[ 42%] /data/local/tmp/benchmark/models/classification/mobilenetv2/mobilenetv2/mobilenet_v2.tgz: 27%
[ 42%] /data/local/tmp/benchmark/models/classification/mobilenetv2/mobilenetv2/mobilenet_v2.tgz: 27%
[ 42%] /data/local/tmp/benchmark/models/classification/mobilenetv2/mobilenetv2/mobilenet_v2.tgz: 27%
[ 42%] /data/local/tmp/benchmark/models/classification/mobilenetv2/mobilenetv2/mobilenet_v2.tgz: 27%
[ 42%] /data/local/tmp/benchmark/models/classification/mobilenetv2/mobilenetv2/mobilenet_v2.tgz: 27%
[ 42%] /data/local/tmp/benchmark/models/classification/mobilenetv2/mobilenetv2/mobilenet_v2.tgz: 27%
[ 42%] /data/local/tmp/benchmark/models/classification/mobilenetv2/mobilenetv2/mobilenet_v2.tgz: 27%
[ 42%] /data/local/tmp/benchmark/models/classification/mobilenetv2/mobilenetv2/mobilenet_v2.tgz: 28%
[ 42%] /data/local/tmp/benchmark/models/classification/mobilenetv2/mobilenetv2/mobilenet_v2.tgz: 28%
[ 42%] /data/local/tmp/benchmark/models/classification/mobilenetv2/mobilenetv2/mobilenet_v2.tgz: 28%
[ 42%] /data/local/tmp/benchmark/models/classification/mobilenetv2/mobilenetv2/mobilenet_v2.tgz: 28%
[ 42%] /data/local/tmp/benchmark/models/classification/mobilenetv2/mobilenetv2/mobilenet_v2.tgz: 28%
[ 42%] /data/local/tmp/benchmark/models/classification/mobilenetv2/mobilenetv2/mobilenet_v2.tgz: 28%
[ 42%] /data/local/tmp/benchmark/models/classification/mobilenetv2/mobilenetv2/mobilenet_v2.tgz: 28%
[ 42%] /data/local/tmp/benchmark/models/classification/mobilenetv2/mobilenetv2/mobilenet_v2.tgz: 28%
[ 42%] /data/local/tmp/benchmark/models/classification/mobilenetv2/mobilenetv2/mobilenet_v2.tgz: 28%
[ 42%] /data/local/tmp/benchmark/models/classification/mobilenetv2/mobilenetv2/mobilenet_v2.tgz: 28%
[ 42%] /data/local/tmp/benchmark/models/classification/mobilenetv2/mobilenetv2/mobilenet_v2.tgz: 28%
[ 42%] /data/local/tmp/benchmark/models/classification/mobilenetv2/mobilenetv2/mobilenet_v2.tgz: 28%
[ 42%] /data/local/tmp/benchmark/models/classification/mobilenetv2/mobilenetv2/mobilenet_v2.tgz: 29%
[ 42%] /data/local/tmp/benchmark/models/classification/mobilenetv2/mobilenetv2/mobilenet_v2.tgz: 29%
[ 42%] /data/local/tmp/benchmark/models/classification/mobilenetv2/mobilenetv2/mobilenet_v2.tgz: 29%
[ 42%] /data/local/tmp/benchmark/models/classification/mobilenetv2/mobilenetv2/mobilenet_v2.tgz: 29%
[ 42%] /data/local/tmp/benchmark/models/classification/mobilenetv2/mobilenetv2/mobilenet_v2.tgz: 29%
[ 42%] /data/local/tmp/benchmark/models/classification/mobilenetv2/mobilenetv2/mobilenet_v2.tgz: 29%
[ 42%] /data/local/tmp/benchmark/models/classification/mobilenetv2/mobilenetv2/mobilenet_v2.tgz: 29%
[ 42%] /data/local/tmp/benchmark/models/classification/mobilenetv2/mobilenetv2/mobilenet_v2.tgz: 29%
[ 42%] /data/local/tmp/benchmark/models/classification/mobilenetv2/mobilenetv2/mobilenet_v2.tgz: 29%
[ 42%] /data/local/tmp/benchmark/models/classification/mobilenetv2/mobilenetv2/mobilenet_v2.tgz: 29%
[ 42%] /data/local/tmp/benchmark/models/classification/mobilenetv2/mobilenetv2/mobilenet_v2.tgz: 29%
[ 42%] /data/local/tmp/benchmark/models/classification/mobilenetv2/mobilenetv2/mobilenet_v2.tgz: 29%
[ 42%] /data/local/tmp/benchmark/models/classification/mobilenetv2/mobilenetv2/mobilenet_v2.tgz: 30%
[ 42%] /data/local/tmp/benchmark/models/classification/mobilenetv2/mobilenetv2/mobilenet_v2.tgz: 30%
[ 42%] /data/local/tmp/benchmark/models/classification/mobilenetv2/mobilenetv2/mobilenet_v2.tgz: 30%
[ 42%] /data/local/tmp/benchmark/models/classification/mobilenetv2/mobilenetv2/mobilenet_v2.tgz: 30%
[ 42%] /data/local/tmp/benchmark/models/classification/mobilenetv2/mobilenetv2/mobilenet_v2.tgz: 30%
[ 42%] /data/local/tmp/benchmark/models/classification/mobilenetv2/mobilenetv2/mobilenet_v2.tgz: 30%
[ 42%] /data/local/tmp/benchmark/models/classification/mobilenetv2/mobilenetv2/mobilenet_v2.tgz: 30%
[ 42%] /data/local/tmp/benchmark/models/classification/mobilenetv2/mobilenetv2/mobilenet_v2.tgz: 30%
[ 42%] /data/local/tmp/benchmark/models/classification/mobilenetv2/mobilenetv2/mobilenet_v2.tgz: 30%
[ 42%] /data/local/tmp/benchmark/models/classification/mobilenetv2/mobilenetv2/mobilenet_v2.tgz: 30%
[ 42%] /data/local/tmp/benchmark/models/classification/mobilenetv2/mobilenetv2/mobilenet_v2.tgz: 30%
[ 42%] /data/local/tmp/benchmark/models/classification/mobilenetv2/mobilenetv2/mobilenet_v2.tgz: 30%
[ 42%] /data/local/tmp/benchmark/models/classification/mobilenetv2/mobilenetv2/mobilenet_v2.tgz: 31%
[ 42%] /data/local/tmp/benchmark/models/classification/mobilenetv2/mobilenetv2/mobilenet_v2.tgz: 31%
[ 42%] /data/local/tmp/benchmark/models/classification/mobilenetv2/mobilenetv2/mobilenet_v2.tgz: 31%
[ 42%] /data/local/tmp/benchmark/models/classification/mobilenetv2/mobilenetv2/mobilenet_v2.tgz: 31%
[ 42%] /data/local/tmp/benchmark/models/classification/mobilenetv2/mobilenetv2/mobilenet_v2.tgz: 31%
[ 43%] /data/local/tmp/benchmark/models/classification/mobilenetv2/mobilenetv2/mobilenet_v2.tgz: 31%
[ 43%] /data/local/tmp/benchmark/models/classification/mobilenetv2/mobilenetv2/mobilenet_v2.tgz: 31%
[ 43%] /data/local/tmp/benchmark/models/classification/mobilenetv2/mobilenetv2/mobilenet_v2.tgz: 31%
[ 43%] /data/local/tmp/benchmark/models/classification/mobilenetv2/mobilenetv2/mobilenet_v2.tgz: 31%
[ 43%] /data/local/tmp/benchmark/models/classification/mobilenetv2/mobilenetv2/mobilenet_v2.tgz: 31%
[ 43%] /data/local/tmp/benchmark/models/classification/mobilenetv2/mobilenetv2/mobilenet_v2.tgz: 31%
[ 43%] /data/local/tmp/benchmark/models/classification/mobilenetv2/mobilenetv2/mobilenet_v2.tgz: 31%
[ 43%] /data/local/tmp/benchmark/models/classification/mobilenetv2/mobilenetv2/mobilenet_v2.tgz: 32%
[ 43%] /data/local/tmp/benchmark/models/classification/mobilenetv2/mobilenetv2/mobilenet_v2.tgz: 32%
[ 43%] /data/local/tmp/benchmark/models/classification/mobilenetv2/mobilenetv2/mobilenet_v2.tgz: 32%
[ 43%] /data/local/tmp/benchmark/models/classification/mobilenetv2/mobilenetv2/mobilenet_v2.tgz: 32%
[ 43%] /data/local/tmp/benchmark/models/classification/mobilenetv2/mobilenetv2/mobilenet_v2.tgz: 32%
[ 43%] /data/local/tmp/benchmark/models/classification/mobilenetv2/mobilenetv2/mobilenet_v2.tgz: 32%
[ 43%] /data/local/tmp/benchmark/models/classification/mobilenetv2/mobilenetv2/mobilenet_v2.tgz: 32%
[ 43%] /data/local/tmp/benchmark/models/classification/mobilenetv2/mobilenetv2/mobilenet_v2.tgz: 32%
[ 43%] /data/local/tmp/benchmark/models/classification/mobilenetv2/mobilenetv2/mobilenet_v2.tgz: 32%
[ 43%] /data/local/tmp/benchmark/models/classification/mobilenetv2/mobilenetv2/mobilenet_v2.tgz: 32%
[ 43%] /data/local/tmp/benchmark/models/classification/mobilenetv2/mobilenetv2/mobilenet_v2.tgz: 32%
[ 43%] /data/local/tmp/benchmark/models/classification/mobilenetv2/mobilenetv2/mobilenet_v2.tgz: 32%
[ 43%] /data/local/tmp/benchmark/models/classification/mobilenetv2/mobilenetv2/mobilenet_v2.tgz: 33%
[ 43%] /data/local/tmp/benchmark/models/classification/mobilenetv2/mobilenetv2/mobilenet_v2.tgz: 33%
[ 43%] /data/local/tmp/benchmark/models/classification/mobilenetv2/mobilenetv2/mobilenet_v2.tgz: 33%
[ 43%] /data/local/tmp/benchmark/models/classification/mobilenetv2/mobilenetv2/mobilenet_v2.tgz: 33%
[ 43%] /data/local/tmp/benchmark/models/classification/mobilenetv2/mobilenetv2/mobilenet_v2.tgz: 33%
[ 43%] /data/local/tmp/benchmark/models/classification/mobilenetv2/mobilenetv2/mobilenet_v2.tgz: 33%
[ 43%] /data/local/tmp/benchmark/models/classification/mobilenetv2/mobilenetv2/mobilenet_v2.tgz: 33%
[ 43%] /data/local/tmp/benchmark/models/classification/mobilenetv2/mobilenetv2/mobilenet_v2.tgz: 33%
[ 43%] /data/local/tmp/benchmark/models/classification/mobilenetv2/mobilenetv2/mobilenet_v2.tgz: 33%
[ 43%] /data/local/tmp/benchmark/models/classification/mobilenetv2/mobilenetv2/mobilenet_v2.tgz: 33%
[ 43%] /data/local/tmp/benchmark/models/classification/mobilenetv2/mobilenetv2/mobilenet_v2.tgz: 33%
[ 43%] /data/local/tmp/benchmark/models/classification/mobilenetv2/mobilenetv2/mobilenet_v2.tgz: 33%
[ 43%] /data/local/tmp/benchmark/models/classification/mobilenetv2/mobilenetv2/mobilenet_v2.tgz: 34%
[ 43%] /data/local/tmp/benchmark/models/classification/mobilenetv2/mobilenetv2/mobilenet_v2.tgz: 34%
[ 43%] /data/local/tmp/benchmark/models/classification/mobilenetv2/mobilenetv2/mobilenet_v2.tgz: 34%
[ 43%] /data/local/tmp/benchmark/models/classification/mobilenetv2/mobilenetv2/mobilenet_v2.tgz: 34%
[ 43%] /data/local/tmp/benchmark/models/classification/mobilenetv2/mobilenetv2/mobilenet_v2.tgz: 34%
[ 43%] /data/local/tmp/benchmark/models/classification/mobilenetv2/mobilenetv2/mobilenet_v2.tgz: 34%
[ 43%] /data/local/tmp/benchmark/models/classification/mobilenetv2/mobilenetv2/mobilenet_v2.tgz: 34%
[ 43%] /data/local/tmp/benchmark/models/classification/mobilenetv2/mobilenetv2/mobilenet_v2.tgz: 34%
[ 43%] /data/local/tmp/benchmark/models/classification/mobilenetv2/mobilenetv2/mobilenet_v2.tgz: 34%
[ 43%] /data/local/tmp/benchmark/models/classification/mobilenetv2/mobilenetv2/mobilenet_v2.tgz: 34%
[ 43%] /data/local/tmp/benchmark/models/classification/mobilenetv2/mobilenetv2/mobilenet_v2.tgz: 34%
[ 43%] /data/local/tmp/benchmark/models/classification/mobilenetv2/mobilenetv2/mobilenet_v2.tgz: 34%
[ 43%] /data/local/tmp/benchmark/models/classification/mobilenetv2/mobilenetv2/mobilenet_v2.tgz: 35%
[ 43%] /data/local/tmp/benchmark/models/classification/mobilenetv2/mobilenetv2/mobilenet_v2.tgz: 35%
[ 43%] /data/local/tmp/benchmark/models/classification/mobilenetv2/mobilenetv2/mobilenet_v2.tgz: 35%
[ 43%] /data/local/tmp/benchmark/models/classification/mobilenetv2/mobilenetv2/mobilenet_v2.tgz: 35%
[ 43%] /data/local/tmp/benchmark/models/classification/mobilenetv2/mobilenetv2/mobilenet_v2.tgz: 35%
[ 43%] /data/local/tmp/benchmark/models/classification/mobilenetv2/mobilenetv2/mobilenet_v2.tgz: 35%
[ 44%] /data/local/tmp/benchmark/models/classification/mobilenetv2/mobilenetv2/mobilenet_v2.tgz: 35%
[ 44%] /data/local/tmp/benchmark/models/classification/mobilenetv2/mobilenetv2/mobilenet_v2.tgz: 35%
[ 44%] /data/local/tmp/benchmark/models/classification/mobilenetv2/mobilenetv2/mobilenet_v2.tgz: 35%
[ 44%] /data/local/tmp/benchmark/models/classification/mobilenetv2/mobilenetv2/mobilenet_v2.tgz: 35%
[ 44%] /data/local/tmp/benchmark/models/classification/mobilenetv2/mobilenetv2/mobilenet_v2.tgz: 35%
[ 44%] /data/local/tmp/benchmark/models/classification/mobilenetv2/mobilenetv2/mobilenet_v2.tgz: 35%
[ 44%] /data/local/tmp/benchmark/models/classification/mobilenetv2/mobilenetv2/mobilenet_v2.tgz: 36%
[ 44%] /data/local/tmp/benchmark/models/classification/mobilenetv2/mobilenetv2/mobilenet_v2.tgz: 36%
[ 44%] /data/local/tmp/benchmark/models/classification/mobilenetv2/mobilenetv2/mobilenet_v2.tgz: 36%
[ 44%] /data/local/tmp/benchmark/models/classification/mobilenetv2/mobilenetv2/mobilenet_v2.tgz: 36%
[ 44%] /data/local/tmp/benchmark/models/classification/mobilenetv2/mobilenetv2/mobilenet_v2.tgz: 36%
[ 44%] /data/local/tmp/benchmark/models/classification/mobilenetv2/mobilenetv2/mobilenet_v2.tgz: 36%
[ 44%] /data/local/tmp/benchmark/models/classification/mobilenetv2/mobilenetv2/mobilenet_v2.tgz: 36%
[ 44%] /data/local/tmp/benchmark/models/classification/mobilenetv2/mobilenetv2/mobilenet_v2.tgz: 36%
[ 44%] /data/local/tmp/benchmark/models/classification/mobilenetv2/mobilenetv2/mobilenet_v2.tgz: 36%
[ 44%] /data/local/tmp/benchmark/models/classification/mobilenetv2/mobilenetv2/mobilenet_v2.tgz: 36%
[ 44%] /data/local/tmp/benchmark/models/classification/mobilenetv2/mobilenetv2/mobilenet_v2.tgz: 36%
[ 44%] /data/local/tmp/benchmark/models/classification/mobilenetv2/mobilenetv2/mobilenet_v2.tgz: 36%
[ 44%] /data/local/tmp/benchmark/models/classification/mobilenetv2/mobilenetv2/mobilenet_v2.tgz: 37%
[ 44%] /data/local/tmp/benchmark/models/classification/mobilenetv2/mobilenetv2/mobilenet_v2.tgz: 37%
[ 44%] /data/local/tmp/benchmark/models/classification/mobilenetv2/mobilenetv2/mobilenet_v2.tgz: 37%
[ 44%] /data/local/tmp/benchmark/models/classification/mobilenetv2/mobilenetv2/mobilenet_v2.tgz: 37%
[ 44%] /data/local/tmp/benchmark/models/classification/mobilenetv2/mobilenetv2/mobilenet_v2.tgz: 37%
[ 44%] /data/local/tmp/benchmark/models/classification/mobilenetv2/mobilenetv2/mobilenet_v2.tgz: 37%
[ 44%] /data/local/tmp/benchmark/models/classification/mobilenetv2/mobilenetv2/mobilenet_v2.tgz: 37%
[ 44%] /data/local/tmp/benchmark/models/classification/mobilenetv2/mobilenetv2/mobilenet_v2.tgz: 37%
[ 44%] /data/local/tmp/benchmark/models/classification/mobilenetv2/mobilenetv2/mobilenet_v2.tgz: 37%
[ 44%] /data/local/tmp/benchmark/models/classification/mobilenetv2/mobilenetv2/mobilenet_v2.tgz: 37%
[ 44%] /data/local/tmp/benchmark/models/classification/mobilenetv2/mobilenetv2/mobilenet_v2.tgz: 37%
[ 44%] /data/local/tmp/benchmark/models/classification/mobilenetv2/mobilenetv2/mobilenet_v2.tgz: 37%
[ 44%] /data/local/tmp/benchmark/models/classification/mobilenetv2/mobilenetv2/mobilenet_v2.tgz: 38%
[ 44%] /data/local/tmp/benchmark/models/classification/mobilenetv2/mobilenetv2/mobilenet_v2.tgz: 38%
[ 44%] /data/local/tmp/benchmark/models/classification/mobilenetv2/mobilenetv2/mobilenet_v2.tgz: 38%
[ 44%] /data/local/tmp/benchmark/models/classification/mobilenetv2/mobilenetv2/mobilenet_v2.tgz: 38%
[ 44%] /data/local/tmp/benchmark/models/classification/mobilenetv2/mobilenetv2/mobilenet_v2.tgz: 38%
[ 44%] /data/local/tmp/benchmark/models/classification/mobilenetv2/mobilenetv2/mobilenet_v2.tgz: 38%
[ 44%] /data/local/tmp/benchmark/models/classification/mobilenetv2/mobilenetv2/mobilenet_v2.tgz: 38%
[ 44%] /data/local/tmp/benchmark/models/classification/mobilenetv2/mobilenetv2/mobilenet_v2.tgz: 38%
[ 44%] /data/local/tmp/benchmark/models/classification/mobilenetv2/mobilenetv2/mobilenet_v2.tgz: 38%
[ 44%] /data/local/tmp/benchmark/models/classification/mobilenetv2/mobilenetv2/mobilenet_v2.tgz: 38%
[ 44%] /data/local/tmp/benchmark/models/classification/mobilenetv2/mobilenetv2/mobilenet_v2.tgz: 38%
[ 44%] /data/local/tmp/benchmark/models/classification/mobilenetv2/mobilenetv2/mobilenet_v2.tgz: 38%
[ 44%] /data/local/tmp/benchmark/models/classification/mobilenetv2/mobilenetv2/mobilenet_v2.tgz: 39%
[ 44%] /data/local/tmp/benchmark/models/classification/mobilenetv2/mobilenetv2/mobilenet_v2.tgz: 39%
[ 44%] /data/local/tmp/benchmark/models/classification/mobilenetv2/mobilenetv2/mobilenet_v2.tgz: 39%
[ 44%] /data/local/tmp/benchmark/models/classification/mobilenetv2/mobilenetv2/mobilenet_v2.tgz: 39%
[ 44%] /data/local/tmp/benchmark/models/classification/mobilenetv2/mobilenetv2/mobilenet_v2.tgz: 39%
[ 44%] /data/local/tmp/benchmark/models/classification/mobilenetv2/mobilenetv2/mobilenet_v2.tgz: 39%
[ 45%] /data/local/tmp/benchmark/models/classification/mobilenetv2/mobilenetv2/mobilenet_v2.tgz: 39%
[ 45%] /data/local/tmp/benchmark/models/classification/mobilenetv2/mobilenetv2/mobilenet_v2.tgz: 39%
[ 45%] /data/local/tmp/benchmark/models/classification/mobilenetv2/mobilenetv2/mobilenet_v2.tgz: 39%
[ 45%] /data/local/tmp/benchmark/models/classification/mobilenetv2/mobilenetv2/mobilenet_v2.tgz: 39%
[ 45%] /data/local/tmp/benchmark/models/classification/mobilenetv2/mobilenetv2/mobilenet_v2.tgz: 39%
[ 45%] /data/local/tmp/benchmark/models/classification/mobilenetv2/mobilenetv2/mobilenet_v2.tgz: 40%
[ 45%] /data/local/tmp/benchmark/models/classification/mobilenetv2/mobilenetv2/mobilenet_v2.tgz: 40%
[ 45%] /data/local/tmp/benchmark/models/classification/mobilenetv2/mobilenetv2/mobilenet_v2.tgz: 40%
[ 45%] /data/local/tmp/benchmark/models/classification/mobilenetv2/mobilenetv2/mobilenet_v2.tgz: 40%
[ 45%] /data/local/tmp/benchmark/models/classification/mobilenetv2/mobilenetv2/mobilenet_v2.tgz: 40%
[ 45%] /data/local/tmp/benchmark/models/classification/mobilenetv2/mobilenetv2/mobilenet_v2.tgz: 40%
[ 45%] /data/local/tmp/benchmark/models/classification/mobilenetv2/mobilenetv2/mobilenet_v2.tgz: 40%
[ 45%] /data/local/tmp/benchmark/models/classification/mobilenetv2/mobilenetv2/mobilenet_v2.tgz: 40%
[ 45%] /data/local/tmp/benchmark/models/classification/mobilenetv2/mobilenetv2/mobilenet_v2.tgz: 40%
[ 45%] /data/local/tmp/benchmark/models/classification/mobilenetv2/mobilenetv2/mobilenet_v2.tgz: 40%
[ 45%] /data/local/tmp/benchmark/models/classification/mobilenetv2/mobilenetv2/mobilenet_v2.tgz: 40%
[ 45%] /data/local/tmp/benchmark/models/classification/mobilenetv2/mobilenetv2/mobilenet_v2.tgz: 40%
[ 45%] /data/local/tmp/benchmark/models/classification/mobilenetv2/mobilenetv2/mobilenet_v2.tgz: 41%
[ 45%] /data/local/tmp/benchmark/models/classification/mobilenetv2/mobilenetv2/mobilenet_v2.tgz: 41%
[ 45%] /data/local/tmp/benchmark/models/classification/mobilenetv2/mobilenetv2/mobilenet_v2.tgz: 41%
[ 45%] /data/local/tmp/benchmark/models/classification/mobilenetv2/mobilenetv2/mobilenet_v2.tgz: 41%
[ 45%] /data/local/tmp/benchmark/models/classification/mobilenetv2/mobilenetv2/mobilenet_v2.tgz: 41%
[ 45%] /data/local/tmp/benchmark/models/classification/mobilenetv2/mobilenetv2/mobilenet_v2.tgz: 41%
[ 45%] /data/local/tmp/benchmark/models/classification/mobilenetv2/mobilenetv2/mobilenet_v2.tgz: 41%
[ 45%] /data/local/tmp/benchmark/models/classification/mobilenetv2/mobilenetv2/mobilenet_v2.tgz: 41%
[ 45%] /data/local/tmp/benchmark/models/classification/mobilenetv2/mobilenetv2/mobilenet_v2.tgz: 41%
[ 45%] /data/local/tmp/benchmark/models/classification/mobilenetv2/mobilenetv2/mobilenet_v2.tgz: 41%
[ 45%] /data/local/tmp/benchmark/models/classification/mobilenetv2/mobilenetv2/mobilenet_v2.tgz: 41%
[ 45%] /data/local/tmp/benchmark/models/classification/mobilenetv2/mobilenetv2/mobilenet_v2.tgz: 41%
[ 45%] /data/local/tmp/benchmark/models/classification/mobilenetv2/mobilenetv2/mobilenet_v2.tgz: 42%
[ 45%] /data/local/tmp/benchmark/models/classification/mobilenetv2/mobilenetv2/mobilenet_v2.tgz: 42%
[ 45%] /data/local/tmp/benchmark/models/classification/mobilenetv2/mobilenetv2/mobilenet_v2.tgz: 42%
[ 45%] /data/local/tmp/benchmark/models/classification/mobilenetv2/mobilenetv2/mobilenet_v2.tgz: 42%
[ 45%] /data/local/tmp/benchmark/models/classification/mobilenetv2/mobilenetv2/mobilenet_v2.tgz: 42%
[ 45%] /data/local/tmp/benchmark/models/classification/mobilenetv2/mobilenetv2/mobilenet_v2.tgz: 42%
[ 45%] /data/local/tmp/benchmark/models/classification/mobilenetv2/mobilenetv2/mobilenet_v2.tgz: 42%
[ 45%] /data/local/tmp/benchmark/models/classification/mobilenetv2/mobilenetv2/mobilenet_v2.tgz: 42%
[ 45%] /data/local/tmp/benchmark/models/classification/mobilenetv2/mobilenetv2/mobilenet_v2.tgz: 42%
[ 45%] /data/local/tmp/benchmark/models/classification/mobilenetv2/mobilenetv2/mobilenet_v2.tgz: 42%
[ 45%] /data/local/tmp/benchmark/models/classification/mobilenetv2/mobilenetv2/mobilenet_v2.tgz: 42%
[ 45%] /data/local/tmp/benchmark/models/classification/mobilenetv2/mobilenetv2/mobilenet_v2.tgz: 42%
[ 45%] /data/local/tmp/benchmark/models/classification/mobilenetv2/mobilenetv2/mobilenet_v2.tgz: 43%
[ 45%] /data/local/tmp/benchmark/models/classification/mobilenetv2/mobilenetv2/mobilenet_v2.tgz: 43%
[ 45%] /data/local/tmp/benchmark/models/classification/mobilenetv2/mobilenetv2/mobilenet_v2.tgz: 43%
[ 45%] /data/local/tmp/benchmark/models/classification/mobilenetv2/mobilenetv2/mobilenet_v2.tgz: 43%
[ 45%] /data/local/tmp/benchmark/models/classification/mobilenetv2/mobilenetv2/mobilenet_v2.tgz: 43%
[ 45%] /data/local/tmp/benchmark/models/classification/mobilenetv2/mobilenetv2/mobilenet_v2.tgz: 43%
[ 45%] /data/local/tmp/benchmark/models/classification/mobilenetv2/mobilenetv2/mobilenet_v2.tgz: 43%
[ 46%] /data/local/tmp/benchmark/models/classification/mobilenetv2/mobilenetv2/mobilenet_v2.tgz: 43%
[ 46%] /data/local/tmp/benchmark/models/classification/mobilenetv2/mobilenetv2/mobilenet_v2.tgz: 43%
[ 46%] /data/local/tmp/benchmark/models/classification/mobilenetv2/mobilenetv2/mobilenet_v2.tgz: 43%
[ 46%] /data/local/tmp/benchmark/models/classification/mobilenetv2/mobilenetv2/mobilenet_v2.tgz: 43%
[ 46%] /data/local/tmp/benchmark/models/classification/mobilenetv2/mobilenetv2/mobilenet_v2.tgz: 43%
[ 46%] /data/local/tmp/benchmark/models/classification/mobilenetv2/mobilenetv2/mobilenet_v2.tgz: 44%
[ 46%] /data/local/tmp/benchmark/models/classification/mobilenetv2/mobilenetv2/mobilenet_v2.tgz: 44%
[ 46%] /data/local/tmp/benchmark/models/classification/mobilenetv2/mobilenetv2/mobilenet_v2.tgz: 44%
[ 46%] /data/local/tmp/benchmark/models/classification/mobilenetv2/mobilenetv2/mobilenet_v2.tgz: 44%
[ 46%] /data/local/tmp/benchmark/models/classification/mobilenetv2/mobilenetv2/mobilenet_v2.tgz: 44%
[ 46%] /data/local/tmp/benchmark/models/classification/mobilenetv2/mobilenetv2/mobilenet_v2.tgz: 44%
[ 46%] /data/local/tmp/benchmark/models/classification/mobilenetv2/mobilenetv2/mobilenet_v2.tgz: 44%
[ 46%] /data/local/tmp/benchmark/models/classification/mobilenetv2/mobilenetv2/mobilenet_v2.tgz: 44%
[ 46%] /data/local/tmp/benchmark/models/classification/mobilenetv2/mobilenetv2/mobilenet_v2.tgz: 44%
[ 46%] /data/local/tmp/benchmark/models/classification/mobilenetv2/mobilenetv2/mobilenet_v2.tgz: 44%
[ 46%] /data/local/tmp/benchmark/models/classification/mobilenetv2/mobilenetv2/mobilenet_v2.tgz: 44%
[ 46%] /data/local/tmp/benchmark/models/classification/mobilenetv2/mobilenetv2/mobilenet_v2.tgz: 44%
[ 46%] /data/local/tmp/benchmark/models/classification/mobilenetv2/mobilenetv2/mobilenet_v2.tgz: 45%
[ 46%] /data/local/tmp/benchmark/models/classification/mobilenetv2/mobilenetv2/mobilenet_v2.tgz: 45%
[ 46%] /data/local/tmp/benchmark/models/classification/mobilenetv2/mobilenetv2/mobilenet_v2.tgz: 45%
[ 46%] /data/local/tmp/benchmark/models/classification/mobilenetv2/mobilenetv2/mobilenet_v2.tgz: 45%
[ 46%] /data/local/tmp/benchmark/models/classification/mobilenetv2/mobilenetv2/mobilenet_v2.tgz: 45%
[ 46%] /data/local/tmp/benchmark/models/classification/mobilenetv2/mobilenetv2/mobilenet_v2.tgz: 45%
[ 46%] /data/local/tmp/benchmark/models/classification/mobilenetv2/mobilenetv2/mobilenet_v2.tgz: 45%
[ 46%] /data/local/tmp/benchmark/models/classification/mobilenetv2/mobilenetv2/mobilenet_v2.tgz: 45%
[ 46%] /data/local/tmp/benchmark/models/classification/mobilenetv2/mobilenetv2/mobilenet_v2.tgz: 45%
[ 46%] /data/local/tmp/benchmark/models/classification/mobilenetv2/mobilenetv2/mobilenet_v2.tgz: 45%
[ 46%] /data/local/tmp/benchmark/models/classification/mobilenetv2/mobilenetv2/mobilenet_v2.tgz: 45%
[ 46%] /data/local/tmp/benchmark/models/classification/mobilenetv2/mobilenetv2/mobilenet_v2.tgz: 45%
[ 46%] /data/local/tmp/benchmark/models/classification/mobilenetv2/mobilenetv2/mobilenet_v2.tgz: 46%
[ 46%] /data/local/tmp/benchmark/models/classification/mobilenetv2/mobilenetv2/mobilenet_v2.tgz: 46%
[ 46%] /data/local/tmp/benchmark/models/classification/mobilenetv2/mobilenetv2/mobilenet_v2.tgz: 46%
[ 46%] /data/local/tmp/benchmark/models/classification/mobilenetv2/mobilenetv2/mobilenet_v2.tgz: 46%
[ 46%] /data/local/tmp/benchmark/models/classification/mobilenetv2/mobilenetv2/mobilenet_v2.tgz: 46%
[ 46%] /data/local/tmp/benchmark/models/classification/mobilenetv2/mobilenetv2/mobilenet_v2.tgz: 46%
[ 46%] /data/local/tmp/benchmark/models/classification/mobilenetv2/mobilenetv2/mobilenet_v2.tgz: 46%
[ 46%] /data/local/tmp/benchmark/models/classification/mobilenetv2/mobilenetv2/mobilenet_v2.tgz: 46%
[ 46%] /data/local/tmp/benchmark/models/classification/mobilenetv2/mobilenetv2/mobilenet_v2.tgz: 46%
[ 46%] /data/local/tmp/benchmark/models/classification/mobilenetv2/mobilenetv2/mobilenet_v2.tgz: 46%
[ 46%] /data/local/tmp/benchmark/models/classification/mobilenetv2/mobilenetv2/mobilenet_v2.tgz: 46%
[ 46%] /data/local/tmp/benchmark/models/classification/mobilenetv2/mobilenetv2/mobilenet_v2.tgz: 46%
[ 46%] /data/local/tmp/benchmark/models/classification/mobilenetv2/mobilenetv2/mobilenet_v2.tgz: 47%
[ 46%] /data/local/tmp/benchmark/models/classification/mobilenetv2/mobilenetv2/mobilenet_v2.tgz: 47%
[ 46%] /data/local/tmp/benchmark/models/classification/mobilenetv2/mobilenetv2/mobilenet_v2.tgz: 47%
[ 46%] /data/local/tmp/benchmark/models/classification/mobilenetv2/mobilenetv2/mobilenet_v2.tgz: 47%
[ 46%] /data/local/tmp/benchmark/models/classification/mobilenetv2/mobilenetv2/mobilenet_v2.tgz: 47%
[ 46%] /data/local/tmp/benchmark/models/classification/mobilenetv2/mobilenetv2/mobilenet_v2.tgz: 47%
[ 46%] /data/local/tmp/benchmark/models/classification/mobilenetv2/mobilenetv2/mobilenet_v2.tgz: 47%
[ 46%] /data/local/tmp/benchmark/models/classification/mobilenetv2/mobilenetv2/mobilenet_v2.tgz: 47%
[ 47%] /data/local/tmp/benchmark/models/classification/mobilenetv2/mobilenetv2/mobilenet_v2.tgz: 47%
[ 47%] /data/local/tmp/benchmark/models/classification/mobilenetv2/mobilenetv2/mobilenet_v2.tgz: 47%
[ 47%] /data/local/tmp/benchmark/models/classification/mobilenetv2/mobilenetv2/mobilenet_v2.tgz: 47%
[ 47%] /data/local/tmp/benchmark/models/classification/mobilenetv2/mobilenetv2/mobilenet_v2.tgz: 47%
[ 47%] /data/local/tmp/benchmark/models/classification/mobilenetv2/mobilenetv2/mobilenet_v2.tgz: 48%
[ 47%] /data/local/tmp/benchmark/models/classification/mobilenetv2/mobilenetv2/mobilenet_v2.tgz: 48%
[ 47%] /data/local/tmp/benchmark/models/classification/mobilenetv2/mobilenetv2/mobilenet_v2.tgz: 48%
[ 47%] /data/local/tmp/benchmark/models/classification/mobilenetv2/mobilenetv2/mobilenet_v2.tgz: 48%
[ 47%] /data/local/tmp/benchmark/models/classification/mobilenetv2/mobilenetv2/mobilenet_v2.tgz: 48%
[ 47%] /data/local/tmp/benchmark/models/classification/mobilenetv2/mobilenetv2/mobilenet_v2.tgz: 48%
[ 47%] /data/local/tmp/benchmark/models/classification/mobilenetv2/mobilenetv2/mobilenet_v2.tgz: 48%
[ 47%] /data/local/tmp/benchmark/models/classification/mobilenetv2/mobilenetv2/mobilenet_v2.tgz: 48%
[ 47%] /data/local/tmp/benchmark/models/classification/mobilenetv2/mobilenetv2/mobilenet_v2.tgz: 48%
[ 47%] /data/local/tmp/benchmark/models/classification/mobilenetv2/mobilenetv2/mobilenet_v2.tgz: 48%
[ 47%] /data/local/tmp/benchmark/models/classification/mobilenetv2/mobilenetv2/mobilenet_v2.tgz: 48%
[ 47%] /data/local/tmp/benchmark/models/classification/mobilenetv2/mobilenetv2/mobilenet_v2.tgz: 48%
[ 47%] /data/local/tmp/benchmark/models/classification/mobilenetv2/mobilenetv2/mobilenet_v2.tgz: 49%
[ 47%] /data/local/tmp/benchmark/models/classification/mobilenetv2/mobilenetv2/mobilenet_v2.tgz: 49%
[ 47%] /data/local/tmp/benchmark/models/classification/mobilenetv2/mobilenetv2/mobilenet_v2.tgz: 49%
[ 47%] /data/local/tmp/benchmark/models/classification/mobilenetv2/mobilenetv2/mobilenet_v2.tgz: 49%
[ 47%] /data/local/tmp/benchmark/models/classification/mobilenetv2/mobilenetv2/mobilenet_v2.tgz: 49%
[ 47%] /data/local/tmp/benchmark/models/classification/mobilenetv2/mobilenetv2/mobilenet_v2.tgz: 49%
[ 47%] /data/local/tmp/benchmark/models/classification/mobilenetv2/mobilenetv2/mobilenet_v2.tgz: 49%
[ 47%] /data/local/tmp/benchmark/models/classification/mobilenetv2/mobilenetv2/mobilenet_v2.tgz: 49%
[ 47%] /data/local/tmp/benchmark/models/classification/mobilenetv2/mobilenetv2/mobilenet_v2.tgz: 49%
[ 47%] /data/local/tmp/benchmark/models/classification/mobilenetv2/mobilenetv2/mobilenet_v2.tgz: 49%
[ 47%] /data/local/tmp/benchmark/models/classification/mobilenetv2/mobilenetv2/mobilenet_v2.tgz: 49%
[ 47%] /data/local/tmp/benchmark/models/classification/mobilenetv2/mobilenetv2/mobilenet_v2.tgz: 49%
[ 47%] /data/local/tmp/benchmark/models/classification/mobilenetv2/mobilenetv2/mobilenet_v2.tgz: 50%
[ 47%] /data/local/tmp/benchmark/models/classification/mobilenetv2/mobilenetv2/mobilenet_v2.tgz: 50%
[ 47%] /data/local/tmp/benchmark/models/classification/mobilenetv2/mobilenetv2/mobilenet_v2.tgz: 50%
[ 47%] /data/local/tmp/benchmark/models/classification/mobilenetv2/mobilenetv2/mobilenet_v2.tgz: 50%
[ 47%] /data/local/tmp/benchmark/models/classification/mobilenetv2/mobilenetv2/mobilenet_v2.tgz: 50%
[ 47%] /data/local/tmp/benchmark/models/classification/mobilenetv2/mobilenetv2/mobilenet_v2.tgz: 50%
[ 47%] /data/local/tmp/benchmark/models/classification/mobilenetv2/mobilenetv2/mobilenet_v2.tgz: 50%
[ 47%] /data/local/tmp/benchmark/models/classification/mobilenetv2/mobilenetv2/mobilenet_v2.tgz: 50%
[ 47%] /data/local/tmp/benchmark/models/classification/mobilenetv2/mobilenetv2/mobilenet_v2.tgz: 50%
[ 47%] /data/local/tmp/benchmark/models/classification/mobilenetv2/mobilenetv2/mobilenet_v2.tgz: 50%
[ 47%] /data/local/tmp/benchmark/models/classification/mobilenetv2/mobilenetv2/mobilenet_v2.tgz: 50%
[ 47%] /data/local/tmp/benchmark/models/classification/mobilenetv2/mobilenetv2/mobilenet_v2.tgz: 50%
[ 47%] /data/local/tmp/benchmark/models/classification/mobilenetv2/mobilenetv2/mobilenet_v2.tgz: 51%
[ 47%] /data/local/tmp/benchmark/models/classification/mobilenetv2/mobilenetv2/mobilenet_v2.tgz: 51%
[ 47%] /data/local/tmp/benchmark/models/classification/mobilenetv2/mobilenetv2/mobilenet_v2.tgz: 51%
[ 47%] /data/local/tmp/benchmark/models/classification/mobilenetv2/mobilenetv2/mobilenet_v2.tgz: 51%
[ 47%] /data/local/tmp/benchmark/models/classification/mobilenetv2/mobilenetv2/mobilenet_v2.tgz: 51%
[ 47%] /data/local/tmp/benchmark/models/classification/mobilenetv2/mobilenetv2/mobilenet_v2.tgz: 51%
[ 47%] /data/local/tmp/benchmark/models/classification/mobilenetv2/mobilenetv2/mobilenet_v2.tgz: 51%
[ 47%] /data/local/tmp/benchmark/models/classification/mobilenetv2/mobilenetv2/mobilenet_v2.tgz: 51%
[ 48%] /data/local/tmp/benchmark/models/classification/mobilenetv2/mobilenetv2/mobilenet_v2.tgz: 51%
[ 48%] /data/local/tmp/benchmark/models/classification/mobilenetv2/mobilenetv2/mobilenet_v2.tgz: 51%
[ 48%] /data/local/tmp/benchmark/models/classification/mobilenetv2/mobilenetv2/mobilenet_v2.tgz: 51%
[ 48%] /data/local/tmp/benchmark/models/classification/mobilenetv2/mobilenetv2/mobilenet_v2.tgz: 51%
[ 48%] /data/local/tmp/benchmark/models/classification/mobilenetv2/mobilenetv2/mobilenet_v2.tgz: 52%
[ 48%] /data/local/tmp/benchmark/models/classification/mobilenetv2/mobilenetv2/mobilenet_v2.tgz: 52%
[ 48%] /data/local/tmp/benchmark/models/classification/mobilenetv2/mobilenetv2/mobilenet_v2.tgz: 52%
[ 48%] /data/local/tmp/benchmark/models/classification/mobilenetv2/mobilenetv2/mobilenet_v2.tgz: 52%
[ 48%] /data/local/tmp/benchmark/models/classification/mobilenetv2/mobilenetv2/mobilenet_v2.tgz: 52%
[ 48%] /data/local/tmp/benchmark/models/classification/mobilenetv2/mobilenetv2/mobilenet_v2.tgz: 52%
[ 48%] /data/local/tmp/benchmark/models/classification/mobilenetv2/mobilenetv2/mobilenet_v2.tgz: 52%
[ 48%] /data/local/tmp/benchmark/models/classification/mobilenetv2/mobilenetv2/mobilenet_v2.tgz: 52%
[ 48%] /data/local/tmp/benchmark/models/classification/mobilenetv2/mobilenetv2/mobilenet_v2.tgz: 52%
[ 48%] /data/local/tmp/benchmark/models/classification/mobilenetv2/mobilenetv2/mobilenet_v2.tgz: 52%
[ 48%] /data/local/tmp/benchmark/models/classification/mobilenetv2/mobilenetv2/mobilenet_v2.tgz: 52%
[ 48%] /data/local/tmp/benchmark/models/classification/mobilenetv2/mobilenetv2/mobilenet_v2.tgz: 52%
[ 48%] /data/local/tmp/benchmark/models/classification/mobilenetv2/mobilenetv2/mobilenet_v2.tgz: 53%
[ 48%] /data/local/tmp/benchmark/models/classification/mobilenetv2/mobilenetv2/mobilenet_v2.tgz: 53%
[ 48%] /data/local/tmp/benchmark/models/classification/mobilenetv2/mobilenetv2/mobilenet_v2.tgz: 53%
[ 48%] /data/local/tmp/benchmark/models/classification/mobilenetv2/mobilenetv2/mobilenet_v2.tgz: 53%
[ 48%] /data/local/tmp/benchmark/models/classification/mobilenetv2/mobilenetv2/mobilenet_v2.tgz: 53%
[ 48%] /data/local/tmp/benchmark/models/classification/mobilenetv2/mobilenetv2/mobilenet_v2.tgz: 53%
[ 48%] /data/local/tmp/benchmark/models/classification/mobilenetv2/mobilenetv2/mobilenet_v2.tgz: 53%
[ 48%] /data/local/tmp/benchmark/models/classification/mobilenetv2/mobilenetv2/mobilenet_v2.tgz: 53%
[ 48%] /data/local/tmp/benchmark/models/classification/mobilenetv2/mobilenetv2/mobilenet_v2.tgz: 53%
[ 48%] /data/local/tmp/benchmark/models/classification/mobilenetv2/mobilenetv2/mobilenet_v2.tgz: 53%
[ 48%] /data/local/tmp/benchmark/models/classification/mobilenetv2/mobilenetv2/mobilenet_v2.tgz: 53%
[ 48%] /data/local/tmp/benchmark/models/classification/mobilenetv2/mobilenetv2/mobilenet_v2.tgz: 53%
[ 48%] /data/local/tmp/benchmark/models/classification/mobilenetv2/mobilenetv2/mobilenet_v2.tgz: 54%
[ 48%] /data/local/tmp/benchmark/models/classification/mobilenetv2/mobilenetv2/mobilenet_v2.tgz: 54%
[ 48%] /data/local/tmp/benchmark/models/classification/mobilenetv2/mobilenetv2/mobilenet_v2.tgz: 54%
[ 48%] /data/local/tmp/benchmark/models/classification/mobilenetv2/mobilenetv2/mobilenet_v2.tgz: 54%
[ 48%] /data/local/tmp/benchmark/models/classification/mobilenetv2/mobilenetv2/mobilenet_v2.tgz: 54%
[ 48%] /data/local/tmp/benchmark/models/classification/mobilenetv2/mobilenetv2/mobilenet_v2.tgz: 54%
[ 48%] /data/local/tmp/benchmark/models/classification/mobilenetv2/mobilenetv2/mobilenet_v2.tgz: 54%
[ 48%] /data/local/tmp/benchmark/models/classification/mobilenetv2/mobilenetv2/mobilenet_v2.tgz: 54%
[ 48%] /data/local/tmp/benchmark/models/classification/mobilenetv2/mobilenetv2/mobilenet_v2.tgz: 54%
[ 48%] /data/local/tmp/benchmark/models/classification/mobilenetv2/mobilenetv2/mobilenet_v2.tgz: 54%
[ 48%] /data/local/tmp/benchmark/models/classification/mobilenetv2/mobilenetv2/mobilenet_v2.tgz: 54%
[ 48%] /data/local/tmp/benchmark/models/classification/mobilenetv2/mobilenetv2/mobilenet_v2.tgz: 54%
[ 48%] /data/local/tmp/benchmark/models/classification/mobilenetv2/mobilenetv2/mobilenet_v2.tgz: 55%
[ 48%] /data/local/tmp/benchmark/models/classification/mobilenetv2/mobilenetv2/mobilenet_v2.tgz: 55%
[ 48%] /data/local/tmp/benchmark/models/classification/mobilenetv2/mobilenetv2/mobilenet_v2.tgz: 55%
[ 48%] /data/local/tmp/benchmark/models/classification/mobilenetv2/mobilenetv2/mobilenet_v2.tgz: 55%
[ 48%] /data/local/tmp/benchmark/models/classification/mobilenetv2/mobilenetv2/mobilenet_v2.tgz: 55%
[ 48%] /data/local/tmp/benchmark/models/classification/mobilenetv2/mobilenetv2/mobilenet_v2.tgz: 55%
[ 48%] /data/local/tmp/benchmark/models/classification/mobilenetv2/mobilenetv2/mobilenet_v2.tgz: 55%
[ 48%] /data/local/tmp/benchmark/models/classification/mobilenetv2/mobilenetv2/mobilenet_v2.tgz: 55%
[ 49%] /data/local/tmp/benchmark/models/classification/mobilenetv2/mobilenetv2/mobilenet_v2.tgz: 55%
[ 49%] /data/local/tmp/benchmark/models/classification/mobilenetv2/mobilenetv2/mobilenet_v2.tgz: 55%
[ 49%] /data/local/tmp/benchmark/models/classification/mobilenetv2/mobilenetv2/mobilenet_v2.tgz: 55%
[ 49%] /data/local/tmp/benchmark/models/classification/mobilenetv2/mobilenetv2/mobilenet_v2.tgz: 55%
[ 49%] /data/local/tmp/benchmark/models/classification/mobilenetv2/mobilenetv2/mobilenet_v2.tgz: 56%
[ 49%] /data/local/tmp/benchmark/models/classification/mobilenetv2/mobilenetv2/mobilenet_v2.tgz: 56%
[ 49%] /data/local/tmp/benchmark/models/classification/mobilenetv2/mobilenetv2/mobilenet_v2.tgz: 56%
[ 49%] /data/local/tmp/benchmark/models/classification/mobilenetv2/mobilenetv2/mobilenet_v2.tgz: 56%
[ 49%] /data/local/tmp/benchmark/models/classification/mobilenetv2/mobilenetv2/mobilenet_v2.tgz: 56%
[ 49%] /data/local/tmp/benchmark/models/classification/mobilenetv2/mobilenetv2/mobilenet_v2.tgz: 56%
[ 49%] /data/local/tmp/benchmark/models/classification/mobilenetv2/mobilenetv2/mobilenet_v2.tgz: 56%
[ 49%] /data/local/tmp/benchmark/models/classification/mobilenetv2/mobilenetv2/mobilenet_v2.tgz: 56%
[ 49%] /data/local/tmp/benchmark/models/classification/mobilenetv2/mobilenetv2/mobilenet_v2.tgz: 56%
[ 49%] /data/local/tmp/benchmark/models/classification/mobilenetv2/mobilenetv2/mobilenet_v2.tgz: 56%
[ 49%] /data/local/tmp/benchmark/models/classification/mobilenetv2/mobilenetv2/mobilenet_v2.tgz: 56%
[ 49%] /data/local/tmp/benchmark/models/classification/mobilenetv2/mobilenetv2/mobilenet_v2.tgz: 56%
[ 49%] /data/local/tmp/benchmark/models/classification/mobilenetv2/mobilenetv2/mobilenet_v2.tgz: 57%
[ 49%] /data/local/tmp/benchmark/models/classification/mobilenetv2/mobilenetv2/mobilenet_v2.tgz: 57%
[ 49%] /data/local/tmp/benchmark/models/classification/mobilenetv2/mobilenetv2/mobilenet_v2.tgz: 57%
[ 49%] /data/local/tmp/benchmark/models/classification/mobilenetv2/mobilenetv2/mobilenet_v2.tgz: 57%
[ 49%] /data/local/tmp/benchmark/models/classification/mobilenetv2/mobilenetv2/mobilenet_v2.tgz: 57%
[ 49%] /data/local/tmp/benchmark/models/classification/mobilenetv2/mobilenetv2/mobilenet_v2.tgz: 57%
[ 49%] /data/local/tmp/benchmark/models/classification/mobilenetv2/mobilenetv2/mobilenet_v2.tgz: 57%
[ 49%] /data/local/tmp/benchmark/models/classification/mobilenetv2/mobilenetv2/mobilenet_v2.tgz: 57%
[ 49%] /data/local/tmp/benchmark/models/classification/mobilenetv2/mobilenetv2/mobilenet_v2.tgz: 57%
[ 49%] /data/local/tmp/benchmark/models/classification/mobilenetv2/mobilenetv2/mobilenet_v2.tgz: 57%
[ 49%] /data/local/tmp/benchmark/models/classification/mobilenetv2/mobilenetv2/mobilenet_v2.tgz: 57%
[ 49%] /data/local/tmp/benchmark/models/classification/mobilenetv2/mobilenetv2/mobilenet_v2.tgz: 57%
[ 49%] /data/local/tmp/benchmark/models/classification/mobilenetv2/mobilenetv2/mobilenet_v2.tgz: 58%
[ 49%] /data/local/tmp/benchmark/models/classification/mobilenetv2/mobilenetv2/mobilenet_v2.tgz: 58%
[ 49%] /data/local/tmp/benchmark/models/classification/mobilenetv2/mobilenetv2/mobilenet_v2.tgz: 58%
[ 49%] /data/local/tmp/benchmark/models/classification/mobilenetv2/mobilenetv2/mobilenet_v2.tgz: 58%
[ 49%] /data/local/tmp/benchmark/models/classification/mobilenetv2/mobilenetv2/mobilenet_v2.tgz: 58%
[ 49%] /data/local/tmp/benchmark/models/classification/mobilenetv2/mobilenetv2/mobilenet_v2.tgz: 58%
[ 49%] /data/local/tmp/benchmark/models/classification/mobilenetv2/mobilenetv2/mobilenet_v2.tgz: 58%
[ 49%] /data/local/tmp/benchmark/models/classification/mobilenetv2/mobilenetv2/mobilenet_v2.tgz: 58%
[ 49%] /data/local/tmp/benchmark/models/classification/mobilenetv2/mobilenetv2/mobilenet_v2.tgz: 58%
[ 49%] /data/local/tmp/benchmark/models/classification/mobilenetv2/mobilenetv2/mobilenet_v2.tgz: 58%
[ 49%] /data/local/tmp/benchmark/models/classification/mobilenetv2/mobilenetv2/mobilenet_v2.tgz: 58%
[ 49%] /data/local/tmp/benchmark/models/classification/mobilenetv2/mobilenetv2/mobilenet_v2.tgz: 58%
[ 49%] /data/local/tmp/benchmark/models/classification/mobilenetv2/mobilenetv2/mobilenet_v2.tgz: 59%
[ 49%] /data/local/tmp/benchmark/models/classification/mobilenetv2/mobilenetv2/mobilenet_v2.tgz: 59%
[ 49%] /data/local/tmp/benchmark/models/classification/mobilenetv2/mobilenetv2/mobilenet_v2.tgz: 59%
[ 49%] /data/local/tmp/benchmark/models/classification/mobilenetv2/mobilenetv2/mobilenet_v2.tgz: 59%
[ 49%] /data/local/tmp/benchmark/models/classification/mobilenetv2/mobilenetv2/mobilenet_v2.tgz: 59%
[ 49%] /data/local/tmp/benchmark/models/classification/mobilenetv2/mobilenetv2/mobilenet_v2.tgz: 59%
[ 49%] /data/local/tmp/benchmark/models/classification/mobilenetv2/mobilenetv2/mobilenet_v2.tgz: 59%
[ 49%] /data/local/tmp/benchmark/models/classification/mobilenetv2/mobilenetv2/mobilenet_v2.tgz: 59%
[ 49%] /data/local/tmp/benchmark/models/classification/mobilenetv2/mobilenetv2/mobilenet_v2.tgz: 59%
[ 50%] /data/local/tmp/benchmark/models/classification/mobilenetv2/mobilenetv2/mobilenet_v2.tgz: 59%
[ 50%] /data/local/tmp/benchmark/models/classification/mobilenetv2/mobilenetv2/mobilenet_v2.tgz: 59%
[ 50%] /data/local/tmp/benchmark/models/classification/mobilenetv2/mobilenetv2/mobilenet_v2.tgz: 60%
[ 50%] /data/local/tmp/benchmark/models/classification/mobilenetv2/mobilenetv2/mobilenet_v2.tgz: 60%
[ 50%] /data/local/tmp/benchmark/models/classification/mobilenetv2/mobilenetv2/mobilenet_v2.tgz: 60%
[ 50%] /data/local/tmp/benchmark/models/classification/mobilenetv2/mobilenetv2/mobilenet_v2.tgz: 60%
[ 50%] /data/local/tmp/benchmark/models/classification/mobilenetv2/mobilenetv2/mobilenet_v2.tgz: 60%
[ 50%] /data/local/tmp/benchmark/models/classification/mobilenetv2/mobilenetv2/mobilenet_v2.tgz: 60%
[ 50%] /data/local/tmp/benchmark/models/classification/mobilenetv2/mobilenetv2/mobilenet_v2.tgz: 60%
[ 50%] /data/local/tmp/benchmark/models/classification/mobilenetv2/mobilenetv2/mobilenet_v2.tgz: 60%
[ 50%] /data/local/tmp/benchmark/models/classification/mobilenetv2/mobilenetv2/mobilenet_v2.tgz: 60%
[ 50%] /data/local/tmp/benchmark/models/classification/mobilenetv2/mobilenetv2/mobilenet_v2.tgz: 60%
[ 50%] /data/local/tmp/benchmark/models/classification/mobilenetv2/mobilenetv2/mobilenet_v2.tgz: 60%
[ 50%] /data/local/tmp/benchmark/models/classification/mobilenetv2/mobilenetv2/mobilenet_v2.tgz: 60%
[ 50%] /data/local/tmp/benchmark/models/classification/mobilenetv2/mobilenetv2/mobilenet_v2.tgz: 61%
[ 50%] /data/local/tmp/benchmark/models/classification/mobilenetv2/mobilenetv2/mobilenet_v2.tgz: 61%
[ 50%] /data/local/tmp/benchmark/models/classification/mobilenetv2/mobilenetv2/mobilenet_v2.tgz: 61%
[ 50%] /data/local/tmp/benchmark/models/classification/mobilenetv2/mobilenetv2/mobilenet_v2.tgz: 61%
[ 50%] /data/local/tmp/benchmark/models/classification/mobilenetv2/mobilenetv2/mobilenet_v2.tgz: 61%
[ 50%] /data/local/tmp/benchmark/models/classification/mobilenetv2/mobilenetv2/mobilenet_v2.tgz: 61%
[ 50%] /data/local/tmp/benchmark/models/classification/mobilenetv2/mobilenetv2/mobilenet_v2.tgz: 61%
[ 50%] /data/local/tmp/benchmark/models/classification/mobilenetv2/mobilenetv2/mobilenet_v2.tgz: 61%
[ 50%] /data/local/tmp/benchmark/models/classification/mobilenetv2/mobilenetv2/mobilenet_v2.tgz: 61%
[ 50%] /data/local/tmp/benchmark/models/classification/mobilenetv2/mobilenetv2/mobilenet_v2.tgz: 61%
[ 50%] /data/local/tmp/benchmark/models/classification/mobilenetv2/mobilenetv2/mobilenet_v2.tgz: 61%
[ 50%] /data/local/tmp/benchmark/models/classification/mobilenetv2/mobilenetv2/mobilenet_v2.tgz: 61%
[ 50%] /data/local/tmp/benchmark/models/classification/mobilenetv2/mobilenetv2/mobilenet_v2.tgz: 62%
[ 50%] /data/local/tmp/benchmark/models/classification/mobilenetv2/mobilenetv2/mobilenet_v2.tgz: 62%
[ 50%] /data/local/tmp/benchmark/models/classification/mobilenetv2/mobilenetv2/mobilenet_v2.tgz: 62%
[ 50%] /data/local/tmp/benchmark/models/classification/mobilenetv2/mobilenetv2/mobilenet_v2.tgz: 62%
[ 50%] /data/local/tmp/benchmark/models/classification/mobilenetv2/mobilenetv2/mobilenet_v2.tgz: 62%
[ 50%] /data/local/tmp/benchmark/models/classification/mobilenetv2/mobilenetv2/mobilenet_v2.tgz: 62%
[ 50%] /data/local/tmp/benchmark/models/classification/mobilenetv2/mobilenetv2/mobilenet_v2.tgz: 62%
[ 50%] /data/local/tmp/benchmark/models/classification/mobilenetv2/mobilenetv2/mobilenet_v2.tgz: 62%
[ 50%] /data/local/tmp/benchmark/models/classification/mobilenetv2/mobilenetv2/mobilenet_v2.tgz: 62%
[ 50%] /data/local/tmp/benchmark/models/classification/mobilenetv2/mobilenetv2/mobilenet_v2.tgz: 62%
[ 50%] /data/local/tmp/benchmark/models/classification/mobilenetv2/mobilenetv2/mobilenet_v2.tgz: 62%
[ 50%] /data/local/tmp/benchmark/models/classification/mobilenetv2/mobilenetv2/mobilenet_v2.tgz: 62%
[ 50%] /data/local/tmp/benchmark/models/classification/mobilenetv2/mobilenetv2/mobilenet_v2.tgz: 63%
[ 50%] /data/local/tmp/benchmark/models/classification/mobilenetv2/mobilenetv2/mobilenet_v2.tgz: 63%
[ 50%] /data/local/tmp/benchmark/models/classification/mobilenetv2/mobilenetv2/mobilenet_v2.tgz: 63%
[ 50%] /data/local/tmp/benchmark/models/classification/mobilenetv2/mobilenetv2/mobilenet_v2.tgz: 63%
[ 50%] /data/local/tmp/benchmark/models/classification/mobilenetv2/mobilenetv2/mobilenet_v2.tgz: 63%
[ 50%] /data/local/tmp/benchmark/models/classification/mobilenetv2/mobilenetv2/mobilenet_v2.tgz: 63%
[ 50%] /data/local/tmp/benchmark/models/classification/mobilenetv2/mobilenetv2/mobilenet_v2.tgz: 63%
[ 50%] /data/local/tmp/benchmark/models/classification/mobilenetv2/mobilenetv2/mobilenet_v2.tgz: 63%
[ 50%] /data/local/tmp/benchmark/models/classification/mobilenetv2/mobilenetv2/mobilenet_v2.tgz: 63%
[ 50%] /data/local/tmp/benchmark/models/classification/mobilenetv2/mobilenetv2/mobilenet_v2.tgz: 63%
[ 51%] /data/local/tmp/benchmark/models/classification/mobilenetv2/mobilenetv2/mobilenet_v2.tgz: 63%
[ 51%] /data/local/tmp/benchmark/models/classification/mobilenetv2/mobilenetv2/mobilenet_v2.tgz: 63%
[ 51%] /data/local/tmp/benchmark/models/classification/mobilenetv2/mobilenetv2/mobilenet_v2.tgz: 64%
[ 51%] /data/local/tmp/benchmark/models/classification/mobilenetv2/mobilenetv2/mobilenet_v2.tgz: 64%
[ 51%] /data/local/tmp/benchmark/models/classification/mobilenetv2/mobilenetv2/mobilenet_v2.tgz: 64%
[ 51%] /data/local/tmp/benchmark/models/classification/mobilenetv2/mobilenetv2/mobilenet_v2.tgz: 64%
[ 51%] /data/local/tmp/benchmark/models/classification/mobilenetv2/mobilenetv2/mobilenet_v2.tgz: 64%
[ 51%] /data/local/tmp/benchmark/models/classification/mobilenetv2/mobilenetv2/mobilenet_v2.tgz: 64%
[ 51%] /data/local/tmp/benchmark/models/classification/mobilenetv2/mobilenetv2/mobilenet_v2.tgz: 64%
[ 51%] /data/local/tmp/benchmark/models/classification/mobilenetv2/mobilenetv2/mobilenet_v2.tgz: 64%
[ 51%] /data/local/tmp/benchmark/models/classification/mobilenetv2/mobilenetv2/mobilenet_v2.tgz: 64%
[ 51%] /data/local/tmp/benchmark/models/classification/mobilenetv2/mobilenetv2/mobilenet_v2.tgz: 64%
[ 51%] /data/local/tmp/benchmark/models/classification/mobilenetv2/mobilenetv2/mobilenet_v2.tgz: 64%
[ 51%] /data/local/tmp/benchmark/models/classification/mobilenetv2/mobilenetv2/mobilenet_v2.tgz: 64%
[ 51%] /data/local/tmp/benchmark/models/classification/mobilenetv2/mobilenetv2/mobilenet_v2.tgz: 65%
[ 51%] /data/local/tmp/benchmark/models/classification/mobilenetv2/mobilenetv2/mobilenet_v2.tgz: 65%
[ 51%] /data/local/tmp/benchmark/models/classification/mobilenetv2/mobilenetv2/mobilenet_v2.tgz: 65%
[ 51%] /data/local/tmp/benchmark/models/classification/mobilenetv2/mobilenetv2/mobilenet_v2.tgz: 65%
[ 51%] /data/local/tmp/benchmark/models/classification/mobilenetv2/mobilenetv2/mobilenet_v2.tgz: 65%
[ 51%] /data/local/tmp/benchmark/models/classification/mobilenetv2/mobilenetv2/mobilenet_v2.tgz: 65%
[ 51%] /data/local/tmp/benchmark/models/classification/mobilenetv2/mobilenetv2/mobilenet_v2.tgz: 65%
[ 51%] /data/local/tmp/benchmark/models/classification/mobilenetv2/mobilenetv2/mobilenet_v2.tgz: 65%
[ 51%] /data/local/tmp/benchmark/models/classification/mobilenetv2/mobilenetv2/mobilenet_v2.tgz: 65%
[ 51%] /data/local/tmp/benchmark/models/classification/mobilenetv2/mobilenetv2/mobilenet_v2.tgz: 65%
[ 51%] /data/local/tmp/benchmark/models/classification/mobilenetv2/mobilenetv2/mobilenet_v2.tgz: 65%
[ 51%] /data/local/tmp/benchmark/models/classification/mobilenetv2/mobilenetv2/mobilenet_v2.tgz: 65%
[ 51%] /data/local/tmp/benchmark/models/classification/mobilenetv2/mobilenetv2/mobilenet_v2.tgz: 66%
[ 51%] /data/local/tmp/benchmark/models/classification/mobilenetv2/mobilenetv2/mobilenet_v2.tgz: 66%
[ 51%] /data/local/tmp/benchmark/models/classification/mobilenetv2/mobilenetv2/mobilenet_v2.tgz: 66%
[ 51%] /data/local/tmp/benchmark/models/classification/mobilenetv2/mobilenetv2/mobilenet_v2.tgz: 66%
[ 51%] /data/local/tmp/benchmark/models/classification/mobilenetv2/mobilenetv2/mobilenet_v2.tgz: 66%
[ 51%] /data/local/tmp/benchmark/models/classification/mobilenetv2/mobilenetv2/mobilenet_v2.tgz: 66%
[ 51%] /data/local/tmp/benchmark/models/classification/mobilenetv2/mobilenetv2/mobilenet_v2.tgz: 66%
[ 51%] /data/local/tmp/benchmark/models/classification/mobilenetv2/mobilenetv2/mobilenet_v2.tgz: 66%
[ 51%] /data/local/tmp/benchmark/models/classification/mobilenetv2/mobilenetv2/mobilenet_v2.tgz: 66%
[ 51%] /data/local/tmp/benchmark/models/classification/mobilenetv2/mobilenetv2/mobilenet_v2.tgz: 66%
[ 51%] /data/local/tmp/benchmark/models/classification/mobilenetv2/mobilenetv2/mobilenet_v2.tgz: 66%
[ 51%] /data/local/tmp/benchmark/models/classification/mobilenetv2/mobilenetv2/mobilenet_v2.tgz: 66%
[ 51%] /data/local/tmp/benchmark/models/classification/mobilenetv2/mobilenetv2/mobilenet_v2.tgz: 67%
[ 51%] /data/local/tmp/benchmark/models/classification/mobilenetv2/mobilenetv2/mobilenet_v2.tgz: 67%
[ 51%] /data/local/tmp/benchmark/models/classification/mobilenetv2/mobilenetv2/mobilenet_v2.tgz: 67%
[ 51%] /data/local/tmp/benchmark/models/classification/mobilenetv2/mobilenetv2/mobilenet_v2.tgz: 67%
[ 51%] /data/local/tmp/benchmark/models/classification/mobilenetv2/mobilenetv2/mobilenet_v2.tgz: 67%
[ 51%] /data/local/tmp/benchmark/models/classification/mobilenetv2/mobilenetv2/mobilenet_v2.tgz: 67%
[ 51%] /data/local/tmp/benchmark/models/classification/mobilenetv2/mobilenetv2/mobilenet_v2.tgz: 67%
[ 51%] /data/local/tmp/benchmark/models/classification/mobilenetv2/mobilenetv2/mobilenet_v2.tgz: 67%
[ 51%] /data/local/tmp/benchmark/models/classification/mobilenetv2/mobilenetv2/mobilenet_v2.tgz: 67%
[ 51%] /data/local/tmp/benchmark/models/classification/mobilenetv2/mobilenetv2/mobilenet_v2.tgz: 67%
[ 52%] /data/local/tmp/benchmark/models/classification/mobilenetv2/mobilenetv2/mobilenet_v2.tgz: 67%
[ 52%] /data/local/tmp/benchmark/models/classification/mobilenetv2/mobilenetv2/mobilenet_v2.tgz: 67%
[ 52%] /data/local/tmp/benchmark/models/classification/mobilenetv2/mobilenetv2/mobilenet_v2.tgz: 68%
[ 52%] /data/local/tmp/benchmark/models/classification/mobilenetv2/mobilenetv2/mobilenet_v2.tgz: 68%
[ 52%] /data/local/tmp/benchmark/models/classification/mobilenetv2/mobilenetv2/mobilenet_v2.tgz: 68%
[ 52%] /data/local/tmp/benchmark/models/classification/mobilenetv2/mobilenetv2/mobilenet_v2.tgz: 68%
[ 52%] /data/local/tmp/benchmark/models/classification/mobilenetv2/mobilenetv2/mobilenet_v2.tgz: 68%
[ 52%] /data/local/tmp/benchmark/models/classification/mobilenetv2/mobilenetv2/mobilenet_v2.tgz: 68%
[ 52%] /data/local/tmp/benchmark/models/classification/mobilenetv2/mobilenetv2/mobilenet_v2.tgz: 68%
[ 52%] /data/local/tmp/benchmark/models/classification/mobilenetv2/mobilenetv2/mobilenet_v2.tgz: 68%
[ 52%] /data/local/tmp/benchmark/models/classification/mobilenetv2/mobilenetv2/mobilenet_v2.tgz: 68%
[ 52%] /data/local/tmp/benchmark/models/classification/mobilenetv2/mobilenetv2/mobilenet_v2.tgz: 68%
[ 52%] /data/local/tmp/benchmark/models/classification/mobilenetv2/mobilenetv2/mobilenet_v2.tgz: 68%
[ 52%] /data/local/tmp/benchmark/models/classification/mobilenetv2/mobilenetv2/mobilenet_v2.tgz: 68%
[ 52%] /data/local/tmp/benchmark/models/classification/mobilenetv2/mobilenetv2/mobilenet_v2.tgz: 69%
[ 52%] /data/local/tmp/benchmark/models/classification/mobilenetv2/mobilenetv2/mobilenet_v2.tgz: 69%
[ 52%] /data/local/tmp/benchmark/models/classification/mobilenetv2/mobilenetv2/mobilenet_v2.tgz: 69%
[ 52%] /data/local/tmp/benchmark/models/classification/mobilenetv2/mobilenetv2/mobilenet_v2.tgz: 69%
[ 52%] /data/local/tmp/benchmark/models/classification/mobilenetv2/mobilenetv2/mobilenet_v2.tgz: 69%
[ 52%] /data/local/tmp/benchmark/models/classification/mobilenetv2/mobilenetv2/mobilenet_v2.tgz: 69%
[ 52%] /data/local/tmp/benchmark/models/classification/mobilenetv2/mobilenetv2/mobilenet_v2.tgz: 69%
[ 52%] /data/local/tmp/benchmark/models/classification/mobilenetv2/mobilenetv2/mobilenet_v2.tgz: 69%
[ 52%] /data/local/tmp/benchmark/models/classification/mobilenetv2/mobilenetv2/mobilenet_v2.tgz: 69%
[ 52%] /data/local/tmp/benchmark/models/classification/mobilenetv2/mobilenetv2/mobilenet_v2.tgz: 69%
[ 52%] /data/local/tmp/benchmark/models/classification/mobilenetv2/mobilenetv2/mobilenet_v2.tgz: 69%
[ 52%] /data/local/tmp/benchmark/models/classification/mobilenetv2/mobilenetv2/mobilenet_v2.tgz: 69%
[ 52%] /data/local/tmp/benchmark/models/classification/mobilenetv2/mobilenetv2/mobilenet_v2.tgz: 70%
[ 52%] /data/local/tmp/benchmark/models/classification/mobilenetv2/mobilenetv2/mobilenet_v2.tgz: 70%
[ 52%] /data/local/tmp/benchmark/models/classification/mobilenetv2/mobilenetv2/mobilenet_v2.tgz: 70%
[ 52%] /data/local/tmp/benchmark/models/classification/mobilenetv2/mobilenetv2/mobilenet_v2.tgz: 70%
[ 52%] /data/local/tmp/benchmark/models/classification/mobilenetv2/mobilenetv2/mobilenet_v2.tgz: 70%
[ 52%] /data/local/tmp/benchmark/models/classification/mobilenetv2/mobilenetv2/mobilenet_v2.tgz: 70%
[ 52%] /data/local/tmp/benchmark/models/classification/mobilenetv2/mobilenetv2/mobilenet_v2.tgz: 70%
[ 52%] /data/local/tmp/benchmark/models/classification/mobilenetv2/mobilenetv2/mobilenet_v2.tgz: 70%
[ 52%] /data/local/tmp/benchmark/models/classification/mobilenetv2/mobilenetv2/mobilenet_v2.tgz: 70%
[ 52%] /data/local/tmp/benchmark/models/classification/mobilenetv2/mobilenetv2/mobilenet_v2.tgz: 70%
[ 52%] /data/local/tmp/benchmark/models/classification/mobilenetv2/mobilenetv2/mobilenet_v2.tgz: 70%
[ 52%] /data/local/tmp/benchmark/models/classification/mobilenetv2/mobilenetv2/mobilenet_v2.tgz: 70%
[ 52%] /data/local/tmp/benchmark/models/classification/mobilenetv2/mobilenetv2/mobilenet_v2.tgz: 71%
[ 52%] /data/local/tmp/benchmark/models/classification/mobilenetv2/mobilenetv2/mobilenet_v2.tgz: 71%
[ 52%] /data/local/tmp/benchmark/models/classification/mobilenetv2/mobilenetv2/mobilenet_v2.tgz: 71%
[ 52%] /data/local/tmp/benchmark/models/classification/mobilenetv2/mobilenetv2/mobilenet_v2.tgz: 71%
[ 52%] /data/local/tmp/benchmark/models/classification/mobilenetv2/mobilenetv2/mobilenet_v2.tgz: 71%
[ 52%] /data/local/tmp/benchmark/models/classification/mobilenetv2/mobilenetv2/mobilenet_v2.tgz: 71%
[ 52%] /data/local/tmp/benchmark/models/classification/mobilenetv2/mobilenetv2/mobilenet_v2.tgz: 71%
[ 52%] /data/local/tmp/benchmark/models/classification/mobilenetv2/mobilenetv2/mobilenet_v2.tgz: 71%
[ 52%] /data/local/tmp/benchmark/models/classification/mobilenetv2/mobilenetv2/mobilenet_v2.tgz: 71%
[ 52%] /data/local/tmp/benchmark/models/classification/mobilenetv2/mobilenetv2/mobilenet_v2.tgz: 71%
[ 52%] /data/local/tmp/benchmark/models/classification/mobilenetv2/mobilenetv2/mobilenet_v2.tgz: 71%
[ 53%] /data/local/tmp/benchmark/models/classification/mobilenetv2/mobilenetv2/mobilenet_v2.tgz: 71%
[ 53%] /data/local/tmp/benchmark/models/classification/mobilenetv2/mobilenetv2/mobilenet_v2.tgz: 72%
[ 53%] /data/local/tmp/benchmark/models/classification/mobilenetv2/mobilenetv2/mobilenet_v2.tgz: 72%
[ 53%] /data/local/tmp/benchmark/models/classification/mobilenetv2/mobilenetv2/mobilenet_v2.tgz: 72%
[ 53%] /data/local/tmp/benchmark/models/classification/mobilenetv2/mobilenetv2/mobilenet_v2.tgz: 72%
[ 53%] /data/local/tmp/benchmark/models/classification/mobilenetv2/mobilenetv2/mobilenet_v2.tgz: 72%
[ 53%] /data/local/tmp/benchmark/models/classification/mobilenetv2/mobilenetv2/mobilenet_v2.tgz: 72%
[ 53%] /data/local/tmp/benchmark/models/classification/mobilenetv2/mobilenetv2/mobilenet_v2.tgz: 72%
[ 53%] /data/local/tmp/benchmark/models/classification/mobilenetv2/mobilenetv2/mobilenet_v2.tgz: 72%
[ 53%] /data/local/tmp/benchmark/models/classification/mobilenetv2/mobilenetv2/mobilenet_v2.tgz: 72%
[ 53%] /data/local/tmp/benchmark/models/classification/mobilenetv2/mobilenetv2/mobilenet_v2.tgz: 72%
[ 53%] /data/local/tmp/benchmark/models/classification/mobilenetv2/mobilenetv2/mobilenet_v2.tgz: 72%
[ 53%] /data/local/tmp/benchmark/models/classification/mobilenetv2/mobilenetv2/mobilenet_v2.tgz: 72%
[ 53%] /data/local/tmp/benchmark/models/classification/mobilenetv2/mobilenetv2/mobilenet_v2.tgz: 73%
[ 53%] /data/local/tmp/benchmark/models/classification/mobilenetv2/mobilenetv2/mobilenet_v2.tgz: 73%
[ 53%] /data/local/tmp/benchmark/models/classification/mobilenetv2/mobilenetv2/mobilenet_v2.tgz: 73%
[ 53%] /data/local/tmp/benchmark/models/classification/mobilenetv2/mobilenetv2/mobilenet_v2.tgz: 73%
[ 53%] /data/local/tmp/benchmark/models/classification/mobilenetv2/mobilenetv2/mobilenet_v2.tgz: 73%
[ 53%] /data/local/tmp/benchmark/models/classification/mobilenetv2/mobilenetv2/mobilenet_v2.tgz: 73%
[ 53%] /data/local/tmp/benchmark/models/classification/mobilenetv2/mobilenetv2/mobilenet_v2.tgz: 73%
[ 53%] /data/local/tmp/benchmark/models/classification/mobilenetv2/mobilenetv2/mobilenet_v2.tgz: 73%
[ 53%] /data/local/tmp/benchmark/models/classification/mobilenetv2/mobilenetv2/mobilenet_v2.tgz: 73%
[ 53%] /data/local/tmp/benchmark/models/classification/mobilenetv2/mobilenetv2/mobilenet_v2.tgz: 73%
[ 53%] /data/local/tmp/benchmark/models/classification/mobilenetv2/mobilenetv2/mobilenet_v2.tgz: 73%
[ 53%] /data/local/tmp/benchmark/models/classification/mobilenetv2/mobilenetv2/mobilenet_v2.tgz: 73%
[ 53%] /data/local/tmp/benchmark/models/classification/mobilenetv2/mobilenetv2/mobilenet_v2.tgz: 74%
[ 53%] /data/local/tmp/benchmark/models/classification/mobilenetv2/mobilenetv2/mobilenet_v2.tgz: 74%
[ 53%] /data/local/tmp/benchmark/models/classification/mobilenetv2/mobilenetv2/mobilenet_v2.tgz: 74%
[ 53%] /data/local/tmp/benchmark/models/classification/mobilenetv2/mobilenetv2/mobilenet_v2.tgz: 74%
[ 53%] /data/local/tmp/benchmark/models/classification/mobilenetv2/mobilenetv2/mobilenet_v2.tgz: 74%
[ 53%] /data/local/tmp/benchmark/models/classification/mobilenetv2/mobilenetv2/mobilenet_v2.tgz: 74%
[ 53%] /data/local/tmp/benchmark/models/classification/mobilenetv2/mobilenetv2/mobilenet_v2.tgz: 74%
[ 53%] /data/local/tmp/benchmark/models/classification/mobilenetv2/mobilenetv2/mobilenet_v2.tgz: 74%
[ 53%] /data/local/tmp/benchmark/models/classification/mobilenetv2/mobilenetv2/mobilenet_v2.tgz: 74%
[ 53%] /data/local/tmp/benchmark/models/classification/mobilenetv2/mobilenetv2/mobilenet_v2.tgz: 74%
[ 53%] /data/local/tmp/benchmark/models/classification/mobilenetv2/mobilenetv2/mobilenet_v2.tgz: 74%
[ 53%] /data/local/tmp/benchmark/models/classification/mobilenetv2/mobilenetv2/mobilenet_v2.tgz: 74%
[ 53%] /data/local/tmp/benchmark/models/classification/mobilenetv2/mobilenetv2/mobilenet_v2.tgz: 75%
[ 53%] /data/local/tmp/benchmark/models/classification/mobilenetv2/mobilenetv2/mobilenet_v2.tgz: 75%
[ 53%] /data/local/tmp/benchmark/models/classification/mobilenetv2/mobilenetv2/mobilenet_v2.tgz: 75%
[ 53%] /data/local/tmp/benchmark/models/classification/mobilenetv2/mobilenetv2/mobilenet_v2.tgz: 75%
[ 53%] /data/local/tmp/benchmark/models/classification/mobilenetv2/mobilenetv2/mobilenet_v2.tgz: 75%
[ 53%] /data/local/tmp/benchmark/models/classification/mobilenetv2/mobilenetv2/mobilenet_v2.tgz: 75%
[ 53%] /data/local/tmp/benchmark/models/classification/mobilenetv2/mobilenetv2/mobilenet_v2.tgz: 75%
[ 53%] /data/local/tmp/benchmark/models/classification/mobilenetv2/mobilenetv2/mobilenet_v2.tgz: 75%
[ 53%] /data/local/tmp/benchmark/models/classification/mobilenetv2/mobilenetv2/mobilenet_v2.tgz: 75%
[ 53%] /data/local/tmp/benchmark/models/classification/mobilenetv2/mobilenetv2/mobilenet_v2.tgz: 75%
[ 53%] /data/local/tmp/benchmark/models/classification/mobilenetv2/mobilenetv2/mobilenet_v2.tgz: 75%
[ 54%] /data/local/tmp/benchmark/models/classification/mobilenetv2/mobilenetv2/mobilenet_v2.tgz: 75%
[ 54%] /data/local/tmp/benchmark/models/classification/mobilenetv2/mobilenetv2/mobilenet_v2.tgz: 76%
[ 54%] /data/local/tmp/benchmark/models/classification/mobilenetv2/mobilenetv2/mobilenet_v2.tgz: 76%
[ 54%] /data/local/tmp/benchmark/models/classification/mobilenetv2/mobilenetv2/mobilenet_v2.tgz: 76%
[ 54%] /data/local/tmp/benchmark/models/classification/mobilenetv2/mobilenetv2/mobilenet_v2.tgz: 76%
[ 54%] /data/local/tmp/benchmark/models/classification/mobilenetv2/mobilenetv2/mobilenet_v2.tgz: 76%
[ 54%] /data/local/tmp/benchmark/models/classification/mobilenetv2/mobilenetv2/mobilenet_v2.tgz: 76%
[ 54%] /data/local/tmp/benchmark/models/classification/mobilenetv2/mobilenetv2/mobilenet_v2.tgz: 76%
[ 54%] /data/local/tmp/benchmark/models/classification/mobilenetv2/mobilenetv2/mobilenet_v2.tgz: 76%
[ 54%] /data/local/tmp/benchmark/models/classification/mobilenetv2/mobilenetv2/mobilenet_v2.tgz: 76%
[ 54%] /data/local/tmp/benchmark/models/classification/mobilenetv2/mobilenetv2/mobilenet_v2.tgz: 76%
[ 54%] /data/local/tmp/benchmark/models/classification/mobilenetv2/mobilenetv2/mobilenet_v2.tgz: 76%
[ 54%] /data/local/tmp/benchmark/models/classification/mobilenetv2/mobilenetv2/mobilenet_v2.tgz: 76%
[ 54%] /data/local/tmp/benchmark/models/classification/mobilenetv2/mobilenetv2/mobilenet_v2.tgz: 77%
[ 54%] /data/local/tmp/benchmark/models/classification/mobilenetv2/mobilenetv2/mobilenet_v2.tgz: 77%
[ 54%] /data/local/tmp/benchmark/models/classification/mobilenetv2/mobilenetv2/mobilenet_v2.tgz: 77%
[ 54%] /data/local/tmp/benchmark/models/classification/mobilenetv2/mobilenetv2/mobilenet_v2.tgz: 77%
[ 54%] /data/local/tmp/benchmark/models/classification/mobilenetv2/mobilenetv2/mobilenet_v2.tgz: 77%
[ 54%] /data/local/tmp/benchmark/models/classification/mobilenetv2/mobilenetv2/mobilenet_v2.tgz: 77%
[ 54%] /data/local/tmp/benchmark/models/classification/mobilenetv2/mobilenetv2/mobilenet_v2.tgz: 77%
[ 54%] /data/local/tmp/benchmark/models/classification/mobilenetv2/mobilenetv2/mobilenet_v2.tgz: 77%
[ 54%] /data/local/tmp/benchmark/models/classification/mobilenetv2/mobilenetv2/mobilenet_v2.tgz: 77%
[ 54%] /data/local/tmp/benchmark/models/classification/mobilenetv2/mobilenetv2/mobilenet_v2.tgz: 77%
[ 54%] /data/local/tmp/benchmark/models/classification/mobilenetv2/mobilenetv2/mobilenet_v2.tgz: 77%
[ 54%] /data/local/tmp/benchmark/models/classification/mobilenetv2/mobilenetv2/mobilenet_v2.tgz: 77%
[ 54%] /data/local/tmp/benchmark/models/classification/mobilenetv2/mobilenetv2/mobilenet_v2.tgz: 78%
[ 54%] /data/local/tmp/benchmark/models/classification/mobilenetv2/mobilenetv2/mobilenet_v2.tgz: 78%
[ 54%] /data/local/tmp/benchmark/models/classification/mobilenetv2/mobilenetv2/mobilenet_v2.tgz: 78%
[ 54%] /data/local/tmp/benchmark/models/classification/mobilenetv2/mobilenetv2/mobilenet_v2.tgz: 78%
[ 54%] /data/local/tmp/benchmark/models/classification/mobilenetv2/mobilenetv2/mobilenet_v2.tgz: 78%
[ 54%] /data/local/tmp/benchmark/models/classification/mobilenetv2/mobilenetv2/mobilenet_v2.tgz: 78%
[ 54%] /data/local/tmp/benchmark/models/classification/mobilenetv2/mobilenetv2/mobilenet_v2.tgz: 78%
[ 54%] /data/local/tmp/benchmark/models/classification/mobilenetv2/mobilenetv2/mobilenet_v2.tgz: 78%
[ 54%] /data/local/tmp/benchmark/models/classification/mobilenetv2/mobilenetv2/mobilenet_v2.tgz: 78%
[ 54%] /data/local/tmp/benchmark/models/classification/mobilenetv2/mobilenetv2/mobilenet_v2.tgz: 78%
[ 54%] /data/local/tmp/benchmark/models/classification/mobilenetv2/mobilenetv2/mobilenet_v2.tgz: 78%
[ 54%] /data/local/tmp/benchmark/models/classification/mobilenetv2/mobilenetv2/mobilenet_v2.tgz: 79%
[ 54%] /data/local/tmp/benchmark/models/classification/mobilenetv2/mobilenetv2/mobilenet_v2.tgz: 79%
[ 54%] /data/local/tmp/benchmark/models/classification/mobilenetv2/mobilenetv2/mobilenet_v2.tgz: 79%
[ 54%] /data/local/tmp/benchmark/models/classification/mobilenetv2/mobilenetv2/mobilenet_v2.tgz: 79%
[ 54%] /data/local/tmp/benchmark/models/classification/mobilenetv2/mobilenetv2/mobilenet_v2.tgz: 79%
[ 54%] /data/local/tmp/benchmark/models/classification/mobilenetv2/mobilenetv2/mobilenet_v2.tgz: 79%
[ 54%] /data/local/tmp/benchmark/models/classification/mobilenetv2/mobilenetv2/mobilenet_v2.tgz: 79%
[ 54%] /data/local/tmp/benchmark/models/classification/mobilenetv2/mobilenetv2/mobilenet_v2.tgz: 79%
[ 54%] /data/local/tmp/benchmark/models/classification/mobilenetv2/mobilenetv2/mobilenet_v2.tgz: 79%
[ 54%] /data/local/tmp/benchmark/models/classification/mobilenetv2/mobilenetv2/mobilenet_v2.tgz: 79%
[ 54%] /data/local/tmp/benchmark/models/classification/mobilenetv2/mobilenetv2/mobilenet_v2.tgz: 79%
[ 54%] /data/local/tmp/benchmark/models/classification/mobilenetv2/mobilenetv2/mobilenet_v2.tgz: 79%
[ 54%] /data/local/tmp/benchmark/models/classification/mobilenetv2/mobilenetv2/mobilenet_v2.tgz: 80%
[ 55%] /data/local/tmp/benchmark/models/classification/mobilenetv2/mobilenetv2/mobilenet_v2.tgz: 80%
[ 55%] /data/local/tmp/benchmark/models/classification/mobilenetv2/mobilenetv2/mobilenet_v2.tgz: 80%
[ 55%] /data/local/tmp/benchmark/models/classification/mobilenetv2/mobilenetv2/mobilenet_v2.tgz: 80%
[ 55%] /data/local/tmp/benchmark/models/classification/mobilenetv2/mobilenetv2/mobilenet_v2.tgz: 80%
[ 55%] /data/local/tmp/benchmark/models/classification/mobilenetv2/mobilenetv2/mobilenet_v2.tgz: 80%
[ 55%] /data/local/tmp/benchmark/models/classification/mobilenetv2/mobilenetv2/mobilenet_v2.tgz: 80%
[ 55%] /data/local/tmp/benchmark/models/classification/mobilenetv2/mobilenetv2/mobilenet_v2.tgz: 80%
[ 55%] /data/local/tmp/benchmark/models/classification/mobilenetv2/mobilenetv2/mobilenet_v2.tgz: 80%
[ 55%] /data/local/tmp/benchmark/models/classification/mobilenetv2/mobilenetv2/mobilenet_v2.tgz: 80%
[ 55%] /data/local/tmp/benchmark/models/classification/mobilenetv2/mobilenetv2/mobilenet_v2.tgz: 80%
[ 55%] /data/local/tmp/benchmark/models/classification/mobilenetv2/mobilenetv2/mobilenet_v2.tgz: 80%
[ 55%] /data/local/tmp/benchmark/models/classification/mobilenetv2/mobilenetv2/mobilenet_v2.tgz: 81%
[ 55%] /data/local/tmp/benchmark/models/classification/mobilenetv2/mobilenetv2/mobilenet_v2.tgz: 81%
[ 55%] /data/local/tmp/benchmark/models/classification/mobilenetv2/mobilenetv2/mobilenet_v2.tgz: 81%
[ 55%] /data/local/tmp/benchmark/models/classification/mobilenetv2/mobilenetv2/mobilenet_v2.tgz: 81%
[ 55%] /data/local/tmp/benchmark/models/classification/mobilenetv2/mobilenetv2/mobilenet_v2.tgz: 81%
[ 55%] /data/local/tmp/benchmark/models/classification/mobilenetv2/mobilenetv2/mobilenet_v2.tgz: 81%
[ 55%] /data/local/tmp/benchmark/models/classification/mobilenetv2/mobilenetv2/mobilenet_v2.tgz: 81%
[ 55%] /data/local/tmp/benchmark/models/classification/mobilenetv2/mobilenetv2/mobilenet_v2.tgz: 81%
[ 55%] /data/local/tmp/benchmark/models/classification/mobilenetv2/mobilenetv2/mobilenet_v2.tgz: 81%
[ 55%] /data/local/tmp/benchmark/models/classification/mobilenetv2/mobilenetv2/mobilenet_v2.tgz: 81%
[ 55%] /data/local/tmp/benchmark/models/classification/mobilenetv2/mobilenetv2/mobilenet_v2.tgz: 81%
[ 55%] /data/local/tmp/benchmark/models/classification/mobilenetv2/mobilenetv2/mobilenet_v2.tgz: 81%
[ 55%] /data/local/tmp/benchmark/models/classification/mobilenetv2/mobilenetv2/mobilenet_v2.tgz: 82%
[ 55%] /data/local/tmp/benchmark/models/classification/mobilenetv2/mobilenetv2/mobilenet_v2.tgz: 82%
[ 55%] /data/local/tmp/benchmark/models/classification/mobilenetv2/mobilenetv2/mobilenet_v2.tgz: 82%
[ 55%] /data/local/tmp/benchmark/models/classification/mobilenetv2/mobilenetv2/mobilenet_v2.tgz: 82%
[ 55%] /data/local/tmp/benchmark/models/classification/mobilenetv2/mobilenetv2/mobilenet_v2.tgz: 82%
[ 55%] /data/local/tmp/benchmark/models/classification/mobilenetv2/mobilenetv2/mobilenet_v2.tgz: 82%
[ 55%] /data/local/tmp/benchmark/models/classification/mobilenetv2/mobilenetv2/mobilenet_v2.tgz: 82%
[ 55%] /data/local/tmp/benchmark/models/classification/mobilenetv2/mobilenetv2/mobilenet_v2.tgz: 82%
[ 55%] /data/local/tmp/benchmark/models/classification/mobilenetv2/mobilenetv2/mobilenet_v2.tgz: 82%
[ 55%] /data/local/tmp/benchmark/models/classification/mobilenetv2/mobilenetv2/mobilenet_v2.tgz: 82%
[ 55%] /data/local/tmp/benchmark/models/classification/mobilenetv2/mobilenetv2/mobilenet_v2.tgz: 82%
[ 55%] /data/local/tmp/benchmark/models/classification/mobilenetv2/mobilenetv2/mobilenet_v2.tgz: 82%
[ 55%] /data/local/tmp/benchmark/models/classification/mobilenetv2/mobilenetv2/mobilenet_v2.tgz: 83%
[ 55%] /data/local/tmp/benchmark/models/classification/mobilenetv2/mobilenetv2/mobilenet_v2.tgz: 83%
[ 55%] /data/local/tmp/benchmark/models/classification/mobilenetv2/mobilenetv2/mobilenet_v2.tgz: 83%
[ 55%] /data/local/tmp/benchmark/models/classification/mobilenetv2/mobilenetv2/mobilenet_v2.tgz: 83%
[ 55%] /data/local/tmp/benchmark/models/classification/mobilenetv2/mobilenetv2/mobilenet_v2.tgz: 83%
[ 55%] /data/local/tmp/benchmark/models/classification/mobilenetv2/mobilenetv2/mobilenet_v2.tgz: 83%
[ 55%] /data/local/tmp/benchmark/models/classification/mobilenetv2/mobilenetv2/mobilenet_v2.tgz: 83%
[ 55%] /data/local/tmp/benchmark/models/classification/mobilenetv2/mobilenetv2/mobilenet_v2.tgz: 83%
[ 55%] /data/local/tmp/benchmark/models/classification/mobilenetv2/mobilenetv2/mobilenet_v2.tgz: 83%
[ 55%] /data/local/tmp/benchmark/models/classification/mobilenetv2/mobilenetv2/mobilenet_v2.tgz: 83%
[ 55%] /data/local/tmp/benchmark/models/classification/mobilenetv2/mobilenetv2/mobilenet_v2.tgz: 83%
[ 55%] /data/local/tmp/benchmark/models/classification/mobilenetv2/mobilenetv2/mobilenet_v2.tgz: 83%
[ 55%] /data/local/tmp/benchmark/models/classification/mobilenetv2/mobilenetv2/mobilenet_v2.tgz: 84%
[ 56%] /data/local/tmp/benchmark/models/classification/mobilenetv2/mobilenetv2/mobilenet_v2.tgz: 84%
[ 56%] /data/local/tmp/benchmark/models/classification/mobilenetv2/mobilenetv2/mobilenet_v2.tgz: 84%
[ 56%] /data/local/tmp/benchmark/models/classification/mobilenetv2/mobilenetv2/mobilenet_v2.tgz: 84%
[ 56%] /data/local/tmp/benchmark/models/classification/mobilenetv2/mobilenetv2/mobilenet_v2.tgz: 84%
[ 56%] /data/local/tmp/benchmark/models/classification/mobilenetv2/mobilenetv2/mobilenet_v2.tgz: 84%
[ 56%] /data/local/tmp/benchmark/models/classification/mobilenetv2/mobilenetv2/mobilenet_v2.tgz: 84%
[ 56%] /data/local/tmp/benchmark/models/classification/mobilenetv2/mobilenetv2/mobilenet_v2.tgz: 84%
[ 56%] /data/local/tmp/benchmark/models/classification/mobilenetv2/mobilenetv2/mobilenet_v2.tgz: 84%
[ 56%] /data/local/tmp/benchmark/models/classification/mobilenetv2/mobilenetv2/mobilenet_v2.tgz: 84%
[ 56%] /data/local/tmp/benchmark/models/classification/mobilenetv2/mobilenetv2/mobilenet_v2.tgz: 84%
[ 56%] /data/local/tmp/benchmark/models/classification/mobilenetv2/mobilenetv2/mobilenet_v2.tgz: 84%
[ 56%] /data/local/tmp/benchmark/models/classification/mobilenetv2/mobilenetv2/mobilenet_v2.tgz: 85%
[ 56%] /data/local/tmp/benchmark/models/classification/mobilenetv2/mobilenetv2/mobilenet_v2.tgz: 85%
[ 56%] /data/local/tmp/benchmark/models/classification/mobilenetv2/mobilenetv2/mobilenet_v2.tgz: 85%
[ 56%] /data/local/tmp/benchmark/models/classification/mobilenetv2/mobilenetv2/mobilenet_v2.tgz: 85%
[ 56%] /data/local/tmp/benchmark/models/classification/mobilenetv2/mobilenetv2/mobilenet_v2.tgz: 85%
[ 56%] /data/local/tmp/benchmark/models/classification/mobilenetv2/mobilenetv2/mobilenet_v2.tgz: 85%
[ 56%] /data/local/tmp/benchmark/models/classification/mobilenetv2/mobilenetv2/mobilenet_v2.tgz: 85%
[ 56%] /data/local/tmp/benchmark/models/classification/mobilenetv2/mobilenetv2/mobilenet_v2.tgz: 85%
[ 56%] /data/local/tmp/benchmark/models/classification/mobilenetv2/mobilenetv2/mobilenet_v2.tgz: 85%
[ 56%] /data/local/tmp/benchmark/models/classification/mobilenetv2/mobilenetv2/mobilenet_v2.tgz: 85%
[ 56%] /data/local/tmp/benchmark/models/classification/mobilenetv2/mobilenetv2/mobilenet_v2.tgz: 85%
[ 56%] /data/local/tmp/benchmark/models/classification/mobilenetv2/mobilenetv2/mobilenet_v2.tgz: 85%
[ 56%] /data/local/tmp/benchmark/models/classification/mobilenetv2/mobilenetv2/mobilenet_v2.tgz: 86%
[ 56%] /data/local/tmp/benchmark/models/classification/mobilenetv2/mobilenetv2/mobilenet_v2.tgz: 86%
[ 56%] /data/local/tmp/benchmark/models/classification/mobilenetv2/mobilenetv2/mobilenet_v2.tgz: 86%
[ 56%] /data/local/tmp/benchmark/models/classification/mobilenetv2/mobilenetv2/mobilenet_v2.tgz: 86%
[ 56%] /data/local/tmp/benchmark/models/classification/mobilenetv2/mobilenetv2/mobilenet_v2.tgz: 86%
[ 56%] /data/local/tmp/benchmark/models/classification/mobilenetv2/mobilenetv2/mobilenet_v2.tgz: 86%
[ 56%] /data/local/tmp/benchmark/models/classification/mobilenetv2/mobilenetv2/mobilenet_v2.tgz: 86%
[ 56%] /data/local/tmp/benchmark/models/classification/mobilenetv2/mobilenetv2/mobilenet_v2.tgz: 86%
[ 56%] /data/local/tmp/benchmark/models/classification/mobilenetv2/mobilenetv2/mobilenet_v2.tgz: 86%
[ 56%] /data/local/tmp/benchmark/models/classification/mobilenetv2/mobilenetv2/mobilenet_v2.tgz: 86%
[ 56%] /data/local/tmp/benchmark/models/classification/mobilenetv2/mobilenetv2/mobilenet_v2.tgz: 86%
[ 56%] /data/local/tmp/benchmark/models/classification/mobilenetv2/mobilenetv2/mobilenet_v2.tgz: 86%
[ 56%] /data/local/tmp/benchmark/models/classification/mobilenetv2/mobilenetv2/mobilenet_v2.tgz: 87%
[ 56%] /data/local/tmp/benchmark/models/classification/mobilenetv2/mobilenetv2/mobilenet_v2.tgz: 87%
[ 56%] /data/local/tmp/benchmark/models/classification/mobilenetv2/mobilenetv2/mobilenet_v2.tgz: 87%
[ 56%] /data/local/tmp/benchmark/models/classification/mobilenetv2/mobilenetv2/mobilenet_v2.tgz: 87%
[ 56%] /data/local/tmp/benchmark/models/classification/mobilenetv2/mobilenetv2/mobilenet_v2.tgz: 87%
[ 56%] /data/local/tmp/benchmark/models/classification/mobilenetv2/mobilenetv2/mobilenet_v2.tgz: 87%
[ 56%] /data/local/tmp/benchmark/models/classification/mobilenetv2/mobilenetv2/mobilenet_v2.tgz: 87%
[ 56%] /data/local/tmp/benchmark/models/classification/mobilenetv2/mobilenetv2/mobilenet_v2.tgz: 87%
[ 56%] /data/local/tmp/benchmark/models/classification/mobilenetv2/mobilenetv2/mobilenet_v2.tgz: 87%
[ 56%] /data/local/tmp/benchmark/models/classification/mobilenetv2/mobilenetv2/mobilenet_v2.tgz: 87%
[ 56%] /data/local/tmp/benchmark/models/classification/mobilenetv2/mobilenetv2/mobilenet_v2.tgz: 87%
[ 56%] /data/local/tmp/benchmark/models/classification/mobilenetv2/mobilenetv2/mobilenet_v2.tgz: 87%
[ 56%] /data/local/tmp/benchmark/models/classification/mobilenetv2/mobilenetv2/mobilenet_v2.tgz: 88%
[ 57%] /data/local/tmp/benchmark/models/classification/mobilenetv2/mobilenetv2/mobilenet_v2.tgz: 88%
[ 57%] /data/local/tmp/benchmark/models/classification/mobilenetv2/mobilenetv2/mobilenet_v2.tgz: 88%
[ 57%] /data/local/tmp/benchmark/models/classification/mobilenetv2/mobilenetv2/mobilenet_v2.tgz: 88%
[ 57%] /data/local/tmp/benchmark/models/classification/mobilenetv2/mobilenetv2/mobilenet_v2.tgz: 88%
[ 57%] /data/local/tmp/benchmark/models/classification/mobilenetv2/mobilenetv2/mobilenet_v2.tgz: 88%
[ 57%] /data/local/tmp/benchmark/models/classification/mobilenetv2/mobilenetv2/mobilenet_v2.tgz: 88%
[ 57%] /data/local/tmp/benchmark/models/classification/mobilenetv2/mobilenetv2/mobilenet_v2.tgz: 88%
[ 57%] /data/local/tmp/benchmark/models/classification/mobilenetv2/mobilenetv2/mobilenet_v2.tgz: 88%
[ 57%] /data/local/tmp/benchmark/models/classification/mobilenetv2/mobilenetv2/mobilenet_v2.tgz: 88%
[ 57%] /data/local/tmp/benchmark/models/classification/mobilenetv2/mobilenetv2/mobilenet_v2.tgz: 88%
[ 57%] /data/local/tmp/benchmark/models/classification/mobilenetv2/mobilenetv2/mobilenet_v2.tgz: 88%
[ 57%] /data/local/tmp/benchmark/models/classification/mobilenetv2/mobilenetv2/mobilenet_v2.tgz: 89%
[ 57%] /data/local/tmp/benchmark/models/classification/mobilenetv2/mobilenetv2/mobilenet_v2.tgz: 89%
[ 57%] /data/local/tmp/benchmark/models/classification/mobilenetv2/mobilenetv2/mobilenet_v2.tgz: 89%
[ 57%] /data/local/tmp/benchmark/models/classification/mobilenetv2/mobilenetv2/mobilenet_v2.tgz: 89%
[ 57%] /data/local/tmp/benchmark/models/classification/mobilenetv2/mobilenetv2/mobilenet_v2.tgz: 89%
[ 57%] /data/local/tmp/benchmark/models/classification/mobilenetv2/mobilenetv2/mobilenet_v2.tgz: 89%
[ 57%] /data/local/tmp/benchmark/models/classification/mobilenetv2/mobilenetv2/mobilenet_v2.tgz: 89%
[ 57%] /data/local/tmp/benchmark/models/classification/mobilenetv2/mobilenetv2/mobilenet_v2.tgz: 89%
[ 57%] /data/local/tmp/benchmark/models/classification/mobilenetv2/mobilenetv2/mobilenet_v2.tgz: 89%
[ 57%] /data/local/tmp/benchmark/models/classification/mobilenetv2/mobilenetv2/mobilenet_v2.tgz: 89%
[ 57%] /data/local/tmp/benchmark/models/classification/mobilenetv2/mobilenetv2/mobilenet_v2.tgz: 89%
[ 57%] /data/local/tmp/benchmark/models/classification/mobilenetv2/mobilenetv2/mobilenet_v2.tgz: 89%
[ 57%] /data/local/tmp/benchmark/models/classification/mobilenetv2/mobilenetv2/mobilenet_v2.tgz: 90%
[ 57%] /data/local/tmp/benchmark/models/classification/mobilenetv2/mobilenetv2/mobilenet_v2.tgz: 90%
[ 57%] /data/local/tmp/benchmark/models/classification/mobilenetv2/mobilenetv2/mobilenet_v2.tgz: 90%
[ 57%] /data/local/tmp/benchmark/models/classification/mobilenetv2/mobilenetv2/mobilenet_v2.tgz: 90%
[ 57%] /data/local/tmp/benchmark/models/classification/mobilenetv2/mobilenetv2/mobilenet_v2.tgz: 90%
[ 57%] /data/local/tmp/benchmark/models/classification/mobilenetv2/mobilenetv2/mobilenet_v2.tgz: 90%
[ 57%] /data/local/tmp/benchmark/models/classification/mobilenetv2/mobilenetv2/mobilenet_v2.tgz: 90%
[ 57%] /data/local/tmp/benchmark/models/classification/mobilenetv2/mobilenetv2/mobilenet_v2.tgz: 90%
[ 57%] /data/local/tmp/benchmark/models/classification/mobilenetv2/mobilenetv2/mobilenet_v2.tgz: 90%
[ 57%] /data/local/tmp/benchmark/models/classification/mobilenetv2/mobilenetv2/mobilenet_v2.tgz: 90%
[ 57%] /data/local/tmp/benchmark/models/classification/mobilenetv2/mobilenetv2/mobilenet_v2.tgz: 90%
[ 57%] /data/local/tmp/benchmark/models/classification/mobilenetv2/mobilenetv2/mobilenet_v2.tgz: 90%
[ 57%] /data/local/tmp/benchmark/models/classification/mobilenetv2/mobilenetv2/mobilenet_v2.tgz: 91%
[ 57%] /data/local/tmp/benchmark/models/classification/mobilenetv2/mobilenetv2/mobilenet_v2.tgz: 91%
[ 57%] /data/local/tmp/benchmark/models/classification/mobilenetv2/mobilenetv2/mobilenet_v2.tgz: 91%
[ 57%] /data/local/tmp/benchmark/models/classification/mobilenetv2/mobilenetv2/mobilenet_v2.tgz: 91%
[ 57%] /data/local/tmp/benchmark/models/classification/mobilenetv2/mobilenetv2/mobilenet_v2.tgz: 91%
[ 57%] /data/local/tmp/benchmark/models/classification/mobilenetv2/mobilenetv2/mobilenet_v2.tgz: 91%
[ 57%] /data/local/tmp/benchmark/models/classification/mobilenetv2/mobilenetv2/mobilenet_v2.tgz: 91%
[ 57%] /data/local/tmp/benchmark/models/classification/mobilenetv2/mobilenetv2/mobilenet_v2.tgz: 91%
[ 57%] /data/local/tmp/benchmark/models/classification/mobilenetv2/mobilenetv2/mobilenet_v2.tgz: 91%
[ 57%] /data/local/tmp/benchmark/models/classification/mobilenetv2/mobilenetv2/mobilenet_v2.tgz: 91%
[ 57%] /data/local/tmp/benchmark/models/classification/mobilenetv2/mobilenetv2/mobilenet_v2.tgz: 91%
[ 57%] /data/local/tmp/benchmark/models/classification/mobilenetv2/mobilenetv2/mobilenet_v2.tgz: 91%
[ 57%] /data/local/tmp/benchmark/models/classification/mobilenetv2/mobilenetv2/mobilenet_v2.tgz: 92%
[ 57%] /data/local/tmp/benchmark/models/classification/mobilenetv2/mobilenetv2/mobilenet_v2.tgz: 92%
[ 58%] /data/local/tmp/benchmark/models/classification/mobilenetv2/mobilenetv2/mobilenet_v2.tgz: 92%
[ 58%] /data/local/tmp/benchmark/models/classification/mobilenetv2/mobilenetv2/mobilenet_v2.tgz: 92%
[ 58%] /data/local/tmp/benchmark/models/classification/mobilenetv2/mobilenetv2/mobilenet_v2.tgz: 92%
[ 58%] /data/local/tmp/benchmark/models/classification/mobilenetv2/mobilenetv2/mobilenet_v2.tgz: 92%
[ 58%] /data/local/tmp/benchmark/models/classification/mobilenetv2/mobilenetv2/mobilenet_v2.tgz: 92%
[ 58%] /data/local/tmp/benchmark/models/classification/mobilenetv2/mobilenetv2/mobilenet_v2.tgz: 92%
[ 58%] /data/local/tmp/benchmark/models/classification/mobilenetv2/mobilenetv2/mobilenet_v2.tgz: 92%
[ 58%] /data/local/tmp/benchmark/models/classification/mobilenetv2/mobilenetv2/mobilenet_v2.tgz: 92%
[ 58%] /data/local/tmp/benchmark/models/classification/mobilenetv2/mobilenetv2/mobilenet_v2.tgz: 92%
[ 58%] /data/local/tmp/benchmark/models/classification/mobilenetv2/mobilenetv2/mobilenet_v2.tgz: 92%
[ 58%] /data/local/tmp/benchmark/models/classification/mobilenetv2/mobilenetv2/mobilenet_v2.tgz: 93%
[ 58%] /data/local/tmp/benchmark/models/classification/mobilenetv2/mobilenetv2/mobilenet_v2.tgz: 93%
[ 58%] /data/local/tmp/benchmark/models/classification/mobilenetv2/mobilenetv2/mobilenet_v2.tgz: 93%
[ 58%] /data/local/tmp/benchmark/models/classification/mobilenetv2/mobilenetv2/mobilenet_v2.tgz: 93%
[ 58%] /data/local/tmp/benchmark/models/classification/mobilenetv2/mobilenetv2/mobilenet_v2.tgz: 93%
[ 58%] /data/local/tmp/benchmark/models/classification/mobilenetv2/mobilenetv2/mobilenet_v2.tgz: 93%
[ 58%] /data/local/tmp/benchmark/models/classification/mobilenetv2/mobilenetv2/mobilenet_v2.tgz: 93%
[ 58%] /data/local/tmp/benchmark/models/classification/mobilenetv2/mobilenetv2/mobilenet_v2.tgz: 93%
[ 58%] /data/local/tmp/benchmark/models/classification/mobilenetv2/mobilenetv2/mobilenet_v2.tgz: 93%
[ 58%] /data/local/tmp/benchmark/models/classification/mobilenetv2/mobilenetv2/mobilenet_v2.tgz: 93%
[ 58%] /data/local/tmp/benchmark/models/classification/mobilenetv2/mobilenetv2/mobilenet_v2.tgz: 93%
[ 58%] /data/local/tmp/benchmark/models/classification/mobilenetv2/mobilenetv2/mobilenet_v2.tgz: 93%
[ 58%] /data/local/tmp/benchmark/models/classification/mobilenetv2/mobilenetv2/mobilenet_v2.tgz: 94%
[ 58%] /data/local/tmp/benchmark/models/classification/mobilenetv2/mobilenetv2/mobilenet_v2.tgz: 94%
[ 58%] /data/local/tmp/benchmark/models/classification/mobilenetv2/mobilenetv2/mobilenet_v2.tgz: 94%
[ 58%] /data/local/tmp/benchmark/models/classification/mobilenetv2/mobilenetv2/mobilenet_v2.tgz: 94%
[ 58%] /data/local/tmp/benchmark/models/classification/mobilenetv2/mobilenetv2/mobilenet_v2.tgz: 94%
[ 58%] /data/local/tmp/benchmark/models/classification/mobilenetv2/mobilenetv2/mobilenet_v2.tgz: 94%
[ 58%] /data/local/tmp/benchmark/models/classification/mobilenetv2/mobilenetv2/mobilenet_v2.tgz: 94%
[ 58%] /data/local/tmp/benchmark/models/classification/mobilenetv2/mobilenetv2/mobilenet_v2.tgz: 94%
[ 58%] /data/local/tmp/benchmark/models/classification/mobilenetv2/mobilenetv2/mobilenet_v2.tgz: 94%
[ 58%] /data/local/tmp/benchmark/models/classification/mobilenetv2/mobilenetv2/mobilenet_v2.tgz: 94%
[ 58%] /data/local/tmp/benchmark/models/classification/mobilenetv2/mobilenetv2/mobilenet_v2.tgz: 94%
[ 58%] /data/local/tmp/benchmark/models/classification/mobilenetv2/mobilenetv2/mobilenet_v2.tgz: 94%
[ 58%] /data/local/tmp/benchmark/models/classification/mobilenetv2/mobilenetv2/mobilenet_v2.tgz: 95%
[ 58%] /data/local/tmp/benchmark/models/classification/mobilenetv2/mobilenetv2/mobilenet_v2.tgz: 95%
[ 58%] /data/local/tmp/benchmark/models/classification/mobilenetv2/mobilenetv2/mobilenet_v2.tgz: 95%
[ 58%] /data/local/tmp/benchmark/models/classification/mobilenetv2/mobilenetv2/mobilenet_v2.tgz: 95%
[ 58%] /data/local/tmp/benchmark/models/classification/mobilenetv2/mobilenetv2/mobilenet_v2.tgz: 95%
[ 58%] /data/local/tmp/benchmark/models/classification/mobilenetv2/mobilenetv2/mobilenet_v2.tgz: 95%
[ 58%] /data/local/tmp/benchmark/models/classification/mobilenetv2/mobilenetv2/mobilenet_v2.tgz: 95%
[ 58%] /data/local/tmp/benchmark/models/classification/mobilenetv2/mobilenetv2/mobilenet_v2.tgz: 95%
[ 58%] /data/local/tmp/benchmark/models/classification/mobilenetv2/mobilenetv2/mobilenet_v2.tgz: 95%
[ 58%] /data/local/tmp/benchmark/models/classification/mobilenetv2/mobilenetv2/mobilenet_v2.tgz: 95%
[ 58%] /data/local/tmp/benchmark/models/classification/mobilenetv2/mobilenetv2/mobilenet_v2.tgz: 95%
[ 58%] /data/local/tmp/benchmark/models/classification/mobilenetv2/mobilenetv2/mobilenet_v2.tgz: 95%
[ 58%] /data/local/tmp/benchmark/models/classification/mobilenetv2/mobilenetv2/mobilenet_v2.tgz: 96%
[ 58%] /data/local/tmp/benchmark/models/classification/mobilenetv2/mobilenetv2/mobilenet_v2.tgz: 96%
[ 59%] /data/local/tmp/benchmark/models/classification/mobilenetv2/mobilenetv2/mobilenet_v2.tgz: 96%
[ 59%] /data/local/tmp/benchmark/models/classification/mobilenetv2/mobilenetv2/mobilenet_v2.tgz: 96%
[ 59%] /data/local/tmp/benchmark/models/classification/mobilenetv2/mobilenetv2/mobilenet_v2.tgz: 96%
[ 59%] /data/local/tmp/benchmark/models/classification/mobilenetv2/mobilenetv2/mobilenet_v2.tgz: 96%
[ 59%] /data/local/tmp/benchmark/models/classification/mobilenetv2/mobilenetv2/mobilenet_v2.tgz: 96%
[ 59%] /data/local/tmp/benchmark/models/classification/mobilenetv2/mobilenetv2/mobilenet_v2.tgz: 96%
[ 59%] /data/local/tmp/benchmark/models/classification/mobilenetv2/mobilenetv2/mobilenet_v2.tgz: 96%
[ 59%] /data/local/tmp/benchmark/models/classification/mobilenetv2/mobilenetv2/mobilenet_v2.tgz: 96%
[ 59%] /data/local/tmp/benchmark/models/classification/mobilenetv2/mobilenetv2/mobilenet_v2.tgz: 96%
[ 59%] /data/local/tmp/benchmark/models/classification/mobilenetv2/mobilenetv2/mobilenet_v2.tgz: 96%
[ 59%] /data/local/tmp/benchmark/models/classification/mobilenetv2/mobilenetv2/mobilenet_v2.tgz: 97%
[ 59%] /data/local/tmp/benchmark/models/classification/mobilenetv2/mobilenetv2/mobilenet_v2.tgz: 97%
[ 59%] /data/local/tmp/benchmark/models/classification/mobilenetv2/mobilenetv2/mobilenet_v2.tgz: 97%
[ 59%] /data/local/tmp/benchmark/models/classification/mobilenetv2/mobilenetv2/mobilenet_v2.tgz: 97%
[ 59%] /data/local/tmp/benchmark/models/classification/mobilenetv2/mobilenetv2/mobilenet_v2.tgz: 97%
[ 59%] /data/local/tmp/benchmark/models/classification/mobilenetv2/mobilenetv2/mobilenet_v2.tgz: 97%
[ 59%] /data/local/tmp/benchmark/models/classification/mobilenetv2/mobilenetv2/mobilenet_v2.tgz: 97%
[ 59%] /data/local/tmp/benchmark/models/classification/mobilenetv2/mobilenetv2/mobilenet_v2.tgz: 97%
[ 59%] /data/local/tmp/benchmark/models/classification/mobilenetv2/mobilenetv2/mobilenet_v2.tgz: 97%
[ 59%] /data/local/tmp/benchmark/models/classification/mobilenetv2/mobilenetv2/mobilenet_v2.tgz: 97%
[ 59%] /data/local/tmp/benchmark/models/classification/mobilenetv2/mobilenetv2/mobilenet_v2.tgz: 97%
[ 59%] /data/local/tmp/benchmark/models/classification/mobilenetv2/mobilenetv2/mobilenet_v2.tgz: 97%
[ 59%] /data/local/tmp/benchmark/models/classification/mobilenetv2/mobilenetv2/mobilenet_v2.tgz: 98%
[ 59%] /data/local/tmp/benchmark/models/classification/mobilenetv2/mobilenetv2/mobilenet_v2.tgz: 98%
[ 59%] /data/local/tmp/benchmark/models/classification/mobilenetv2/mobilenetv2/mobilenet_v2.tgz: 98%
[ 59%] /data/local/tmp/benchmark/models/classification/mobilenetv2/mobilenetv2/mobilenet_v2.tgz: 98%
[ 59%] /data/local/tmp/benchmark/models/classification/mobilenetv2/mobilenetv2/mobilenet_v2.tgz: 98%
[ 59%] /data/local/tmp/benchmark/models/classification/mobilenetv2/mobilenetv2/mobilenet_v2.tgz: 98%
[ 59%] /data/local/tmp/benchmark/models/classification/mobilenetv2/mobilenetv2/mobilenet_v2.tgz: 98%
[ 59%] /data/local/tmp/benchmark/models/classification/mobilenetv2/mobilenetv2/mobilenet_v2.tgz: 98%
[ 59%] /data/local/tmp/benchmark/models/classification/mobilenetv2/mobilenetv2/mobilenet_v2.tgz: 98%
[ 59%] /data/local/tmp/benchmark/models/classification/mobilenetv2/mobilenetv2/mobilenet_v2.tgz: 98%
[ 59%] /data/local/tmp/benchmark/models/classification/mobilenetv2/mobilenetv2/mobilenet_v2.tgz: 98%
[ 59%] /data/local/tmp/benchmark/models/classification/mobilenetv2/mobilenetv2/mobilenet_v2.tgz: 99%
[ 59%] /data/local/tmp/benchmark/models/classification/mobilenetv2/mobilenetv2/mobilenet_v2.tgz: 99%
[ 59%] /data/local/tmp/benchmark/models/classification/mobilenetv2/mobilenetv2/mobilenet_v2.tgz: 99%
[ 59%] /data/local/tmp/benchmark/models/classification/mobilenetv2/mobilenetv2/mobilenet_v2.tgz: 99%
[ 59%] /data/local/tmp/benchmark/models/classification/mobilenetv2/mobilenetv2/mobilenet_v2.tgz: 99%
[ 59%] /data/local/tmp/benchmark/models/classification/mobilenetv2/mobilenetv2/mobilenet_v2.tgz: 99%
[ 59%] /data/local/tmp/benchmark/models/classification/mobilenetv2/mobilenetv2/mobilenet_v2.tgz: 99%
[ 59%] /data/local/tmp/benchmark/models/classification/mobilenetv2/mobilenetv2/mobilenet_v2.tgz: 99%
[ 59%] /data/local/tmp/benchmark/models/classification/mobilenetv2/mobilenetv2/mobilenet_v2.tgz: 99%
[ 59%] /data/local/tmp/benchmark/models/classification/mobilenetv2/mobilenetv2/mobilenet_v2.tgz: 99%
[ 59%] /data/local/tmp/benchmark/models/classification/mobilenetv2/mobilenetv2/mobilenet_v2.tgz: 99%
[ 59%] /data/local/tmp/benchmark/models/classification/mobilenetv2/mobilenetv2/mobilenet_v2.tgz: 99%
[ 59%] /data/local/tmp/benchmark/models/classification/mobilenetv2/mobilenetv2/mobilenet_v2.tgz: 100%
[ 59%] /data/local/tmp/benchmark/models/classification/mobilenetv2/mobilenetv2/mobilenetv2_ncnn.bin: 0%
[ 59%] /data/local/tmp/benchmark/models/classification/mobilenetv2/mobilenetv2/mobilenetv2_ncnn.bin: 0%
[ 60%] /data/local/tmp/benchmark/models/classification/mobilenetv2/mobilenetv2/mobilenetv2_ncnn.bin: 1%
[ 60%] /data/local/tmp/benchmark/models/classification/mobilenetv2/mobilenetv2/mobilenetv2_ncnn.bin: 1%
[ 60%] /data/local/tmp/benchmark/models/classification/mobilenetv2/mobilenetv2/mobilenetv2_ncnn.bin: 2%
[ 60%] /data/local/tmp/benchmark/models/classification/mobilenetv2/mobilenetv2/mobilenetv2_ncnn.bin: 2%
[ 60%] /data/local/tmp/benchmark/models/classification/mobilenetv2/mobilenetv2/mobilenetv2_ncnn.bin: 3%
[ 60%] /data/local/tmp/benchmark/models/classification/mobilenetv2/mobilenetv2/mobilenetv2_ncnn.bin: 3%
[ 60%] /data/local/tmp/benchmark/models/classification/mobilenetv2/mobilenetv2/mobilenetv2_ncnn.bin: 4%
[ 60%] /data/local/tmp/benchmark/models/classification/mobilenetv2/mobilenetv2/mobilenetv2_ncnn.bin: 4%
[ 60%] /data/local/tmp/benchmark/models/classification/mobilenetv2/mobilenetv2/mobilenetv2_ncnn.bin: 5%
[ 60%] /data/local/tmp/benchmark/models/classification/mobilenetv2/mobilenetv2/mobilenetv2_ncnn.bin: 5%
[ 60%] /data/local/tmp/benchmark/models/classification/mobilenetv2/mobilenetv2/mobilenetv2_ncnn.bin: 6%
[ 60%] /data/local/tmp/benchmark/models/classification/mobilenetv2/mobilenetv2/mobilenetv2_ncnn.bin: 6%
[ 60%] /data/local/tmp/benchmark/models/classification/mobilenetv2/mobilenetv2/mobilenetv2_ncnn.bin: 7%
[ 60%] /data/local/tmp/benchmark/models/classification/mobilenetv2/mobilenetv2/mobilenetv2_ncnn.bin: 7%
[ 60%] /data/local/tmp/benchmark/models/classification/mobilenetv2/mobilenetv2/mobilenetv2_ncnn.bin: 7%
[ 60%] /data/local/tmp/benchmark/models/classification/mobilenetv2/mobilenetv2/mobilenetv2_ncnn.bin: 8%
[ 60%] /data/local/tmp/benchmark/models/classification/mobilenetv2/mobilenetv2/mobilenetv2_ncnn.bin: 8%
[ 60%] /data/local/tmp/benchmark/models/classification/mobilenetv2/mobilenetv2/mobilenetv2_ncnn.bin: 9%
[ 60%] /data/local/tmp/benchmark/models/classification/mobilenetv2/mobilenetv2/mobilenetv2_ncnn.bin: 9%
[ 60%] /data/local/tmp/benchmark/models/classification/mobilenetv2/mobilenetv2/mobilenetv2_ncnn.bin: 10%
[ 60%] /data/local/tmp/benchmark/models/classification/mobilenetv2/mobilenetv2/mobilenetv2_ncnn.bin: 10%
[ 60%] /data/local/tmp/benchmark/models/classification/mobilenetv2/mobilenetv2/mobilenetv2_ncnn.bin: 11%
[ 60%] /data/local/tmp/benchmark/models/classification/mobilenetv2/mobilenetv2/mobilenetv2_ncnn.bin: 11%
[ 60%] /data/local/tmp/benchmark/models/classification/mobilenetv2/mobilenetv2/mobilenetv2_ncnn.bin: 12%
[ 60%] /data/local/tmp/benchmark/models/classification/mobilenetv2/mobilenetv2/mobilenetv2_ncnn.bin: 12%
[ 60%] /data/local/tmp/benchmark/models/classification/mobilenetv2/mobilenetv2/mobilenetv2_ncnn.bin: 13%
[ 60%] /data/local/tmp/benchmark/models/classification/mobilenetv2/mobilenetv2/mobilenetv2_ncnn.bin: 13%
[ 60%] /data/local/tmp/benchmark/models/classification/mobilenetv2/mobilenetv2/mobilenetv2_ncnn.bin: 14%
[ 60%] /data/local/tmp/benchmark/models/classification/mobilenetv2/mobilenetv2/mobilenetv2_ncnn.bin: 14%
[ 60%] /data/local/tmp/benchmark/models/classification/mobilenetv2/mobilenetv2/mobilenetv2_ncnn.bin: 15%
[ 60%] /data/local/tmp/benchmark/models/classification/mobilenetv2/mobilenetv2/mobilenetv2_ncnn.bin: 15%
[ 60%] /data/local/tmp/benchmark/models/classification/mobilenetv2/mobilenetv2/mobilenetv2_ncnn.bin: 15%
[ 60%] /data/local/tmp/benchmark/models/classification/mobilenetv2/mobilenetv2/mobilenetv2_ncnn.bin: 16%
[ 60%] /data/local/tmp/benchmark/models/classification/mobilenetv2/mobilenetv2/mobilenetv2_ncnn.bin: 16%
[ 60%] /data/local/tmp/benchmark/models/classification/mobilenetv2/mobilenetv2/mobilenetv2_ncnn.bin: 17%
[ 60%] /data/local/tmp/benchmark/models/classification/mobilenetv2/mobilenetv2/mobilenetv2_ncnn.bin: 17%
[ 60%] /data/local/tmp/benchmark/models/classification/mobilenetv2/mobilenetv2/mobilenetv2_ncnn.bin: 18%
[ 60%] /data/local/tmp/benchmark/models/classification/mobilenetv2/mobilenetv2/mobilenetv2_ncnn.bin: 18%
[ 60%] /data/local/tmp/benchmark/models/classification/mobilenetv2/mobilenetv2/mobilenetv2_ncnn.bin: 19%
[ 60%] /data/local/tmp/benchmark/models/classification/mobilenetv2/mobilenetv2/mobilenetv2_ncnn.bin: 19%
[ 60%] /data/local/tmp/benchmark/models/classification/mobilenetv2/mobilenetv2/mobilenetv2_ncnn.bin: 20%
[ 60%] /data/local/tmp/benchmark/models/classification/mobilenetv2/mobilenetv2/mobilenetv2_ncnn.bin: 20%
[ 60%] /data/local/tmp/benchmark/models/classification/mobilenetv2/mobilenetv2/mobilenetv2_ncnn.bin: 21%
[ 60%] /data/local/tmp/benchmark/models/classification/mobilenetv2/mobilenetv2/mobilenetv2_ncnn.bin: 21%
[ 60%] /data/local/tmp/benchmark/models/classification/mobilenetv2/mobilenetv2/mobilenetv2_ncnn.bin: 22%
[ 60%] /data/local/tmp/benchmark/models/classification/mobilenetv2/mobilenetv2/mobilenetv2_ncnn.bin: 22%
[ 60%] /data/local/tmp/benchmark/models/classification/mobilenetv2/mobilenetv2/mobilenetv2_ncnn.bin: 23%
[ 60%] /data/local/tmp/benchmark/models/classification/mobilenetv2/mobilenetv2/mobilenetv2_ncnn.bin: 23%
[ 60%] /data/local/tmp/benchmark/models/classification/mobilenetv2/mobilenetv2/mobilenetv2_ncnn.bin: 23%
[ 61%] /data/local/tmp/benchmark/models/classification/mobilenetv2/mobilenetv2/mobilenetv2_ncnn.bin: 24%
[ 61%] /data/local/tmp/benchmark/models/classification/mobilenetv2/mobilenetv2/mobilenetv2_ncnn.bin: 24%
[ 61%] /data/local/tmp/benchmark/models/classification/mobilenetv2/mobilenetv2/mobilenetv2_ncnn.bin: 25%
[ 61%] /data/local/tmp/benchmark/models/classification/mobilenetv2/mobilenetv2/mobilenetv2_ncnn.bin: 25%
[ 61%] /data/local/tmp/benchmark/models/classification/mobilenetv2/mobilenetv2/mobilenetv2_ncnn.bin: 26%
[ 61%] /data/local/tmp/benchmark/models/classification/mobilenetv2/mobilenetv2/mobilenetv2_ncnn.bin: 26%
[ 61%] /data/local/tmp/benchmark/models/classification/mobilenetv2/mobilenetv2/mobilenetv2_ncnn.bin: 27%
[ 61%] /data/local/tmp/benchmark/models/classification/mobilenetv2/mobilenetv2/mobilenetv2_ncnn.bin: 27%
[ 61%] /data/local/tmp/benchmark/models/classification/mobilenetv2/mobilenetv2/mobilenetv2_ncnn.bin: 28%
[ 61%] /data/local/tmp/benchmark/models/classification/mobilenetv2/mobilenetv2/mobilenetv2_ncnn.bin: 28%
[ 61%] /data/local/tmp/benchmark/models/classification/mobilenetv2/mobilenetv2/mobilenetv2_ncnn.bin: 29%
[ 61%] /data/local/tmp/benchmark/models/classification/mobilenetv2/mobilenetv2/mobilenetv2_ncnn.bin: 29%
[ 61%] /data/local/tmp/benchmark/models/classification/mobilenetv2/mobilenetv2/mobilenetv2_ncnn.bin: 30%
[ 61%] /data/local/tmp/benchmark/models/classification/mobilenetv2/mobilenetv2/mobilenetv2_ncnn.bin: 30%
[ 61%] /data/local/tmp/benchmark/models/classification/mobilenetv2/mobilenetv2/mobilenetv2_ncnn.bin: 31%
[ 61%] /data/local/tmp/benchmark/models/classification/mobilenetv2/mobilenetv2/mobilenetv2_ncnn.bin: 31%
[ 61%] /data/local/tmp/benchmark/models/classification/mobilenetv2/mobilenetv2/mobilenetv2_ncnn.bin: 31%
[ 61%] /data/local/tmp/benchmark/models/classification/mobilenetv2/mobilenetv2/mobilenetv2_ncnn.bin: 32%
[ 61%] /data/local/tmp/benchmark/models/classification/mobilenetv2/mobilenetv2/mobilenetv2_ncnn.bin: 32%
[ 61%] /data/local/tmp/benchmark/models/classification/mobilenetv2/mobilenetv2/mobilenetv2_ncnn.bin: 33%
[ 61%] /data/local/tmp/benchmark/models/classification/mobilenetv2/mobilenetv2/mobilenetv2_ncnn.bin: 33%
[ 61%] /data/local/tmp/benchmark/models/classification/mobilenetv2/mobilenetv2/mobilenetv2_ncnn.bin: 34%
[ 61%] /data/local/tmp/benchmark/models/classification/mobilenetv2/mobilenetv2/mobilenetv2_ncnn.bin: 34%
[ 61%] /data/local/tmp/benchmark/models/classification/mobilenetv2/mobilenetv2/mobilenetv2_ncnn.bin: 35%
[ 61%] /data/local/tmp/benchmark/models/classification/mobilenetv2/mobilenetv2/mobilenetv2_ncnn.bin: 35%
[ 61%] /data/local/tmp/benchmark/models/classification/mobilenetv2/mobilenetv2/mobilenetv2_ncnn.bin: 36%
[ 61%] /data/local/tmp/benchmark/models/classification/mobilenetv2/mobilenetv2/mobilenetv2_ncnn.bin: 36%
[ 61%] /data/local/tmp/benchmark/models/classification/mobilenetv2/mobilenetv2/mobilenetv2_ncnn.bin: 37%
[ 61%] /data/local/tmp/benchmark/models/classification/mobilenetv2/mobilenetv2/mobilenetv2_ncnn.bin: 37%
[ 61%] /data/local/tmp/benchmark/models/classification/mobilenetv2/mobilenetv2/mobilenetv2_ncnn.bin: 38%
[ 61%] /data/local/tmp/benchmark/models/classification/mobilenetv2/mobilenetv2/mobilenetv2_ncnn.bin: 38%
[ 61%] /data/local/tmp/benchmark/models/classification/mobilenetv2/mobilenetv2/mobilenetv2_ncnn.bin: 38%
[ 61%] /data/local/tmp/benchmark/models/classification/mobilenetv2/mobilenetv2/mobilenetv2_ncnn.bin: 39%
[ 61%] /data/local/tmp/benchmark/models/classification/mobilenetv2/mobilenetv2/mobilenetv2_ncnn.bin: 39%
[ 61%] /data/local/tmp/benchmark/models/classification/mobilenetv2/mobilenetv2/mobilenetv2_ncnn.bin: 40%
[ 61%] /data/local/tmp/benchmark/models/classification/mobilenetv2/mobilenetv2/mobilenetv2_ncnn.bin: 40%
[ 61%] /data/local/tmp/benchmark/models/classification/mobilenetv2/mobilenetv2/mobilenetv2_ncnn.bin: 41%
[ 61%] /data/local/tmp/benchmark/models/classification/mobilenetv2/mobilenetv2/mobilenetv2_ncnn.bin: 41%
[ 61%] /data/local/tmp/benchmark/models/classification/mobilenetv2/mobilenetv2/mobilenetv2_ncnn.bin: 42%
[ 61%] /data/local/tmp/benchmark/models/classification/mobilenetv2/mobilenetv2/mobilenetv2_ncnn.bin: 42%
[ 61%] /data/local/tmp/benchmark/models/classification/mobilenetv2/mobilenetv2/mobilenetv2_ncnn.bin: 43%
[ 61%] /data/local/tmp/benchmark/models/classification/mobilenetv2/mobilenetv2/mobilenetv2_ncnn.bin: 43%
[ 61%] /data/local/tmp/benchmark/models/classification/mobilenetv2/mobilenetv2/mobilenetv2_ncnn.bin: 44%
[ 61%] /data/local/tmp/benchmark/models/classification/mobilenetv2/mobilenetv2/mobilenetv2_ncnn.bin: 44%
[ 61%] /data/local/tmp/benchmark/models/classification/mobilenetv2/mobilenetv2/mobilenetv2_ncnn.bin: 45%
[ 61%] /data/local/tmp/benchmark/models/classification/mobilenetv2/mobilenetv2/mobilenetv2_ncnn.bin: 45%
[ 61%] /data/local/tmp/benchmark/models/classification/mobilenetv2/mobilenetv2/mobilenetv2_ncnn.bin: 46%
[ 61%] /data/local/tmp/benchmark/models/classification/mobilenetv2/mobilenetv2/mobilenetv2_ncnn.bin: 46%
[ 62%] /data/local/tmp/benchmark/models/classification/mobilenetv2/mobilenetv2/mobilenetv2_ncnn.bin: 46%
[ 62%] /data/local/tmp/benchmark/models/classification/mobilenetv2/mobilenetv2/mobilenetv2_ncnn.bin: 47%
[ 62%] /data/local/tmp/benchmark/models/classification/mobilenetv2/mobilenetv2/mobilenetv2_ncnn.bin: 47%
[ 62%] /data/local/tmp/benchmark/models/classification/mobilenetv2/mobilenetv2/mobilenetv2_ncnn.bin: 48%
[ 62%] /data/local/tmp/benchmark/models/classification/mobilenetv2/mobilenetv2/mobilenetv2_ncnn.bin: 48%
[ 62%] /data/local/tmp/benchmark/models/classification/mobilenetv2/mobilenetv2/mobilenetv2_ncnn.bin: 49%
[ 62%] /data/local/tmp/benchmark/models/classification/mobilenetv2/mobilenetv2/mobilenetv2_ncnn.bin: 49%
[ 62%] /data/local/tmp/benchmark/models/classification/mobilenetv2/mobilenetv2/mobilenetv2_ncnn.bin: 50%
[ 62%] /data/local/tmp/benchmark/models/classification/mobilenetv2/mobilenetv2/mobilenetv2_ncnn.bin: 50%
[ 62%] /data/local/tmp/benchmark/models/classification/mobilenetv2/mobilenetv2/mobilenetv2_ncnn.bin: 51%
[ 62%] /data/local/tmp/benchmark/models/classification/mobilenetv2/mobilenetv2/mobilenetv2_ncnn.bin: 51%
[ 62%] /data/local/tmp/benchmark/models/classification/mobilenetv2/mobilenetv2/mobilenetv2_ncnn.bin: 52%
[ 62%] /data/local/tmp/benchmark/models/classification/mobilenetv2/mobilenetv2/mobilenetv2_ncnn.bin: 52%
[ 62%] /data/local/tmp/benchmark/models/classification/mobilenetv2/mobilenetv2/mobilenetv2_ncnn.bin: 53%
[ 62%] /data/local/tmp/benchmark/models/classification/mobilenetv2/mobilenetv2/mobilenetv2_ncnn.bin: 53%
[ 62%] /data/local/tmp/benchmark/models/classification/mobilenetv2/mobilenetv2/mobilenetv2_ncnn.bin: 54%
[ 62%] /data/local/tmp/benchmark/models/classification/mobilenetv2/mobilenetv2/mobilenetv2_ncnn.bin: 54%
[ 62%] /data/local/tmp/benchmark/models/classification/mobilenetv2/mobilenetv2/mobilenetv2_ncnn.bin: 54%
[ 62%] /data/local/tmp/benchmark/models/classification/mobilenetv2/mobilenetv2/mobilenetv2_ncnn.bin: 55%
[ 62%] /data/local/tmp/benchmark/models/classification/mobilenetv2/mobilenetv2/mobilenetv2_ncnn.bin: 55%
[ 62%] /data/local/tmp/benchmark/models/classification/mobilenetv2/mobilenetv2/mobilenetv2_ncnn.bin: 56%
[ 62%] /data/local/tmp/benchmark/models/classification/mobilenetv2/mobilenetv2/mobilenetv2_ncnn.bin: 56%
[ 62%] /data/local/tmp/benchmark/models/classification/mobilenetv2/mobilenetv2/mobilenetv2_ncnn.bin: 57%
[ 62%] /data/local/tmp/benchmark/models/classification/mobilenetv2/mobilenetv2/mobilenetv2_ncnn.bin: 57%
[ 62%] /data/local/tmp/benchmark/models/classification/mobilenetv2/mobilenetv2/mobilenetv2_ncnn.bin: 58%
[ 62%] /data/local/tmp/benchmark/models/classification/mobilenetv2/mobilenetv2/mobilenetv2_ncnn.bin: 58%
[ 62%] /data/local/tmp/benchmark/models/classification/mobilenetv2/mobilenetv2/mobilenetv2_ncnn.bin: 59%
[ 62%] /data/local/tmp/benchmark/models/classification/mobilenetv2/mobilenetv2/mobilenetv2_ncnn.bin: 59%
[ 62%] /data/local/tmp/benchmark/models/classification/mobilenetv2/mobilenetv2/mobilenetv2_ncnn.bin: 60%
[ 62%] /data/local/tmp/benchmark/models/classification/mobilenetv2/mobilenetv2/mobilenetv2_ncnn.bin: 60%
[ 62%] /data/local/tmp/benchmark/models/classification/mobilenetv2/mobilenetv2/mobilenetv2_ncnn.bin: 61%
[ 62%] /data/local/tmp/benchmark/models/classification/mobilenetv2/mobilenetv2/mobilenetv2_ncnn.bin: 61%
[ 62%] /data/local/tmp/benchmark/models/classification/mobilenetv2/mobilenetv2/mobilenetv2_ncnn.bin: 62%
[ 62%] /data/local/tmp/benchmark/models/classification/mobilenetv2/mobilenetv2/mobilenetv2_ncnn.bin: 62%
[ 62%] /data/local/tmp/benchmark/models/classification/mobilenetv2/mobilenetv2/mobilenetv2_ncnn.bin: 62%
[ 62%] /data/local/tmp/benchmark/models/classification/mobilenetv2/mobilenetv2/mobilenetv2_ncnn.bin: 63%
[ 62%] /data/local/tmp/benchmark/models/classification/mobilenetv2/mobilenetv2/mobilenetv2_ncnn.bin: 63%
[ 62%] /data/local/tmp/benchmark/models/classification/mobilenetv2/mobilenetv2/mobilenetv2_ncnn.bin: 64%
[ 62%] /data/local/tmp/benchmark/models/classification/mobilenetv2/mobilenetv2/mobilenetv2_ncnn.bin: 64%
[ 62%] /data/local/tmp/benchmark/models/classification/mobilenetv2/mobilenetv2/mobilenetv2_ncnn.bin: 65%
[ 62%] /data/local/tmp/benchmark/models/classification/mobilenetv2/mobilenetv2/mobilenetv2_ncnn.bin: 65%
[ 62%] /data/local/tmp/benchmark/models/classification/mobilenetv2/mobilenetv2/mobilenetv2_ncnn.bin: 66%
[ 62%] /data/local/tmp/benchmark/models/classification/mobilenetv2/mobilenetv2/mobilenetv2_ncnn.bin: 66%
[ 62%] /data/local/tmp/benchmark/models/classification/mobilenetv2/mobilenetv2/mobilenetv2_ncnn.bin: 67%
[ 62%] /data/local/tmp/benchmark/models/classification/mobilenetv2/mobilenetv2/mobilenetv2_ncnn.bin: 67%
[ 62%] /data/local/tmp/benchmark/models/classification/mobilenetv2/mobilenetv2/mobilenetv2_ncnn.bin: 68%
[ 62%] /data/local/tmp/benchmark/models/classification/mobilenetv2/mobilenetv2/mobilenetv2_ncnn.bin: 68%
[ 62%] /data/local/tmp/benchmark/models/classification/mobilenetv2/mobilenetv2/mobilenetv2_ncnn.bin: 69%
[ 63%] /data/local/tmp/benchmark/models/classification/mobilenetv2/mobilenetv2/mobilenetv2_ncnn.bin: 69%
[ 63%] /data/local/tmp/benchmark/models/classification/mobilenetv2/mobilenetv2/mobilenetv2_ncnn.bin: 69%
[ 63%] /data/local/tmp/benchmark/models/classification/mobilenetv2/mobilenetv2/mobilenetv2_ncnn.bin: 70%
[ 63%] /data/local/tmp/benchmark/models/classification/mobilenetv2/mobilenetv2/mobilenetv2_ncnn.bin: 70%
[ 63%] /data/local/tmp/benchmark/models/classification/mobilenetv2/mobilenetv2/mobilenetv2_ncnn.bin: 71%
[ 63%] /data/local/tmp/benchmark/models/classification/mobilenetv2/mobilenetv2/mobilenetv2_ncnn.bin: 71%
[ 63%] /data/local/tmp/benchmark/models/classification/mobilenetv2/mobilenetv2/mobilenetv2_ncnn.bin: 72%
[ 63%] /data/local/tmp/benchmark/models/classification/mobilenetv2/mobilenetv2/mobilenetv2_ncnn.bin: 72%
[ 63%] /data/local/tmp/benchmark/models/classification/mobilenetv2/mobilenetv2/mobilenetv2_ncnn.bin: 73%
[ 63%] /data/local/tmp/benchmark/models/classification/mobilenetv2/mobilenetv2/mobilenetv2_ncnn.bin: 73%
[ 63%] /data/local/tmp/benchmark/models/classification/mobilenetv2/mobilenetv2/mobilenetv2_ncnn.bin: 74%
[ 63%] /data/local/tmp/benchmark/models/classification/mobilenetv2/mobilenetv2/mobilenetv2_ncnn.bin: 74%
[ 63%] /data/local/tmp/benchmark/models/classification/mobilenetv2/mobilenetv2/mobilenetv2_ncnn.bin: 75%
[ 63%] /data/local/tmp/benchmark/models/classification/mobilenetv2/mobilenetv2/mobilenetv2_ncnn.bin: 75%
[ 63%] /data/local/tmp/benchmark/models/classification/mobilenetv2/mobilenetv2/mobilenetv2_ncnn.bin: 76%
[ 63%] /data/local/tmp/benchmark/models/classification/mobilenetv2/mobilenetv2/mobilenetv2_ncnn.bin: 76%
[ 63%] /data/local/tmp/benchmark/models/classification/mobilenetv2/mobilenetv2/mobilenetv2_ncnn.bin: 77%
[ 63%] /data/local/tmp/benchmark/models/classification/mobilenetv2/mobilenetv2/mobilenetv2_ncnn.bin: 77%
[ 63%] /data/local/tmp/benchmark/models/classification/mobilenetv2/mobilenetv2/mobilenetv2_ncnn.bin: 77%
[ 63%] /data/local/tmp/benchmark/models/classification/mobilenetv2/mobilenetv2/mobilenetv2_ncnn.bin: 78%
[ 63%] /data/local/tmp/benchmark/models/classification/mobilenetv2/mobilenetv2/mobilenetv2_ncnn.bin: 78%
[ 63%] /data/local/tmp/benchmark/models/classification/mobilenetv2/mobilenetv2/mobilenetv2_ncnn.bin: 79%
[ 63%] /data/local/tmp/benchmark/models/classification/mobilenetv2/mobilenetv2/mobilenetv2_ncnn.bin: 79%
[ 63%] /data/local/tmp/benchmark/models/classification/mobilenetv2/mobilenetv2/mobilenetv2_ncnn.bin: 80%
[ 63%] /data/local/tmp/benchmark/models/classification/mobilenetv2/mobilenetv2/mobilenetv2_ncnn.bin: 80%
[ 63%] /data/local/tmp/benchmark/models/classification/mobilenetv2/mobilenetv2/mobilenetv2_ncnn.bin: 81%
[ 63%] /data/local/tmp/benchmark/models/classification/mobilenetv2/mobilenetv2/mobilenetv2_ncnn.bin: 81%
[ 63%] /data/local/tmp/benchmark/models/classification/mobilenetv2/mobilenetv2/mobilenetv2_ncnn.bin: 82%
[ 63%] /data/local/tmp/benchmark/models/classification/mobilenetv2/mobilenetv2/mobilenetv2_ncnn.bin: 82%
[ 63%] /data/local/tmp/benchmark/models/classification/mobilenetv2/mobilenetv2/mobilenetv2_ncnn.bin: 83%
[ 63%] /data/local/tmp/benchmark/models/classification/mobilenetv2/mobilenetv2/mobilenetv2_ncnn.bin: 83%
[ 63%] /data/local/tmp/benchmark/models/classification/mobilenetv2/mobilenetv2/mobilenetv2_ncnn.bin: 84%
[ 63%] /data/local/tmp/benchmark/models/classification/mobilenetv2/mobilenetv2/mobilenetv2_ncnn.bin: 84%
[ 63%] /data/local/tmp/benchmark/models/classification/mobilenetv2/mobilenetv2/mobilenetv2_ncnn.bin: 85%
[ 63%] /data/local/tmp/benchmark/models/classification/mobilenetv2/mobilenetv2/mobilenetv2_ncnn.bin: 85%
[ 63%] /data/local/tmp/benchmark/models/classification/mobilenetv2/mobilenetv2/mobilenetv2_ncnn.bin: 85%
[ 63%] /data/local/tmp/benchmark/models/classification/mobilenetv2/mobilenetv2/mobilenetv2_ncnn.bin: 86%
[ 63%] /data/local/tmp/benchmark/models/classification/mobilenetv2/mobilenetv2/mobilenetv2_ncnn.bin: 86%
[ 63%] /data/local/tmp/benchmark/models/classification/mobilenetv2/mobilenetv2/mobilenetv2_ncnn.bin: 87%
[ 63%] /data/local/tmp/benchmark/models/classification/mobilenetv2/mobilenetv2/mobilenetv2_ncnn.bin: 87%
[ 63%] /data/local/tmp/benchmark/models/classification/mobilenetv2/mobilenetv2/mobilenetv2_ncnn.bin: 88%
[ 63%] /data/local/tmp/benchmark/models/classification/mobilenetv2/mobilenetv2/mobilenetv2_ncnn.bin: 88%
[ 63%] /data/local/tmp/benchmark/models/classification/mobilenetv2/mobilenetv2/mobilenetv2_ncnn.bin: 89%
[ 63%] /data/local/tmp/benchmark/models/classification/mobilenetv2/mobilenetv2/mobilenetv2_ncnn.bin: 89%
[ 63%] /data/local/tmp/benchmark/models/classification/mobilenetv2/mobilenetv2/mobilenetv2_ncnn.bin: 90%
[ 63%] /data/local/tmp/benchmark/models/classification/mobilenetv2/mobilenetv2/mobilenetv2_ncnn.bin: 90%
[ 63%] /data/local/tmp/benchmark/models/classification/mobilenetv2/mobilenetv2/mobilenetv2_ncnn.bin: 91%
[ 63%] /data/local/tmp/benchmark/models/classification/mobilenetv2/mobilenetv2/mobilenetv2_ncnn.bin: 91%
[ 63%] /data/local/tmp/benchmark/models/classification/mobilenetv2/mobilenetv2/mobilenetv2_ncnn.bin: 92%
[ 64%] /data/local/tmp/benchmark/models/classification/mobilenetv2/mobilenetv2/mobilenetv2_ncnn.bin: 92%
[ 64%] /data/local/tmp/benchmark/models/classification/mobilenetv2/mobilenetv2/mobilenetv2_ncnn.bin: 93%
[ 64%] /data/local/tmp/benchmark/models/classification/mobilenetv2/mobilenetv2/mobilenetv2_ncnn.bin: 93%
[ 64%] /data/local/tmp/benchmark/models/classification/mobilenetv2/mobilenetv2/mobilenetv2_ncnn.bin: 93%
[ 64%] /data/local/tmp/benchmark/models/classification/mobilenetv2/mobilenetv2/mobilenetv2_ncnn.bin: 94%
[ 64%] /data/local/tmp/benchmark/models/classification/mobilenetv2/mobilenetv2/mobilenetv2_ncnn.bin: 94%
[ 64%] /data/local/tmp/benchmark/models/classification/mobilenetv2/mobilenetv2/mobilenetv2_ncnn.bin: 95%
[ 64%] /data/local/tmp/benchmark/models/classification/mobilenetv2/mobilenetv2/mobilenetv2_ncnn.bin: 95%
[ 64%] /data/local/tmp/benchmark/models/classification/mobilenetv2/mobilenetv2/mobilenetv2_ncnn.bin: 96%
[ 64%] /data/local/tmp/benchmark/models/classification/mobilenetv2/mobilenetv2/mobilenetv2_ncnn.bin: 96%
[ 64%] /data/local/tmp/benchmark/models/classification/mobilenetv2/mobilenetv2/mobilenetv2_ncnn.bin: 97%
[ 64%] /data/local/tmp/benchmark/models/classification/mobilenetv2/mobilenetv2/mobilenetv2_ncnn.bin: 97%
[ 64%] /data/local/tmp/benchmark/models/classification/mobilenetv2/mobilenetv2/mobilenetv2_ncnn.bin: 98%
[ 64%] /data/local/tmp/benchmark/models/classification/mobilenetv2/mobilenetv2/mobilenetv2_ncnn.bin: 98%
[ 64%] /data/local/tmp/benchmark/models/classification/mobilenetv2/mobilenetv2/mobilenetv2_ncnn.bin: 99%
[ 64%] /data/local/tmp/benchmark/models/classification/mobilenetv2/mobilenetv2/mobilenetv2_ncnn.bin: 99%
[ 64%] /data/local/tmp/benchmark/models/classification/mobilenetv2/mobilenetv2/mobilenetv2_ncnn.bin: 100%
[ 64%] /data/local/tmp/benchmark/models/classification/mobilenetv2/mobilenetv2/mobilenetv2.pnnx.bin: 0%
[ 64%] /data/local/tmp/benchmark/models/classification/mobilenetv2/mobilenetv2/mobilenetv2.pnnx.bin: 0%
[ 64%] /data/local/tmp/benchmark/models/classification/mobilenetv2/mobilenetv2/mobilenetv2.pnnx.bin: 1%
[ 64%] /data/local/tmp/benchmark/models/classification/mobilenetv2/mobilenetv2/mobilenetv2.pnnx.bin: 1%
[ 64%] /data/local/tmp/benchmark/models/classification/mobilenetv2/mobilenetv2/mobilenetv2.pnnx.bin: 2%
[ 64%] /data/local/tmp/benchmark/models/classification/mobilenetv2/mobilenetv2/mobilenetv2.pnnx.bin: 2%
[ 64%] /data/local/tmp/benchmark/models/classification/mobilenetv2/mobilenetv2/mobilenetv2.pnnx.bin: 3%
[ 64%] /data/local/tmp/benchmark/models/classification/mobilenetv2/mobilenetv2/mobilenetv2.pnnx.bin: 3%
[ 64%] /data/local/tmp/benchmark/models/classification/mobilenetv2/mobilenetv2/mobilenetv2.pnnx.bin: 4%
[ 64%] /data/local/tmp/benchmark/models/classification/mobilenetv2/mobilenetv2/mobilenetv2.pnnx.bin: 4%
[ 64%] /data/local/tmp/benchmark/models/classification/mobilenetv2/mobilenetv2/mobilenetv2.pnnx.bin: 5%
[ 64%] /data/local/tmp/benchmark/models/classification/mobilenetv2/mobilenetv2/mobilenetv2.pnnx.bin: 5%
[ 64%] /data/local/tmp/benchmark/models/classification/mobilenetv2/mobilenetv2/mobilenetv2.pnnx.bin: 6%
[ 64%] /data/local/tmp/benchmark/models/classification/mobilenetv2/mobilenetv2/mobilenetv2.pnnx.bin: 6%
[ 64%] /data/local/tmp/benchmark/models/classification/mobilenetv2/mobilenetv2/mobilenetv2.pnnx.bin: 7%
[ 64%] /data/local/tmp/benchmark/models/classification/mobilenetv2/mobilenetv2/mobilenetv2.pnnx.bin: 7%
[ 64%] /data/local/tmp/benchmark/models/classification/mobilenetv2/mobilenetv2/mobilenetv2.pnnx.bin: 7%
[ 64%] /data/local/tmp/benchmark/models/classification/mobilenetv2/mobilenetv2/mobilenetv2.pnnx.bin: 8%
[ 64%] /data/local/tmp/benchmark/models/classification/mobilenetv2/mobilenetv2/mobilenetv2.pnnx.bin: 8%
[ 64%] /data/local/tmp/benchmark/models/classification/mobilenetv2/mobilenetv2/mobilenetv2.pnnx.bin: 9%
[ 64%] /data/local/tmp/benchmark/models/classification/mobilenetv2/mobilenetv2/mobilenetv2.pnnx.bin: 9%
[ 64%] /data/local/tmp/benchmark/models/classification/mobilenetv2/mobilenetv2/mobilenetv2.pnnx.bin: 10%
[ 64%] /data/local/tmp/benchmark/models/classification/mobilenetv2/mobilenetv2/mobilenetv2.pnnx.bin: 10%
[ 64%] /data/local/tmp/benchmark/models/classification/mobilenetv2/mobilenetv2/mobilenetv2.pnnx.bin: 11%
[ 64%] /data/local/tmp/benchmark/models/classification/mobilenetv2/mobilenetv2/mobilenetv2.pnnx.bin: 11%
[ 64%] /data/local/tmp/benchmark/models/classification/mobilenetv2/mobilenetv2/mobilenetv2.pnnx.bin: 12%
[ 64%] /data/local/tmp/benchmark/models/classification/mobilenetv2/mobilenetv2/mobilenetv2.pnnx.bin: 12%
[ 64%] /data/local/tmp/benchmark/models/classification/mobilenetv2/mobilenetv2/mobilenetv2.pnnx.bin: 13%
[ 64%] /data/local/tmp/benchmark/models/classification/mobilenetv2/mobilenetv2/mobilenetv2.pnnx.bin: 13%
[ 64%] /data/local/tmp/benchmark/models/classification/mobilenetv2/mobilenetv2/mobilenetv2.pnnx.bin: 14%
[ 64%] /data/local/tmp/benchmark/models/classification/mobilenetv2/mobilenetv2/mobilenetv2.pnnx.bin: 14%
[ 65%] /data/local/tmp/benchmark/models/classification/mobilenetv2/mobilenetv2/mobilenetv2.pnnx.bin: 15%
[ 65%] /data/local/tmp/benchmark/models/classification/mobilenetv2/mobilenetv2/mobilenetv2.pnnx.bin: 15%
[ 65%] /data/local/tmp/benchmark/models/classification/mobilenetv2/mobilenetv2/mobilenetv2.pnnx.bin: 15%
[ 65%] /data/local/tmp/benchmark/models/classification/mobilenetv2/mobilenetv2/mobilenetv2.pnnx.bin: 16%
[ 65%] /data/local/tmp/benchmark/models/classification/mobilenetv2/mobilenetv2/mobilenetv2.pnnx.bin: 16%
[ 65%] /data/local/tmp/benchmark/models/classification/mobilenetv2/mobilenetv2/mobilenetv2.pnnx.bin: 17%
[ 65%] /data/local/tmp/benchmark/models/classification/mobilenetv2/mobilenetv2/mobilenetv2.pnnx.bin: 17%
[ 65%] /data/local/tmp/benchmark/models/classification/mobilenetv2/mobilenetv2/mobilenetv2.pnnx.bin: 18%
[ 65%] /data/local/tmp/benchmark/models/classification/mobilenetv2/mobilenetv2/mobilenetv2.pnnx.bin: 18%
[ 65%] /data/local/tmp/benchmark/models/classification/mobilenetv2/mobilenetv2/mobilenetv2.pnnx.bin: 19%
[ 65%] /data/local/tmp/benchmark/models/classification/mobilenetv2/mobilenetv2/mobilenetv2.pnnx.bin: 19%
[ 65%] /data/local/tmp/benchmark/models/classification/mobilenetv2/mobilenetv2/mobilenetv2.pnnx.bin: 20%
[ 65%] /data/local/tmp/benchmark/models/classification/mobilenetv2/mobilenetv2/mobilenetv2.pnnx.bin: 20%
[ 65%] /data/local/tmp/benchmark/models/classification/mobilenetv2/mobilenetv2/mobilenetv2.pnnx.bin: 21%
[ 65%] /data/local/tmp/benchmark/models/classification/mobilenetv2/mobilenetv2/mobilenetv2.pnnx.bin: 21%
[ 65%] /data/local/tmp/benchmark/models/classification/mobilenetv2/mobilenetv2/mobilenetv2.pnnx.bin: 22%
[ 65%] /data/local/tmp/benchmark/models/classification/mobilenetv2/mobilenetv2/mobilenetv2.pnnx.bin: 22%
[ 65%] /data/local/tmp/benchmark/models/classification/mobilenetv2/mobilenetv2/mobilenetv2.pnnx.bin: 22%
[ 65%] /data/local/tmp/benchmark/models/classification/mobilenetv2/mobilenetv2/mobilenetv2.pnnx.bin: 23%
[ 65%] /data/local/tmp/benchmark/models/classification/mobilenetv2/mobilenetv2/mobilenetv2.pnnx.bin: 23%
[ 65%] /data/local/tmp/benchmark/models/classification/mobilenetv2/mobilenetv2/mobilenetv2.pnnx.bin: 24%
[ 65%] /data/local/tmp/benchmark/models/classification/mobilenetv2/mobilenetv2/mobilenetv2.pnnx.bin: 24%
[ 65%] /data/local/tmp/benchmark/models/classification/mobilenetv2/mobilenetv2/mobilenetv2.pnnx.bin: 25%
[ 65%] /data/local/tmp/benchmark/models/classification/mobilenetv2/mobilenetv2/mobilenetv2.pnnx.bin: 25%
[ 65%] /data/local/tmp/benchmark/models/classification/mobilenetv2/mobilenetv2/mobilenetv2.pnnx.bin: 26%
[ 65%] /data/local/tmp/benchmark/models/classification/mobilenetv2/mobilenetv2/mobilenetv2.pnnx.bin: 26%
[ 65%] /data/local/tmp/benchmark/models/classification/mobilenetv2/mobilenetv2/mobilenetv2.pnnx.bin: 27%
[ 65%] /data/local/tmp/benchmark/models/classification/mobilenetv2/mobilenetv2/mobilenetv2.pnnx.bin: 27%
[ 65%] /data/local/tmp/benchmark/models/classification/mobilenetv2/mobilenetv2/mobilenetv2.pnnx.bin: 28%
[ 65%] /data/local/tmp/benchmark/models/classification/mobilenetv2/mobilenetv2/mobilenetv2.pnnx.bin: 28%
[ 65%] /data/local/tmp/benchmark/models/classification/mobilenetv2/mobilenetv2/mobilenetv2.pnnx.bin: 29%
[ 65%] /data/local/tmp/benchmark/models/classification/mobilenetv2/mobilenetv2/mobilenetv2.pnnx.bin: 29%
[ 65%] /data/local/tmp/benchmark/models/classification/mobilenetv2/mobilenetv2/mobilenetv2.pnnx.bin: 30%
[ 65%] /data/local/tmp/benchmark/models/classification/mobilenetv2/mobilenetv2/mobilenetv2.pnnx.bin: 30%
[ 65%] /data/local/tmp/benchmark/models/classification/mobilenetv2/mobilenetv2/mobilenetv2.pnnx.bin: 30%
[ 65%] /data/local/tmp/benchmark/models/classification/mobilenetv2/mobilenetv2/mobilenetv2.pnnx.bin: 31%
[ 65%] /data/local/tmp/benchmark/models/classification/mobilenetv2/mobilenetv2/mobilenetv2.pnnx.bin: 31%
[ 65%] /data/local/tmp/benchmark/models/classification/mobilenetv2/mobilenetv2/mobilenetv2.pnnx.bin: 32%
[ 65%] /data/local/tmp/benchmark/models/classification/mobilenetv2/mobilenetv2/mobilenetv2.pnnx.bin: 32%
[ 65%] /data/local/tmp/benchmark/models/classification/mobilenetv2/mobilenetv2/mobilenetv2.pnnx.bin: 33%
[ 65%] /data/local/tmp/benchmark/models/classification/mobilenetv2/mobilenetv2/mobilenetv2.pnnx.bin: 33%
[ 65%] /data/local/tmp/benchmark/models/classification/mobilenetv2/mobilenetv2/mobilenetv2.pnnx.bin: 34%
[ 65%] /data/local/tmp/benchmark/models/classification/mobilenetv2/mobilenetv2/mobilenetv2.pnnx.bin: 34%
[ 65%] /data/local/tmp/benchmark/models/classification/mobilenetv2/mobilenetv2/mobilenetv2.pnnx.bin: 35%
[ 65%] /data/local/tmp/benchmark/models/classification/mobilenetv2/mobilenetv2/mobilenetv2.pnnx.bin: 35%
[ 65%] /data/local/tmp/benchmark/models/classification/mobilenetv2/mobilenetv2/mobilenetv2.pnnx.bin: 36%
[ 65%] /data/local/tmp/benchmark/models/classification/mobilenetv2/mobilenetv2/mobilenetv2.pnnx.bin: 36%
[ 65%] /data/local/tmp/benchmark/models/classification/mobilenetv2/mobilenetv2/mobilenetv2.pnnx.bin: 37%
[ 65%] /data/local/tmp/benchmark/models/classification/mobilenetv2/mobilenetv2/mobilenetv2.pnnx.bin: 37%
[ 66%] /data/local/tmp/benchmark/models/classification/mobilenetv2/mobilenetv2/mobilenetv2.pnnx.bin: 37%
[ 66%] /data/local/tmp/benchmark/models/classification/mobilenetv2/mobilenetv2/mobilenetv2.pnnx.bin: 38%
[ 66%] /data/local/tmp/benchmark/models/classification/mobilenetv2/mobilenetv2/mobilenetv2.pnnx.bin: 38%
[ 66%] /data/local/tmp/benchmark/models/classification/mobilenetv2/mobilenetv2/mobilenetv2.pnnx.bin: 39%
[ 66%] /data/local/tmp/benchmark/models/classification/mobilenetv2/mobilenetv2/mobilenetv2.pnnx.bin: 39%
[ 66%] /data/local/tmp/benchmark/models/classification/mobilenetv2/mobilenetv2/mobilenetv2.pnnx.bin: 40%
[ 66%] /data/local/tmp/benchmark/models/classification/mobilenetv2/mobilenetv2/mobilenetv2.pnnx.bin: 40%
[ 66%] /data/local/tmp/benchmark/models/classification/mobilenetv2/mobilenetv2/mobilenetv2.pnnx.bin: 41%
[ 66%] /data/local/tmp/benchmark/models/classification/mobilenetv2/mobilenetv2/mobilenetv2.pnnx.bin: 41%
[ 66%] /data/local/tmp/benchmark/models/classification/mobilenetv2/mobilenetv2/mobilenetv2.pnnx.bin: 42%
[ 66%] /data/local/tmp/benchmark/models/classification/mobilenetv2/mobilenetv2/mobilenetv2.pnnx.bin: 42%
[ 66%] /data/local/tmp/benchmark/models/classification/mobilenetv2/mobilenetv2/mobilenetv2.pnnx.bin: 43%
[ 66%] /data/local/tmp/benchmark/models/classification/mobilenetv2/mobilenetv2/mobilenetv2.pnnx.bin: 43%
[ 66%] /data/local/tmp/benchmark/models/classification/mobilenetv2/mobilenetv2/mobilenetv2.pnnx.bin: 44%
[ 66%] /data/local/tmp/benchmark/models/classification/mobilenetv2/mobilenetv2/mobilenetv2.pnnx.bin: 44%
[ 66%] /data/local/tmp/benchmark/models/classification/mobilenetv2/mobilenetv2/mobilenetv2.pnnx.bin: 45%
[ 66%] /data/local/tmp/benchmark/models/classification/mobilenetv2/mobilenetv2/mobilenetv2.pnnx.bin: 45%
[ 66%] /data/local/tmp/benchmark/models/classification/mobilenetv2/mobilenetv2/mobilenetv2.pnnx.bin: 45%
[ 66%] /data/local/tmp/benchmark/models/classification/mobilenetv2/mobilenetv2/mobilenetv2.pnnx.bin: 46%
[ 66%] /data/local/tmp/benchmark/models/classification/mobilenetv2/mobilenetv2/mobilenetv2.pnnx.bin: 46%
[ 66%] /data/local/tmp/benchmark/models/classification/mobilenetv2/mobilenetv2/mobilenetv2.pnnx.bin: 47%
[ 66%] /data/local/tmp/benchmark/models/classification/mobilenetv2/mobilenetv2/mobilenetv2.pnnx.bin: 47%
[ 66%] /data/local/tmp/benchmark/models/classification/mobilenetv2/mobilenetv2/mobilenetv2.pnnx.bin: 48%
[ 66%] /data/local/tmp/benchmark/models/classification/mobilenetv2/mobilenetv2/mobilenetv2.pnnx.bin: 48%
[ 66%] /data/local/tmp/benchmark/models/classification/mobilenetv2/mobilenetv2/mobilenetv2.pnnx.bin: 49%
[ 66%] /data/local/tmp/benchmark/models/classification/mobilenetv2/mobilenetv2/mobilenetv2.pnnx.bin: 49%
[ 66%] /data/local/tmp/benchmark/models/classification/mobilenetv2/mobilenetv2/mobilenetv2.pnnx.bin: 50%
[ 66%] /data/local/tmp/benchmark/models/classification/mobilenetv2/mobilenetv2/mobilenetv2.pnnx.bin: 50%
[ 66%] /data/local/tmp/benchmark/models/classification/mobilenetv2/mobilenetv2/mobilenetv2.pnnx.bin: 51%
[ 66%] /data/local/tmp/benchmark/models/classification/mobilenetv2/mobilenetv2/mobilenetv2.pnnx.bin: 51%
[ 66%] /data/local/tmp/benchmark/models/classification/mobilenetv2/mobilenetv2/mobilenetv2.pnnx.bin: 52%
[ 66%] /data/local/tmp/benchmark/models/classification/mobilenetv2/mobilenetv2/mobilenetv2.pnnx.bin: 52%
[ 66%] /data/local/tmp/benchmark/models/classification/mobilenetv2/mobilenetv2/mobilenetv2.pnnx.bin: 53%
[ 66%] /data/local/tmp/benchmark/models/classification/mobilenetv2/mobilenetv2/mobilenetv2.pnnx.bin: 53%
[ 66%] /data/local/tmp/benchmark/models/classification/mobilenetv2/mobilenetv2/mobilenetv2.pnnx.bin: 53%
[ 66%] /data/local/tmp/benchmark/models/classification/mobilenetv2/mobilenetv2/mobilenetv2.pnnx.bin: 54%
[ 66%] /data/local/tmp/benchmark/models/classification/mobilenetv2/mobilenetv2/mobilenetv2.pnnx.bin: 54%
[ 66%] /data/local/tmp/benchmark/models/classification/mobilenetv2/mobilenetv2/mobilenetv2.pnnx.bin: 55%
[ 66%] /data/local/tmp/benchmark/models/classification/mobilenetv2/mobilenetv2/mobilenetv2.pnnx.bin: 55%
[ 66%] /data/local/tmp/benchmark/models/classification/mobilenetv2/mobilenetv2/mobilenetv2.pnnx.bin: 56%
[ 66%] /data/local/tmp/benchmark/models/classification/mobilenetv2/mobilenetv2/mobilenetv2.pnnx.bin: 56%
[ 66%] /data/local/tmp/benchmark/models/classification/mobilenetv2/mobilenetv2/mobilenetv2.pnnx.bin: 57%
[ 66%] /data/local/tmp/benchmark/models/classification/mobilenetv2/mobilenetv2/mobilenetv2.pnnx.bin: 57%
[ 66%] /data/local/tmp/benchmark/models/classification/mobilenetv2/mobilenetv2/mobilenetv2.pnnx.bin: 58%
[ 66%] /data/local/tmp/benchmark/models/classification/mobilenetv2/mobilenetv2/mobilenetv2.pnnx.bin: 58%
[ 66%] /data/local/tmp/benchmark/models/classification/mobilenetv2/mobilenetv2/mobilenetv2.pnnx.bin: 59%
[ 66%] /data/local/tmp/benchmark/models/classification/mobilenetv2/mobilenetv2/mobilenetv2.pnnx.bin: 59%
[ 66%] /data/local/tmp/benchmark/models/classification/mobilenetv2/mobilenetv2/mobilenetv2.pnnx.bin: 60%
[ 67%] /data/local/tmp/benchmark/models/classification/mobilenetv2/mobilenetv2/mobilenetv2.pnnx.bin: 60%
[ 67%] /data/local/tmp/benchmark/models/classification/mobilenetv2/mobilenetv2/mobilenetv2.pnnx.bin: 60%
[ 67%] /data/local/tmp/benchmark/models/classification/mobilenetv2/mobilenetv2/mobilenetv2.pnnx.bin: 61%
[ 67%] /data/local/tmp/benchmark/models/classification/mobilenetv2/mobilenetv2/mobilenetv2.pnnx.bin: 61%
[ 67%] /data/local/tmp/benchmark/models/classification/mobilenetv2/mobilenetv2/mobilenetv2.pnnx.bin: 62%
[ 67%] /data/local/tmp/benchmark/models/classification/mobilenetv2/mobilenetv2/mobilenetv2.pnnx.bin: 62%
[ 67%] /data/local/tmp/benchmark/models/classification/mobilenetv2/mobilenetv2/mobilenetv2.pnnx.bin: 63%
[ 67%] /data/local/tmp/benchmark/models/classification/mobilenetv2/mobilenetv2/mobilenetv2.pnnx.bin: 63%
[ 67%] /data/local/tmp/benchmark/models/classification/mobilenetv2/mobilenetv2/mobilenetv2.pnnx.bin: 64%
[ 67%] /data/local/tmp/benchmark/models/classification/mobilenetv2/mobilenetv2/mobilenetv2.pnnx.bin: 64%
[ 67%] /data/local/tmp/benchmark/models/classification/mobilenetv2/mobilenetv2/mobilenetv2.pnnx.bin: 65%
[ 67%] /data/local/tmp/benchmark/models/classification/mobilenetv2/mobilenetv2/mobilenetv2.pnnx.bin: 65%
[ 67%] /data/local/tmp/benchmark/models/classification/mobilenetv2/mobilenetv2/mobilenetv2.pnnx.bin: 66%
[ 67%] /data/local/tmp/benchmark/models/classification/mobilenetv2/mobilenetv2/mobilenetv2.pnnx.bin: 66%
[ 67%] /data/local/tmp/benchmark/models/classification/mobilenetv2/mobilenetv2/mobilenetv2.pnnx.bin: 67%
[ 67%] /data/local/tmp/benchmark/models/classification/mobilenetv2/mobilenetv2/mobilenetv2.pnnx.bin: 67%
[ 67%] /data/local/tmp/benchmark/models/classification/mobilenetv2/mobilenetv2/mobilenetv2.pnnx.bin: 68%
[ 67%] /data/local/tmp/benchmark/models/classification/mobilenetv2/mobilenetv2/mobilenetv2.pnnx.bin: 68%
[ 67%] /data/local/tmp/benchmark/models/classification/mobilenetv2/mobilenetv2/mobilenetv2.pnnx.bin: 68%
[ 67%] /data/local/tmp/benchmark/models/classification/mobilenetv2/mobilenetv2/mobilenetv2.pnnx.bin: 69%
[ 67%] /data/local/tmp/benchmark/models/classification/mobilenetv2/mobilenetv2/mobilenetv2.pnnx.bin: 69%
[ 67%] /data/local/tmp/benchmark/models/classification/mobilenetv2/mobilenetv2/mobilenetv2.pnnx.bin: 70%
[ 67%] /data/local/tmp/benchmark/models/classification/mobilenetv2/mobilenetv2/mobilenetv2.pnnx.bin: 70%
[ 67%] /data/local/tmp/benchmark/models/classification/mobilenetv2/mobilenetv2/mobilenetv2.pnnx.bin: 71%
[ 67%] /data/local/tmp/benchmark/models/classification/mobilenetv2/mobilenetv2/mobilenetv2.pnnx.bin: 71%
[ 67%] /data/local/tmp/benchmark/models/classification/mobilenetv2/mobilenetv2/mobilenetv2.pnnx.bin: 72%
[ 67%] /data/local/tmp/benchmark/models/classification/mobilenetv2/mobilenetv2/mobilenetv2.pnnx.bin: 72%
[ 67%] /data/local/tmp/benchmark/models/classification/mobilenetv2/mobilenetv2/mobilenetv2.pnnx.bin: 73%
[ 67%] /data/local/tmp/benchmark/models/classification/mobilenetv2/mobilenetv2/mobilenetv2.pnnx.bin: 73%
[ 67%] /data/local/tmp/benchmark/models/classification/mobilenetv2/mobilenetv2/mobilenetv2.pnnx.bin: 74%
[ 67%] /data/local/tmp/benchmark/models/classification/mobilenetv2/mobilenetv2/mobilenetv2.pnnx.bin: 74%
[ 67%] /data/local/tmp/benchmark/models/classification/mobilenetv2/mobilenetv2/mobilenetv2.pnnx.bin: 75%
[ 67%] /data/local/tmp/benchmark/models/classification/mobilenetv2/mobilenetv2/mobilenetv2.pnnx.bin: 75%
[ 67%] /data/local/tmp/benchmark/models/classification/mobilenetv2/mobilenetv2/mobilenetv2.pnnx.bin: 75%
[ 67%] /data/local/tmp/benchmark/models/classification/mobilenetv2/mobilenetv2/mobilenetv2.pnnx.bin: 76%
[ 67%] /data/local/tmp/benchmark/models/classification/mobilenetv2/mobilenetv2/mobilenetv2.pnnx.bin: 76%
[ 67%] /data/local/tmp/benchmark/models/classification/mobilenetv2/mobilenetv2/mobilenetv2.pnnx.bin: 77%
[ 67%] /data/local/tmp/benchmark/models/classification/mobilenetv2/mobilenetv2/mobilenetv2.pnnx.bin: 77%
[ 67%] /data/local/tmp/benchmark/models/classification/mobilenetv2/mobilenetv2/mobilenetv2.pnnx.bin: 78%
[ 67%] /data/local/tmp/benchmark/models/classification/mobilenetv2/mobilenetv2/mobilenetv2.pnnx.bin: 78%
[ 67%] /data/local/tmp/benchmark/models/classification/mobilenetv2/mobilenetv2/mobilenetv2.pnnx.bin: 79%
[ 67%] /data/local/tmp/benchmark/models/classification/mobilenetv2/mobilenetv2/mobilenetv2.pnnx.bin: 79%
[ 67%] /data/local/tmp/benchmark/models/classification/mobilenetv2/mobilenetv2/mobilenetv2.pnnx.bin: 80%
[ 67%] /data/local/tmp/benchmark/models/classification/mobilenetv2/mobilenetv2/mobilenetv2.pnnx.bin: 80%
[ 67%] /data/local/tmp/benchmark/models/classification/mobilenetv2/mobilenetv2/mobilenetv2.pnnx.bin: 81%
[ 67%] /data/local/tmp/benchmark/models/classification/mobilenetv2/mobilenetv2/mobilenetv2.pnnx.bin: 81%
[ 67%] /data/local/tmp/benchmark/models/classification/mobilenetv2/mobilenetv2/mobilenetv2.pnnx.bin: 82%
[ 67%] /data/local/tmp/benchmark/models/classification/mobilenetv2/mobilenetv2/mobilenetv2.pnnx.bin: 82%
[ 68%] /data/local/tmp/benchmark/models/classification/mobilenetv2/mobilenetv2/mobilenetv2.pnnx.bin: 83%
[ 68%] /data/local/tmp/benchmark/models/classification/mobilenetv2/mobilenetv2/mobilenetv2.pnnx.bin: 83%
[ 68%] /data/local/tmp/benchmark/models/classification/mobilenetv2/mobilenetv2/mobilenetv2.pnnx.bin: 83%
[ 68%] /data/local/tmp/benchmark/models/classification/mobilenetv2/mobilenetv2/mobilenetv2.pnnx.bin: 84%
[ 68%] /data/local/tmp/benchmark/models/classification/mobilenetv2/mobilenetv2/mobilenetv2.pnnx.bin: 84%
[ 68%] /data/local/tmp/benchmark/models/classification/mobilenetv2/mobilenetv2/mobilenetv2.pnnx.bin: 85%
[ 68%] /data/local/tmp/benchmark/models/classification/mobilenetv2/mobilenetv2/mobilenetv2.pnnx.bin: 85%
[ 68%] /data/local/tmp/benchmark/models/classification/mobilenetv2/mobilenetv2/mobilenetv2.pnnx.bin: 86%
[ 68%] /data/local/tmp/benchmark/models/classification/mobilenetv2/mobilenetv2/mobilenetv2.pnnx.bin: 86%
[ 68%] /data/local/tmp/benchmark/models/classification/mobilenetv2/mobilenetv2/mobilenetv2.pnnx.bin: 87%
[ 68%] /data/local/tmp/benchmark/models/classification/mobilenetv2/mobilenetv2/mobilenetv2.pnnx.bin: 87%
[ 68%] /data/local/tmp/benchmark/models/classification/mobilenetv2/mobilenetv2/mobilenetv2.pnnx.bin: 88%
[ 68%] /data/local/tmp/benchmark/models/classification/mobilenetv2/mobilenetv2/mobilenetv2.pnnx.bin: 88%
[ 68%] /data/local/tmp/benchmark/models/classification/mobilenetv2/mobilenetv2/mobilenetv2.pnnx.bin: 89%
[ 68%] /data/local/tmp/benchmark/models/classification/mobilenetv2/mobilenetv2/mobilenetv2.pnnx.bin: 89%
[ 68%] /data/local/tmp/benchmark/models/classification/mobilenetv2/mobilenetv2/mobilenetv2.pnnx.bin: 90%
[ 68%] /data/local/tmp/benchmark/models/classification/mobilenetv2/mobilenetv2/mobilenetv2.pnnx.bin: 90%
[ 68%] /data/local/tmp/benchmark/models/classification/mobilenetv2/mobilenetv2/mobilenetv2.pnnx.bin: 91%
[ 68%] /data/local/tmp/benchmark/models/classification/mobilenetv2/mobilenetv2/mobilenetv2.pnnx.bin: 91%
[ 68%] /data/local/tmp/benchmark/models/classification/mobilenetv2/mobilenetv2/mobilenetv2.pnnx.bin: 91%
[ 68%] /data/local/tmp/benchmark/models/classification/mobilenetv2/mobilenetv2/mobilenetv2.pnnx.bin: 92%
[ 68%] /data/local/tmp/benchmark/models/classification/mobilenetv2/mobilenetv2/mobilenetv2.pnnx.bin: 92%
[ 68%] /data/local/tmp/benchmark/models/classification/mobilenetv2/mobilenetv2/mobilenetv2.pnnx.bin: 93%
[ 68%] /data/local/tmp/benchmark/models/classification/mobilenetv2/mobilenetv2/mobilenetv2.pnnx.bin: 93%
[ 68%] /data/local/tmp/benchmark/models/classification/mobilenetv2/mobilenetv2/mobilenetv2.pnnx.bin: 94%
[ 68%] /data/local/tmp/benchmark/models/classification/mobilenetv2/mobilenetv2/mobilenetv2.pnnx.bin: 94%
[ 68%] /data/local/tmp/benchmark/models/classification/mobilenetv2/mobilenetv2/mobilenetv2.pnnx.bin: 95%
[ 68%] /data/local/tmp/benchmark/models/classification/mobilenetv2/mobilenetv2/mobilenetv2.pnnx.bin: 95%
[ 68%] /data/local/tmp/benchmark/models/classification/mobilenetv2/mobilenetv2/mobilenetv2.pnnx.bin: 96%
[ 68%] /data/local/tmp/benchmark/models/classification/mobilenetv2/mobilenetv2/mobilenetv2.pnnx.bin: 96%
[ 68%] /data/local/tmp/benchmark/models/classification/mobilenetv2/mobilenetv2/mobilenetv2.pnnx.bin: 97%
[ 68%] /data/local/tmp/benchmark/models/classification/mobilenetv2/mobilenetv2/mobilenetv2.pnnx.bin: 97%
[ 68%] /data/local/tmp/benchmark/models/classification/mobilenetv2/mobilenetv2/mobilenetv2.pnnx.bin: 98%
[ 68%] /data/local/tmp/benchmark/models/classification/mobilenetv2/mobilenetv2/mobilenetv2.pnnx.bin: 98%
[ 68%] /data/local/tmp/benchmark/models/classification/mobilenetv2/mobilenetv2/mobilenetv2.pnnx.bin: 98%
[ 68%] /data/local/tmp/benchmark/models/classification/mobilenetv2/mobilenetv2/mobilenetv2.pnnx.bin: 99%
[ 68%] /data/local/tmp/benchmark/models/classification/mobilenetv2/mobilenetv2/mobilenetv2.pnnx.bin: 99%
[ 68%] /data/local/tmp/benchmark/models/classification/mobilenetv2/mobilenetv2/mobilenetv2.pnnx.bin: 100%
[ 68%] /data/local/tmp/benchmark/models/classification/mobilenetv2/mobilenetv2/mobilenet_v2_1.0_224.tflite: 0%
[ 68%] /data/local/tmp/benchmark/models/classification/mobilenetv2/mobilenetv2/mobilenet_v2_1.0_224.tflite: 0%
[ 68%] /data/local/tmp/benchmark/models/classification/mobilenetv2/mobilenetv2/mobilenet_v2_1.0_224.tflite: 1%
[ 68%] /data/local/tmp/benchmark/models/classification/mobilenetv2/mobilenetv2/mobilenet_v2_1.0_224.tflite: 1%
[ 68%] /data/local/tmp/benchmark/models/classification/mobilenetv2/mobilenetv2/mobilenet_v2_1.0_224.tflite: 2%
[ 68%] /data/local/tmp/benchmark/models/classification/mobilenetv2/mobilenetv2/mobilenet_v2_1.0_224.tflite: 2%
[ 68%] /data/local/tmp/benchmark/models/classification/mobilenetv2/mobilenetv2/mobilenet_v2_1.0_224.tflite: 3%
[ 68%] /data/local/tmp/benchmark/models/classification/mobilenetv2/mobilenetv2/mobilenet_v2_1.0_224.tflite: 3%
[ 68%] /data/local/tmp/benchmark/models/classification/mobilenetv2/mobilenetv2/mobilenet_v2_1.0_224.tflite: 4%
[ 68%] /data/local/tmp/benchmark/models/classification/mobilenetv2/mobilenetv2/mobilenet_v2_1.0_224.tflite: 4%
[ 68%] /data/local/tmp/benchmark/models/classification/mobilenetv2/mobilenetv2/mobilenet_v2_1.0_224.tflite: 5%
[ 68%] /data/local/tmp/benchmark/models/classification/mobilenetv2/mobilenetv2/mobilenet_v2_1.0_224.tflite: 5%
[ 69%] /data/local/tmp/benchmark/models/classification/mobilenetv2/mobilenetv2/mobilenet_v2_1.0_224.tflite: 6%
[ 69%] /data/local/tmp/benchmark/models/classification/mobilenetv2/mobilenetv2/mobilenet_v2_1.0_224.tflite: 6%
[ 69%] /data/local/tmp/benchmark/models/classification/mobilenetv2/mobilenetv2/mobilenet_v2_1.0_224.tflite: 7%
[ 69%] /data/local/tmp/benchmark/models/classification/mobilenetv2/mobilenetv2/mobilenet_v2_1.0_224.tflite: 7%
[ 69%] /data/local/tmp/benchmark/models/classification/mobilenetv2/mobilenetv2/mobilenet_v2_1.0_224.tflite: 7%
[ 69%] /data/local/tmp/benchmark/models/classification/mobilenetv2/mobilenetv2/mobilenet_v2_1.0_224.tflite: 8%
[ 69%] /data/local/tmp/benchmark/models/classification/mobilenetv2/mobilenetv2/mobilenet_v2_1.0_224.tflite: 8%
[ 69%] /data/local/tmp/benchmark/models/classification/mobilenetv2/mobilenetv2/mobilenet_v2_1.0_224.tflite: 9%
[ 69%] /data/local/tmp/benchmark/models/classification/mobilenetv2/mobilenetv2/mobilenet_v2_1.0_224.tflite: 9%
[ 69%] /data/local/tmp/benchmark/models/classification/mobilenetv2/mobilenetv2/mobilenet_v2_1.0_224.tflite: 10%
[ 69%] /data/local/tmp/benchmark/models/classification/mobilenetv2/mobilenetv2/mobilenet_v2_1.0_224.tflite: 10%
[ 69%] /data/local/tmp/benchmark/models/classification/mobilenetv2/mobilenetv2/mobilenet_v2_1.0_224.tflite: 11%
[ 69%] /data/local/tmp/benchmark/models/classification/mobilenetv2/mobilenetv2/mobilenet_v2_1.0_224.tflite: 11%
[ 69%] /data/local/tmp/benchmark/models/classification/mobilenetv2/mobilenetv2/mobilenet_v2_1.0_224.tflite: 12%
[ 69%] /data/local/tmp/benchmark/models/classification/mobilenetv2/mobilenetv2/mobilenet_v2_1.0_224.tflite: 12%
[ 69%] /data/local/tmp/benchmark/models/classification/mobilenetv2/mobilenetv2/mobilenet_v2_1.0_224.tflite: 13%
[ 69%] /data/local/tmp/benchmark/models/classification/mobilenetv2/mobilenetv2/mobilenet_v2_1.0_224.tflite: 13%
[ 69%] /data/local/tmp/benchmark/models/classification/mobilenetv2/mobilenetv2/mobilenet_v2_1.0_224.tflite: 14%
[ 69%] /data/local/tmp/benchmark/models/classification/mobilenetv2/mobilenetv2/mobilenet_v2_1.0_224.tflite: 14%
[ 69%] /data/local/tmp/benchmark/models/classification/mobilenetv2/mobilenetv2/mobilenet_v2_1.0_224.tflite: 15%
[ 69%] /data/local/tmp/benchmark/models/classification/mobilenetv2/mobilenetv2/mobilenet_v2_1.0_224.tflite: 15%
[ 69%] /data/local/tmp/benchmark/models/classification/mobilenetv2/mobilenetv2/mobilenet_v2_1.0_224.tflite: 15%
[ 69%] /data/local/tmp/benchmark/models/classification/mobilenetv2/mobilenetv2/mobilenet_v2_1.0_224.tflite: 16%
[ 69%] /data/local/tmp/benchmark/models/classification/mobilenetv2/mobilenetv2/mobilenet_v2_1.0_224.tflite: 16%
[ 69%] /data/local/tmp/benchmark/models/classification/mobilenetv2/mobilenetv2/mobilenet_v2_1.0_224.tflite: 17%
[ 69%] /data/local/tmp/benchmark/models/classification/mobilenetv2/mobilenetv2/mobilenet_v2_1.0_224.tflite: 17%
[ 69%] /data/local/tmp/benchmark/models/classification/mobilenetv2/mobilenetv2/mobilenet_v2_1.0_224.tflite: 18%
[ 69%] /data/local/tmp/benchmark/models/classification/mobilenetv2/mobilenetv2/mobilenet_v2_1.0_224.tflite: 18%
[ 69%] /data/local/tmp/benchmark/models/classification/mobilenetv2/mobilenetv2/mobilenet_v2_1.0_224.tflite: 19%
[ 69%] /data/local/tmp/benchmark/models/classification/mobilenetv2/mobilenetv2/mobilenet_v2_1.0_224.tflite: 19%
[ 69%] /data/local/tmp/benchmark/models/classification/mobilenetv2/mobilenetv2/mobilenet_v2_1.0_224.tflite: 20%
[ 69%] /data/local/tmp/benchmark/models/classification/mobilenetv2/mobilenetv2/mobilenet_v2_1.0_224.tflite: 20%
[ 69%] /data/local/tmp/benchmark/models/classification/mobilenetv2/mobilenetv2/mobilenet_v2_1.0_224.tflite: 21%
[ 69%] /data/local/tmp/benchmark/models/classification/mobilenetv2/mobilenetv2/mobilenet_v2_1.0_224.tflite: 21%
[ 69%] /data/local/tmp/benchmark/models/classification/mobilenetv2/mobilenetv2/mobilenet_v2_1.0_224.tflite: 22%
[ 69%] /data/local/tmp/benchmark/models/classification/mobilenetv2/mobilenetv2/mobilenet_v2_1.0_224.tflite: 22%
[ 69%] /data/local/tmp/benchmark/models/classification/mobilenetv2/mobilenetv2/mobilenet_v2_1.0_224.tflite: 22%
[ 69%] /data/local/tmp/benchmark/models/classification/mobilenetv2/mobilenetv2/mobilenet_v2_1.0_224.tflite: 23%
[ 69%] /data/local/tmp/benchmark/models/classification/mobilenetv2/mobilenetv2/mobilenet_v2_1.0_224.tflite: 23%
[ 69%] /data/local/tmp/benchmark/models/classification/mobilenetv2/mobilenetv2/mobilenet_v2_1.0_224.tflite: 24%
[ 69%] /data/local/tmp/benchmark/models/classification/mobilenetv2/mobilenetv2/mobilenet_v2_1.0_224.tflite: 24%
[ 69%] /data/local/tmp/benchmark/models/classification/mobilenetv2/mobilenetv2/mobilenet_v2_1.0_224.tflite: 25%
[ 69%] /data/local/tmp/benchmark/models/classification/mobilenetv2/mobilenetv2/mobilenet_v2_1.0_224.tflite: 25%
[ 69%] /data/local/tmp/benchmark/models/classification/mobilenetv2/mobilenetv2/mobilenet_v2_1.0_224.tflite: 26%
[ 69%] /data/local/tmp/benchmark/models/classification/mobilenetv2/mobilenetv2/mobilenet_v2_1.0_224.tflite: 26%
[ 69%] /data/local/tmp/benchmark/models/classification/mobilenetv2/mobilenetv2/mobilenet_v2_1.0_224.tflite: 27%
[ 69%] /data/local/tmp/benchmark/models/classification/mobilenetv2/mobilenetv2/mobilenet_v2_1.0_224.tflite: 27%
[ 69%] /data/local/tmp/benchmark/models/classification/mobilenetv2/mobilenetv2/mobilenet_v2_1.0_224.tflite: 28%
[ 70%] /data/local/tmp/benchmark/models/classification/mobilenetv2/mobilenetv2/mobilenet_v2_1.0_224.tflite: 28%
[ 70%] /data/local/tmp/benchmark/models/classification/mobilenetv2/mobilenetv2/mobilenet_v2_1.0_224.tflite: 29%
[ 70%] /data/local/tmp/benchmark/models/classification/mobilenetv2/mobilenetv2/mobilenet_v2_1.0_224.tflite: 29%
[ 70%] /data/local/tmp/benchmark/models/classification/mobilenetv2/mobilenetv2/mobilenet_v2_1.0_224.tflite: 30%
[ 70%] /data/local/tmp/benchmark/models/classification/mobilenetv2/mobilenetv2/mobilenet_v2_1.0_224.tflite: 30%
[ 70%] /data/local/tmp/benchmark/models/classification/mobilenetv2/mobilenetv2/mobilenet_v2_1.0_224.tflite: 30%
[ 70%] /data/local/tmp/benchmark/models/classification/mobilenetv2/mobilenetv2/mobilenet_v2_1.0_224.tflite: 31%
[ 70%] /data/local/tmp/benchmark/models/classification/mobilenetv2/mobilenetv2/mobilenet_v2_1.0_224.tflite: 31%
[ 70%] /data/local/tmp/benchmark/models/classification/mobilenetv2/mobilenetv2/mobilenet_v2_1.0_224.tflite: 32%
[ 70%] /data/local/tmp/benchmark/models/classification/mobilenetv2/mobilenetv2/mobilenet_v2_1.0_224.tflite: 32%
[ 70%] /data/local/tmp/benchmark/models/classification/mobilenetv2/mobilenetv2/mobilenet_v2_1.0_224.tflite: 33%
[ 70%] /data/local/tmp/benchmark/models/classification/mobilenetv2/mobilenetv2/mobilenet_v2_1.0_224.tflite: 33%
[ 70%] /data/local/tmp/benchmark/models/classification/mobilenetv2/mobilenetv2/mobilenet_v2_1.0_224.tflite: 34%
[ 70%] /data/local/tmp/benchmark/models/classification/mobilenetv2/mobilenetv2/mobilenet_v2_1.0_224.tflite: 34%
[ 70%] /data/local/tmp/benchmark/models/classification/mobilenetv2/mobilenetv2/mobilenet_v2_1.0_224.tflite: 35%
[ 70%] /data/local/tmp/benchmark/models/classification/mobilenetv2/mobilenetv2/mobilenet_v2_1.0_224.tflite: 35%
[ 70%] /data/local/tmp/benchmark/models/classification/mobilenetv2/mobilenetv2/mobilenet_v2_1.0_224.tflite: 36%
[ 70%] /data/local/tmp/benchmark/models/classification/mobilenetv2/mobilenetv2/mobilenet_v2_1.0_224.tflite: 36%
[ 70%] /data/local/tmp/benchmark/models/classification/mobilenetv2/mobilenetv2/mobilenet_v2_1.0_224.tflite: 37%
[ 70%] /data/local/tmp/benchmark/models/classification/mobilenetv2/mobilenetv2/mobilenet_v2_1.0_224.tflite: 37%
[ 70%] /data/local/tmp/benchmark/models/classification/mobilenetv2/mobilenetv2/mobilenet_v2_1.0_224.tflite: 37%
[ 70%] /data/local/tmp/benchmark/models/classification/mobilenetv2/mobilenetv2/mobilenet_v2_1.0_224.tflite: 38%
[ 70%] /data/local/tmp/benchmark/models/classification/mobilenetv2/mobilenetv2/mobilenet_v2_1.0_224.tflite: 38%
[ 70%] /data/local/tmp/benchmark/models/classification/mobilenetv2/mobilenetv2/mobilenet_v2_1.0_224.tflite: 39%
[ 70%] /data/local/tmp/benchmark/models/classification/mobilenetv2/mobilenetv2/mobilenet_v2_1.0_224.tflite: 39%
[ 70%] /data/local/tmp/benchmark/models/classification/mobilenetv2/mobilenetv2/mobilenet_v2_1.0_224.tflite: 40%
[ 70%] /data/local/tmp/benchmark/models/classification/mobilenetv2/mobilenetv2/mobilenet_v2_1.0_224.tflite: 40%
[ 70%] /data/local/tmp/benchmark/models/classification/mobilenetv2/mobilenetv2/mobilenet_v2_1.0_224.tflite: 41%
[ 70%] /data/local/tmp/benchmark/models/classification/mobilenetv2/mobilenetv2/mobilenet_v2_1.0_224.tflite: 41%
[ 70%] /data/local/tmp/benchmark/models/classification/mobilenetv2/mobilenetv2/mobilenet_v2_1.0_224.tflite: 42%
[ 70%] /data/local/tmp/benchmark/models/classification/mobilenetv2/mobilenetv2/mobilenet_v2_1.0_224.tflite: 42%
[ 70%] /data/local/tmp/benchmark/models/classification/mobilenetv2/mobilenetv2/mobilenet_v2_1.0_224.tflite: 43%
[ 70%] /data/local/tmp/benchmark/models/classification/mobilenetv2/mobilenetv2/mobilenet_v2_1.0_224.tflite: 43%
[ 70%] /data/local/tmp/benchmark/models/classification/mobilenetv2/mobilenetv2/mobilenet_v2_1.0_224.tflite: 44%
[ 70%] /data/local/tmp/benchmark/models/classification/mobilenetv2/mobilenetv2/mobilenet_v2_1.0_224.tflite: 44%
[ 70%] /data/local/tmp/benchmark/models/classification/mobilenetv2/mobilenetv2/mobilenet_v2_1.0_224.tflite: 45%
[ 70%] /data/local/tmp/benchmark/models/classification/mobilenetv2/mobilenetv2/mobilenet_v2_1.0_224.tflite: 45%
[ 70%] /data/local/tmp/benchmark/models/classification/mobilenetv2/mobilenetv2/mobilenet_v2_1.0_224.tflite: 45%
[ 70%] /data/local/tmp/benchmark/models/classification/mobilenetv2/mobilenetv2/mobilenet_v2_1.0_224.tflite: 46%
[ 70%] /data/local/tmp/benchmark/models/classification/mobilenetv2/mobilenetv2/mobilenet_v2_1.0_224.tflite: 46%
[ 70%] /data/local/tmp/benchmark/models/classification/mobilenetv2/mobilenetv2/mobilenet_v2_1.0_224.tflite: 47%
[ 70%] /data/local/tmp/benchmark/models/classification/mobilenetv2/mobilenetv2/mobilenet_v2_1.0_224.tflite: 47%
[ 70%] /data/local/tmp/benchmark/models/classification/mobilenetv2/mobilenetv2/mobilenet_v2_1.0_224.tflite: 48%
[ 70%] /data/local/tmp/benchmark/models/classification/mobilenetv2/mobilenetv2/mobilenet_v2_1.0_224.tflite: 48%
[ 70%] /data/local/tmp/benchmark/models/classification/mobilenetv2/mobilenetv2/mobilenet_v2_1.0_224.tflite: 49%
[ 70%] /data/local/tmp/benchmark/models/classification/mobilenetv2/mobilenetv2/mobilenet_v2_1.0_224.tflite: 49%
[ 70%] /data/local/tmp/benchmark/models/classification/mobilenetv2/mobilenetv2/mobilenet_v2_1.0_224.tflite: 50%
[ 70%] /data/local/tmp/benchmark/models/classification/mobilenetv2/mobilenetv2/mobilenet_v2_1.0_224.tflite: 50%
[ 71%] /data/local/tmp/benchmark/models/classification/mobilenetv2/mobilenetv2/mobilenet_v2_1.0_224.tflite: 51%
[ 71%] /data/local/tmp/benchmark/models/classification/mobilenetv2/mobilenetv2/mobilenet_v2_1.0_224.tflite: 51%
[ 71%] /data/local/tmp/benchmark/models/classification/mobilenetv2/mobilenetv2/mobilenet_v2_1.0_224.tflite: 52%
[ 71%] /data/local/tmp/benchmark/models/classification/mobilenetv2/mobilenetv2/mobilenet_v2_1.0_224.tflite: 52%
[ 71%] /data/local/tmp/benchmark/models/classification/mobilenetv2/mobilenetv2/mobilenet_v2_1.0_224.tflite: 52%
[ 71%] /data/local/tmp/benchmark/models/classification/mobilenetv2/mobilenetv2/mobilenet_v2_1.0_224.tflite: 53%
[ 71%] /data/local/tmp/benchmark/models/classification/mobilenetv2/mobilenetv2/mobilenet_v2_1.0_224.tflite: 53%
[ 71%] /data/local/tmp/benchmark/models/classification/mobilenetv2/mobilenetv2/mobilenet_v2_1.0_224.tflite: 54%
[ 71%] /data/local/tmp/benchmark/models/classification/mobilenetv2/mobilenetv2/mobilenet_v2_1.0_224.tflite: 54%
[ 71%] /data/local/tmp/benchmark/models/classification/mobilenetv2/mobilenetv2/mobilenet_v2_1.0_224.tflite: 55%
[ 71%] /data/local/tmp/benchmark/models/classification/mobilenetv2/mobilenetv2/mobilenet_v2_1.0_224.tflite: 55%
[ 71%] /data/local/tmp/benchmark/models/classification/mobilenetv2/mobilenetv2/mobilenet_v2_1.0_224.tflite: 56%
[ 71%] /data/local/tmp/benchmark/models/classification/mobilenetv2/mobilenetv2/mobilenet_v2_1.0_224.tflite: 56%
[ 71%] /data/local/tmp/benchmark/models/classification/mobilenetv2/mobilenetv2/mobilenet_v2_1.0_224.tflite: 57%
[ 71%] /data/local/tmp/benchmark/models/classification/mobilenetv2/mobilenetv2/mobilenet_v2_1.0_224.tflite: 57%
[ 71%] /data/local/tmp/benchmark/models/classification/mobilenetv2/mobilenetv2/mobilenet_v2_1.0_224.tflite: 58%
[ 71%] /data/local/tmp/benchmark/models/classification/mobilenetv2/mobilenetv2/mobilenet_v2_1.0_224.tflite: 58%
[ 71%] /data/local/tmp/benchmark/models/classification/mobilenetv2/mobilenetv2/mobilenet_v2_1.0_224.tflite: 59%
[ 71%] /data/local/tmp/benchmark/models/classification/mobilenetv2/mobilenetv2/mobilenet_v2_1.0_224.tflite: 59%
[ 71%] /data/local/tmp/benchmark/models/classification/mobilenetv2/mobilenetv2/mobilenet_v2_1.0_224.tflite: 60%
[ 71%] /data/local/tmp/benchmark/models/classification/mobilenetv2/mobilenetv2/mobilenet_v2_1.0_224.tflite: 60%
[ 71%] /data/local/tmp/benchmark/models/classification/mobilenetv2/mobilenetv2/mobilenet_v2_1.0_224.tflite: 60%
[ 71%] /data/local/tmp/benchmark/models/classification/mobilenetv2/mobilenetv2/mobilenet_v2_1.0_224.tflite: 61%
[ 71%] /data/local/tmp/benchmark/models/classification/mobilenetv2/mobilenetv2/mobilenet_v2_1.0_224.tflite: 61%
[ 71%] /data/local/tmp/benchmark/models/classification/mobilenetv2/mobilenetv2/mobilenet_v2_1.0_224.tflite: 62%
[ 71%] /data/local/tmp/benchmark/models/classification/mobilenetv2/mobilenetv2/mobilenet_v2_1.0_224.tflite: 62%
[ 71%] /data/local/tmp/benchmark/models/classification/mobilenetv2/mobilenetv2/mobilenet_v2_1.0_224.tflite: 63%
[ 71%] /data/local/tmp/benchmark/models/classification/mobilenetv2/mobilenetv2/mobilenet_v2_1.0_224.tflite: 63%
[ 71%] /data/local/tmp/benchmark/models/classification/mobilenetv2/mobilenetv2/mobilenet_v2_1.0_224.tflite: 64%
[ 71%] /data/local/tmp/benchmark/models/classification/mobilenetv2/mobilenetv2/mobilenet_v2_1.0_224.tflite: 64%
[ 71%] /data/local/tmp/benchmark/models/classification/mobilenetv2/mobilenetv2/mobilenet_v2_1.0_224.tflite: 65%
[ 71%] /data/local/tmp/benchmark/models/classification/mobilenetv2/mobilenetv2/mobilenet_v2_1.0_224.tflite: 65%
[ 71%] /data/local/tmp/benchmark/models/classification/mobilenetv2/mobilenetv2/mobilenet_v2_1.0_224.tflite: 66%
[ 71%] /data/local/tmp/benchmark/models/classification/mobilenetv2/mobilenetv2/mobilenet_v2_1.0_224.tflite: 66%
[ 71%] /data/local/tmp/benchmark/models/classification/mobilenetv2/mobilenetv2/mobilenet_v2_1.0_224.tflite: 67%
[ 71%] /data/local/tmp/benchmark/models/classification/mobilenetv2/mobilenetv2/mobilenet_v2_1.0_224.tflite: 67%
[ 71%] /data/local/tmp/benchmark/models/classification/mobilenetv2/mobilenetv2/mobilenet_v2_1.0_224.tflite: 67%
[ 71%] /data/local/tmp/benchmark/models/classification/mobilenetv2/mobilenetv2/mobilenet_v2_1.0_224.tflite: 68%
[ 71%] /data/local/tmp/benchmark/models/classification/mobilenetv2/mobilenetv2/mobilenet_v2_1.0_224.tflite: 68%
[ 71%] /data/local/tmp/benchmark/models/classification/mobilenetv2/mobilenetv2/mobilenet_v2_1.0_224.tflite: 69%
[ 71%] /data/local/tmp/benchmark/models/classification/mobilenetv2/mobilenetv2/mobilenet_v2_1.0_224.tflite: 69%
[ 71%] /data/local/tmp/benchmark/models/classification/mobilenetv2/mobilenetv2/mobilenet_v2_1.0_224.tflite: 70%
[ 71%] /data/local/tmp/benchmark/models/classification/mobilenetv2/mobilenetv2/mobilenet_v2_1.0_224.tflite: 70%
[ 71%] /data/local/tmp/benchmark/models/classification/mobilenetv2/mobilenetv2/mobilenet_v2_1.0_224.tflite: 71%
[ 71%] /data/local/tmp/benchmark/models/classification/mobilenetv2/mobilenetv2/mobilenet_v2_1.0_224.tflite: 71%
[ 71%] /data/local/tmp/benchmark/models/classification/mobilenetv2/mobilenetv2/mobilenet_v2_1.0_224.tflite: 72%
[ 71%] /data/local/tmp/benchmark/models/classification/mobilenetv2/mobilenetv2/mobilenet_v2_1.0_224.tflite: 72%
[ 71%] /data/local/tmp/benchmark/models/classification/mobilenetv2/mobilenetv2/mobilenet_v2_1.0_224.tflite: 73%
[ 71%] /data/local/tmp/benchmark/models/classification/mobilenetv2/mobilenetv2/mobilenet_v2_1.0_224.tflite: 73%
[ 72%] /data/local/tmp/benchmark/models/classification/mobilenetv2/mobilenetv2/mobilenet_v2_1.0_224.tflite: 74%
[ 72%] /data/local/tmp/benchmark/models/classification/mobilenetv2/mobilenetv2/mobilenet_v2_1.0_224.tflite: 74%
[ 72%] /data/local/tmp/benchmark/models/classification/mobilenetv2/mobilenetv2/mobilenet_v2_1.0_224.tflite: 75%
[ 72%] /data/local/tmp/benchmark/models/classification/mobilenetv2/mobilenetv2/mobilenet_v2_1.0_224.tflite: 75%
[ 72%] /data/local/tmp/benchmark/models/classification/mobilenetv2/mobilenetv2/mobilenet_v2_1.0_224.tflite: 75%
[ 72%] /data/local/tmp/benchmark/models/classification/mobilenetv2/mobilenetv2/mobilenet_v2_1.0_224.tflite: 76%
[ 72%] /data/local/tmp/benchmark/models/classification/mobilenetv2/mobilenetv2/mobilenet_v2_1.0_224.tflite: 76%
[ 72%] /data/local/tmp/benchmark/models/classification/mobilenetv2/mobilenetv2/mobilenet_v2_1.0_224.tflite: 77%
[ 72%] /data/local/tmp/benchmark/models/classification/mobilenetv2/mobilenetv2/mobilenet_v2_1.0_224.tflite: 77%
[ 72%] /data/local/tmp/benchmark/models/classification/mobilenetv2/mobilenetv2/mobilenet_v2_1.0_224.tflite: 78%
[ 72%] /data/local/tmp/benchmark/models/classification/mobilenetv2/mobilenetv2/mobilenet_v2_1.0_224.tflite: 78%
[ 72%] /data/local/tmp/benchmark/models/classification/mobilenetv2/mobilenetv2/mobilenet_v2_1.0_224.tflite: 79%
[ 72%] /data/local/tmp/benchmark/models/classification/mobilenetv2/mobilenetv2/mobilenet_v2_1.0_224.tflite: 79%
[ 72%] /data/local/tmp/benchmark/models/classification/mobilenetv2/mobilenetv2/mobilenet_v2_1.0_224.tflite: 80%
[ 72%] /data/local/tmp/benchmark/models/classification/mobilenetv2/mobilenetv2/mobilenet_v2_1.0_224.tflite: 80%
[ 72%] /data/local/tmp/benchmark/models/classification/mobilenetv2/mobilenetv2/mobilenet_v2_1.0_224.tflite: 81%
[ 72%] /data/local/tmp/benchmark/models/classification/mobilenetv2/mobilenetv2/mobilenet_v2_1.0_224.tflite: 81%
[ 72%] /data/local/tmp/benchmark/models/classification/mobilenetv2/mobilenetv2/mobilenet_v2_1.0_224.tflite: 82%
[ 72%] /data/local/tmp/benchmark/models/classification/mobilenetv2/mobilenetv2/mobilenet_v2_1.0_224.tflite: 82%
[ 72%] /data/local/tmp/benchmark/models/classification/mobilenetv2/mobilenetv2/mobilenet_v2_1.0_224.tflite: 82%
[ 72%] /data/local/tmp/benchmark/models/classification/mobilenetv2/mobilenetv2/mobilenet_v2_1.0_224.tflite: 83%
[ 72%] /data/local/tmp/benchmark/models/classification/mobilenetv2/mobilenetv2/mobilenet_v2_1.0_224.tflite: 83%
[ 72%] /data/local/tmp/benchmark/models/classification/mobilenetv2/mobilenetv2/mobilenet_v2_1.0_224.tflite: 84%
[ 72%] /data/local/tmp/benchmark/models/classification/mobilenetv2/mobilenetv2/mobilenet_v2_1.0_224.tflite: 84%
[ 72%] /data/local/tmp/benchmark/models/classification/mobilenetv2/mobilenetv2/mobilenet_v2_1.0_224.tflite: 85%
[ 72%] /data/local/tmp/benchmark/models/classification/mobilenetv2/mobilenetv2/mobilenet_v2_1.0_224.tflite: 85%
[ 72%] /data/local/tmp/benchmark/models/classification/mobilenetv2/mobilenetv2/mobilenet_v2_1.0_224.tflite: 86%
[ 72%] /data/local/tmp/benchmark/models/classification/mobilenetv2/mobilenetv2/mobilenet_v2_1.0_224.tflite: 86%
[ 72%] /data/local/tmp/benchmark/models/classification/mobilenetv2/mobilenetv2/mobilenet_v2_1.0_224.tflite: 87%
[ 72%] /data/local/tmp/benchmark/models/classification/mobilenetv2/mobilenetv2/mobilenet_v2_1.0_224.tflite: 87%
[ 72%] /data/local/tmp/benchmark/models/classification/mobilenetv2/mobilenetv2/mobilenet_v2_1.0_224.tflite: 88%
[ 72%] /data/local/tmp/benchmark/models/classification/mobilenetv2/mobilenetv2/mobilenet_v2_1.0_224.tflite: 88%
[ 72%] /data/local/tmp/benchmark/models/classification/mobilenetv2/mobilenetv2/mobilenet_v2_1.0_224.tflite: 89%
[ 72%] /data/local/tmp/benchmark/models/classification/mobilenetv2/mobilenetv2/mobilenet_v2_1.0_224.tflite: 89%
[ 72%] /data/local/tmp/benchmark/models/classification/mobilenetv2/mobilenetv2/mobilenet_v2_1.0_224.tflite: 90%
[ 72%] /data/local/tmp/benchmark/models/classification/mobilenetv2/mobilenetv2/mobilenet_v2_1.0_224.tflite: 90%
[ 72%] /data/local/tmp/benchmark/models/classification/mobilenetv2/mobilenetv2/mobilenet_v2_1.0_224.tflite: 90%
[ 72%] /data/local/tmp/benchmark/models/classification/mobilenetv2/mobilenetv2/mobilenet_v2_1.0_224.tflite: 91%
[ 72%] /data/local/tmp/benchmark/models/classification/mobilenetv2/mobilenetv2/mobilenet_v2_1.0_224.tflite: 91%
[ 72%] /data/local/tmp/benchmark/models/classification/mobilenetv2/mobilenetv2/mobilenet_v2_1.0_224.tflite: 92%
[ 72%] /data/local/tmp/benchmark/models/classification/mobilenetv2/mobilenetv2/mobilenet_v2_1.0_224.tflite: 92%
[ 72%] /data/local/tmp/benchmark/models/classification/mobilenetv2/mobilenetv2/mobilenet_v2_1.0_224.tflite: 93%
[ 72%] /data/local/tmp/benchmark/models/classification/mobilenetv2/mobilenetv2/mobilenet_v2_1.0_224.tflite: 93%
[ 72%] /data/local/tmp/benchmark/models/classification/mobilenetv2/mobilenetv2/mobilenet_v2_1.0_224.tflite: 94%
[ 72%] /data/local/tmp/benchmark/models/classification/mobilenetv2/mobilenetv2/mobilenet_v2_1.0_224.tflite: 94%
[ 72%] /data/local/tmp/benchmark/models/classification/mobilenetv2/mobilenetv2/mobilenet_v2_1.0_224.tflite: 95%
[ 72%] /data/local/tmp/benchmark/models/classification/mobilenetv2/mobilenetv2/mobilenet_v2_1.0_224.tflite: 95%
[ 72%] /data/local/tmp/benchmark/models/classification/mobilenetv2/mobilenetv2/mobilenet_v2_1.0_224.tflite: 96%
[ 73%] /data/local/tmp/benchmark/models/classification/mobilenetv2/mobilenetv2/mobilenet_v2_1.0_224.tflite: 96%
[ 73%] /data/local/tmp/benchmark/models/classification/mobilenetv2/mobilenetv2/mobilenet_v2_1.0_224.tflite: 97%
[ 73%] /data/local/tmp/benchmark/models/classification/mobilenetv2/mobilenetv2/mobilenet_v2_1.0_224.tflite: 97%
[ 73%] /data/local/tmp/benchmark/models/classification/mobilenetv2/mobilenetv2/mobilenet_v2_1.0_224.tflite: 97%
[ 73%] /data/local/tmp/benchmark/models/classification/mobilenetv2/mobilenetv2/mobilenet_v2_1.0_224.tflite: 98%
[ 73%] /data/local/tmp/benchmark/models/classification/mobilenetv2/mobilenetv2/mobilenet_v2_1.0_224.tflite: 98%
[ 73%] /data/local/tmp/benchmark/models/classification/mobilenetv2/mobilenetv2/mobilenet_v2_1.0_224.tflite: 99%
[ 73%] /data/local/tmp/benchmark/models/classification/mobilenetv2/mobilenetv2/mobilenet_v2_1.0_224.tflite: 99%
[ 73%] /data/local/tmp/benchmark/models/classification/mobilenetv2/mobilenetv2/mobilenet_v2_1.0_224.tflite: 100%
[ 73%] /data/local/tmp/benchmark/models/classification/mobilenetv2/mobilenetv2/mobilenet_v2_1.0_224_frozen.pb: 0%
[ 73%] /data/local/tmp/benchmark/models/classification/mobilenetv2/mobilenetv2/mobilenet_v2_1.0_224_frozen.pb: 0%
[ 73%] /data/local/tmp/benchmark/models/classification/mobilenetv2/mobilenetv2/mobilenet_v2_1.0_224_frozen.pb: 1%
[ 73%] /data/local/tmp/benchmark/models/classification/mobilenetv2/mobilenetv2/mobilenet_v2_1.0_224_frozen.pb: 1%
[ 73%] /data/local/tmp/benchmark/models/classification/mobilenetv2/mobilenetv2/mobilenet_v2_1.0_224_frozen.pb: 2%
[ 73%] /data/local/tmp/benchmark/models/classification/mobilenetv2/mobilenetv2/mobilenet_v2_1.0_224_frozen.pb: 2%
[ 73%] /data/local/tmp/benchmark/models/classification/mobilenetv2/mobilenetv2/mobilenet_v2_1.0_224_frozen.pb: 3%
[ 73%] /data/local/tmp/benchmark/models/classification/mobilenetv2/mobilenetv2/mobilenet_v2_1.0_224_frozen.pb: 3%
[ 73%] /data/local/tmp/benchmark/models/classification/mobilenetv2/mobilenetv2/mobilenet_v2_1.0_224_frozen.pb: 4%
[ 73%] /data/local/tmp/benchmark/models/classification/mobilenetv2/mobilenetv2/mobilenet_v2_1.0_224_frozen.pb: 4%
[ 73%] /data/local/tmp/benchmark/models/classification/mobilenetv2/mobilenetv2/mobilenet_v2_1.0_224_frozen.pb: 5%
[ 73%] /data/local/tmp/benchmark/models/classification/mobilenetv2/mobilenetv2/mobilenet_v2_1.0_224_frozen.pb: 5%
[ 73%] /data/local/tmp/benchmark/models/classification/mobilenetv2/mobilenetv2/mobilenet_v2_1.0_224_frozen.pb: 6%
[ 73%] /data/local/tmp/benchmark/models/classification/mobilenetv2/mobilenetv2/mobilenet_v2_1.0_224_frozen.pb: 6%
[ 73%] /data/local/tmp/benchmark/models/classification/mobilenetv2/mobilenetv2/mobilenet_v2_1.0_224_frozen.pb: 6%
[ 73%] /data/local/tmp/benchmark/models/classification/mobilenetv2/mobilenetv2/mobilenet_v2_1.0_224_frozen.pb: 7%
[ 73%] /data/local/tmp/benchmark/models/classification/mobilenetv2/mobilenetv2/mobilenet_v2_1.0_224_frozen.pb: 7%
[ 73%] /data/local/tmp/benchmark/models/classification/mobilenetv2/mobilenetv2/mobilenet_v2_1.0_224_frozen.pb: 8%
[ 73%] /data/local/tmp/benchmark/models/classification/mobilenetv2/mobilenetv2/mobilenet_v2_1.0_224_frozen.pb: 8%
[ 73%] /data/local/tmp/benchmark/models/classification/mobilenetv2/mobilenetv2/mobilenet_v2_1.0_224_frozen.pb: 9%
[ 73%] /data/local/tmp/benchmark/models/classification/mobilenetv2/mobilenetv2/mobilenet_v2_1.0_224_frozen.pb: 9%
[ 73%] /data/local/tmp/benchmark/models/classification/mobilenetv2/mobilenetv2/mobilenet_v2_1.0_224_frozen.pb: 10%
[ 73%] /data/local/tmp/benchmark/models/classification/mobilenetv2/mobilenetv2/mobilenet_v2_1.0_224_frozen.pb: 10%
[ 73%] /data/local/tmp/benchmark/models/classification/mobilenetv2/mobilenetv2/mobilenet_v2_1.0_224_frozen.pb: 11%
[ 73%] /data/local/tmp/benchmark/models/classification/mobilenetv2/mobilenetv2/mobilenet_v2_1.0_224_frozen.pb: 11%
[ 73%] /data/local/tmp/benchmark/models/classification/mobilenetv2/mobilenetv2/mobilenet_v2_1.0_224_frozen.pb: 12%
[ 73%] /data/local/tmp/benchmark/models/classification/mobilenetv2/mobilenetv2/mobilenet_v2_1.0_224_frozen.pb: 12%
[ 73%] /data/local/tmp/benchmark/models/classification/mobilenetv2/mobilenetv2/mobilenet_v2_1.0_224_frozen.pb: 13%
[ 73%] /data/local/tmp/benchmark/models/classification/mobilenetv2/mobilenetv2/mobilenet_v2_1.0_224_frozen.pb: 13%
[ 73%] /data/local/tmp/benchmark/models/classification/mobilenetv2/mobilenetv2/mobilenet_v2_1.0_224_frozen.pb: 13%
[ 73%] /data/local/tmp/benchmark/models/classification/mobilenetv2/mobilenetv2/mobilenet_v2_1.0_224_frozen.pb: 14%
[ 73%] /data/local/tmp/benchmark/models/classification/mobilenetv2/mobilenetv2/mobilenet_v2_1.0_224_frozen.pb: 14%
[ 73%] /data/local/tmp/benchmark/models/classification/mobilenetv2/mobilenetv2/mobilenet_v2_1.0_224_frozen.pb: 15%
[ 73%] /data/local/tmp/benchmark/models/classification/mobilenetv2/mobilenetv2/mobilenet_v2_1.0_224_frozen.pb: 15%
[ 73%] /data/local/tmp/benchmark/models/classification/mobilenetv2/mobilenetv2/mobilenet_v2_1.0_224_frozen.pb: 16%
[ 73%] /data/local/tmp/benchmark/models/classification/mobilenetv2/mobilenetv2/mobilenet_v2_1.0_224_frozen.pb: 16%
[ 73%] /data/local/tmp/benchmark/models/classification/mobilenetv2/mobilenetv2/mobilenet_v2_1.0_224_frozen.pb: 17%
[ 73%] /data/local/tmp/benchmark/models/classification/mobilenetv2/mobilenetv2/mobilenet_v2_1.0_224_frozen.pb: 17%
[ 73%] /data/local/tmp/benchmark/models/classification/mobilenetv2/mobilenetv2/mobilenet_v2_1.0_224_frozen.pb: 18%
[ 73%] /data/local/tmp/benchmark/models/classification/mobilenetv2/mobilenetv2/mobilenet_v2_1.0_224_frozen.pb: 18%
[ 74%] /data/local/tmp/benchmark/models/classification/mobilenetv2/mobilenetv2/mobilenet_v2_1.0_224_frozen.pb: 19%
[ 74%] /data/local/tmp/benchmark/models/classification/mobilenetv2/mobilenetv2/mobilenet_v2_1.0_224_frozen.pb: 19%
[ 74%] /data/local/tmp/benchmark/models/classification/mobilenetv2/mobilenetv2/mobilenet_v2_1.0_224_frozen.pb: 20%
[ 74%] /data/local/tmp/benchmark/models/classification/mobilenetv2/mobilenetv2/mobilenet_v2_1.0_224_frozen.pb: 20%
[ 74%] /data/local/tmp/benchmark/models/classification/mobilenetv2/mobilenetv2/mobilenet_v2_1.0_224_frozen.pb: 20%
[ 74%] /data/local/tmp/benchmark/models/classification/mobilenetv2/mobilenetv2/mobilenet_v2_1.0_224_frozen.pb: 21%
[ 74%] /data/local/tmp/benchmark/models/classification/mobilenetv2/mobilenetv2/mobilenet_v2_1.0_224_frozen.pb: 21%
[ 74%] /data/local/tmp/benchmark/models/classification/mobilenetv2/mobilenetv2/mobilenet_v2_1.0_224_frozen.pb: 22%
[ 74%] /data/local/tmp/benchmark/models/classification/mobilenetv2/mobilenetv2/mobilenet_v2_1.0_224_frozen.pb: 22%
[ 74%] /data/local/tmp/benchmark/models/classification/mobilenetv2/mobilenetv2/mobilenet_v2_1.0_224_frozen.pb: 23%
[ 74%] /data/local/tmp/benchmark/models/classification/mobilenetv2/mobilenetv2/mobilenet_v2_1.0_224_frozen.pb: 23%
[ 74%] /data/local/tmp/benchmark/models/classification/mobilenetv2/mobilenetv2/mobilenet_v2_1.0_224_frozen.pb: 24%
[ 74%] /data/local/tmp/benchmark/models/classification/mobilenetv2/mobilenetv2/mobilenet_v2_1.0_224_frozen.pb: 24%
[ 74%] /data/local/tmp/benchmark/models/classification/mobilenetv2/mobilenetv2/mobilenet_v2_1.0_224_frozen.pb: 25%
[ 74%] /data/local/tmp/benchmark/models/classification/mobilenetv2/mobilenetv2/mobilenet_v2_1.0_224_frozen.pb: 25%
[ 74%] /data/local/tmp/benchmark/models/classification/mobilenetv2/mobilenetv2/mobilenet_v2_1.0_224_frozen.pb: 26%
[ 74%] /data/local/tmp/benchmark/models/classification/mobilenetv2/mobilenetv2/mobilenet_v2_1.0_224_frozen.pb: 26%
[ 74%] /data/local/tmp/benchmark/models/classification/mobilenetv2/mobilenetv2/mobilenet_v2_1.0_224_frozen.pb: 26%
[ 74%] /data/local/tmp/benchmark/models/classification/mobilenetv2/mobilenetv2/mobilenet_v2_1.0_224_frozen.pb: 27%
[ 74%] /data/local/tmp/benchmark/models/classification/mobilenetv2/mobilenetv2/mobilenet_v2_1.0_224_frozen.pb: 27%
[ 74%] /data/local/tmp/benchmark/models/classification/mobilenetv2/mobilenetv2/mobilenet_v2_1.0_224_frozen.pb: 28%
[ 74%] /data/local/tmp/benchmark/models/classification/mobilenetv2/mobilenetv2/mobilenet_v2_1.0_224_frozen.pb: 28%
[ 74%] /data/local/tmp/benchmark/models/classification/mobilenetv2/mobilenetv2/mobilenet_v2_1.0_224_frozen.pb: 29%
[ 74%] /data/local/tmp/benchmark/models/classification/mobilenetv2/mobilenetv2/mobilenet_v2_1.0_224_frozen.pb: 29%
[ 74%] /data/local/tmp/benchmark/models/classification/mobilenetv2/mobilenetv2/mobilenet_v2_1.0_224_frozen.pb: 30%
[ 74%] /data/local/tmp/benchmark/models/classification/mobilenetv2/mobilenetv2/mobilenet_v2_1.0_224_frozen.pb: 30%
[ 74%] /data/local/tmp/benchmark/models/classification/mobilenetv2/mobilenetv2/mobilenet_v2_1.0_224_frozen.pb: 31%
[ 74%] /data/local/tmp/benchmark/models/classification/mobilenetv2/mobilenetv2/mobilenet_v2_1.0_224_frozen.pb: 31%
[ 74%] /data/local/tmp/benchmark/models/classification/mobilenetv2/mobilenetv2/mobilenet_v2_1.0_224_frozen.pb: 32%
[ 74%] /data/local/tmp/benchmark/models/classification/mobilenetv2/mobilenetv2/mobilenet_v2_1.0_224_frozen.pb: 32%
[ 74%] /data/local/tmp/benchmark/models/classification/mobilenetv2/mobilenetv2/mobilenet_v2_1.0_224_frozen.pb: 33%
[ 74%] /data/local/tmp/benchmark/models/classification/mobilenetv2/mobilenetv2/mobilenet_v2_1.0_224_frozen.pb: 33%
[ 74%] /data/local/tmp/benchmark/models/classification/mobilenetv2/mobilenetv2/mobilenet_v2_1.0_224_frozen.pb: 33%
[ 74%] /data/local/tmp/benchmark/models/classification/mobilenetv2/mobilenetv2/mobilenet_v2_1.0_224_frozen.pb: 34%
[ 74%] /data/local/tmp/benchmark/models/classification/mobilenetv2/mobilenetv2/mobilenet_v2_1.0_224_frozen.pb: 34%
[ 74%] /data/local/tmp/benchmark/models/classification/mobilenetv2/mobilenetv2/mobilenet_v2_1.0_224_frozen.pb: 35%
[ 74%] /data/local/tmp/benchmark/models/classification/mobilenetv2/mobilenetv2/mobilenet_v2_1.0_224_frozen.pb: 35%
[ 74%] /data/local/tmp/benchmark/models/classification/mobilenetv2/mobilenetv2/mobilenet_v2_1.0_224_frozen.pb: 36%
[ 74%] /data/local/tmp/benchmark/models/classification/mobilenetv2/mobilenetv2/mobilenet_v2_1.0_224_frozen.pb: 36%
[ 74%] /data/local/tmp/benchmark/models/classification/mobilenetv2/mobilenetv2/mobilenet_v2_1.0_224_frozen.pb: 37%
[ 74%] /data/local/tmp/benchmark/models/classification/mobilenetv2/mobilenetv2/mobilenet_v2_1.0_224_frozen.pb: 37%
[ 74%] /data/local/tmp/benchmark/models/classification/mobilenetv2/mobilenetv2/mobilenet_v2_1.0_224_frozen.pb: 38%
[ 74%] /data/local/tmp/benchmark/models/classification/mobilenetv2/mobilenetv2/mobilenet_v2_1.0_224_frozen.pb: 38%
[ 74%] /data/local/tmp/benchmark/models/classification/mobilenetv2/mobilenetv2/mobilenet_v2_1.0_224_frozen.pb: 39%
[ 74%] /data/local/tmp/benchmark/models/classification/mobilenetv2/mobilenetv2/mobilenet_v2_1.0_224_frozen.pb: 39%
[ 74%] /data/local/tmp/benchmark/models/classification/mobilenetv2/mobilenetv2/mobilenet_v2_1.0_224_frozen.pb: 40%
[ 74%] /data/local/tmp/benchmark/models/classification/mobilenetv2/mobilenetv2/mobilenet_v2_1.0_224_frozen.pb: 40%
[ 74%] /data/local/tmp/benchmark/models/classification/mobilenetv2/mobilenetv2/mobilenet_v2_1.0_224_frozen.pb: 40%
[ 75%] /data/local/tmp/benchmark/models/classification/mobilenetv2/mobilenetv2/mobilenet_v2_1.0_224_frozen.pb: 41%
[ 75%] /data/local/tmp/benchmark/models/classification/mobilenetv2/mobilenetv2/mobilenet_v2_1.0_224_frozen.pb: 41%
[ 75%] /data/local/tmp/benchmark/models/classification/mobilenetv2/mobilenetv2/mobilenet_v2_1.0_224_frozen.pb: 42%
[ 75%] /data/local/tmp/benchmark/models/classification/mobilenetv2/mobilenetv2/mobilenet_v2_1.0_224_frozen.pb: 42%
[ 75%] /data/local/tmp/benchmark/models/classification/mobilenetv2/mobilenetv2/mobilenet_v2_1.0_224_frozen.pb: 43%
[ 75%] /data/local/tmp/benchmark/models/classification/mobilenetv2/mobilenetv2/mobilenet_v2_1.0_224_frozen.pb: 43%
[ 75%] /data/local/tmp/benchmark/models/classification/mobilenetv2/mobilenetv2/mobilenet_v2_1.0_224_frozen.pb: 44%
[ 75%] /data/local/tmp/benchmark/models/classification/mobilenetv2/mobilenetv2/mobilenet_v2_1.0_224_frozen.pb: 44%
[ 75%] /data/local/tmp/benchmark/models/classification/mobilenetv2/mobilenetv2/mobilenet_v2_1.0_224_frozen.pb: 45%
[ 75%] /data/local/tmp/benchmark/models/classification/mobilenetv2/mobilenetv2/mobilenet_v2_1.0_224_frozen.pb: 45%
[ 75%] /data/local/tmp/benchmark/models/classification/mobilenetv2/mobilenetv2/mobilenet_v2_1.0_224_frozen.pb: 46%
[ 75%] /data/local/tmp/benchmark/models/classification/mobilenetv2/mobilenetv2/mobilenet_v2_1.0_224_frozen.pb: 46%
[ 75%] /data/local/tmp/benchmark/models/classification/mobilenetv2/mobilenetv2/mobilenet_v2_1.0_224_frozen.pb: 46%
[ 75%] /data/local/tmp/benchmark/models/classification/mobilenetv2/mobilenetv2/mobilenet_v2_1.0_224_frozen.pb: 47%
[ 75%] /data/local/tmp/benchmark/models/classification/mobilenetv2/mobilenetv2/mobilenet_v2_1.0_224_frozen.pb: 47%
[ 75%] /data/local/tmp/benchmark/models/classification/mobilenetv2/mobilenetv2/mobilenet_v2_1.0_224_frozen.pb: 48%
[ 75%] /data/local/tmp/benchmark/models/classification/mobilenetv2/mobilenetv2/mobilenet_v2_1.0_224_frozen.pb: 48%
[ 75%] /data/local/tmp/benchmark/models/classification/mobilenetv2/mobilenetv2/mobilenet_v2_1.0_224_frozen.pb: 49%
[ 75%] /data/local/tmp/benchmark/models/classification/mobilenetv2/mobilenetv2/mobilenet_v2_1.0_224_frozen.pb: 49%
[ 75%] /data/local/tmp/benchmark/models/classification/mobilenetv2/mobilenetv2/mobilenet_v2_1.0_224_frozen.pb: 50%
[ 75%] /data/local/tmp/benchmark/models/classification/mobilenetv2/mobilenetv2/mobilenet_v2_1.0_224_frozen.pb: 50%
[ 75%] /data/local/tmp/benchmark/models/classification/mobilenetv2/mobilenetv2/mobilenet_v2_1.0_224_frozen.pb: 51%
[ 75%] /data/local/tmp/benchmark/models/classification/mobilenetv2/mobilenetv2/mobilenet_v2_1.0_224_frozen.pb: 51%
[ 75%] /data/local/tmp/benchmark/models/classification/mobilenetv2/mobilenetv2/mobilenet_v2_1.0_224_frozen.pb: 52%
[ 75%] /data/local/tmp/benchmark/models/classification/mobilenetv2/mobilenetv2/mobilenet_v2_1.0_224_frozen.pb: 52%
[ 75%] /data/local/tmp/benchmark/models/classification/mobilenetv2/mobilenetv2/mobilenet_v2_1.0_224_frozen.pb: 53%
[ 75%] /data/local/tmp/benchmark/models/classification/mobilenetv2/mobilenetv2/mobilenet_v2_1.0_224_frozen.pb: 53%
[ 75%] /data/local/tmp/benchmark/models/classification/mobilenetv2/mobilenetv2/mobilenet_v2_1.0_224_frozen.pb: 53%
[ 75%] /data/local/tmp/benchmark/models/classification/mobilenetv2/mobilenetv2/mobilenet_v2_1.0_224_frozen.pb: 54%
[ 75%] /data/local/tmp/benchmark/models/classification/mobilenetv2/mobilenetv2/mobilenet_v2_1.0_224_frozen.pb: 54%
[ 75%] /data/local/tmp/benchmark/models/classification/mobilenetv2/mobilenetv2/mobilenet_v2_1.0_224_frozen.pb: 55%
[ 75%] /data/local/tmp/benchmark/models/classification/mobilenetv2/mobilenetv2/mobilenet_v2_1.0_224_frozen.pb: 55%
[ 75%] /data/local/tmp/benchmark/models/classification/mobilenetv2/mobilenetv2/mobilenet_v2_1.0_224_frozen.pb: 56%
[ 75%] /data/local/tmp/benchmark/models/classification/mobilenetv2/mobilenetv2/mobilenet_v2_1.0_224_frozen.pb: 56%
[ 75%] /data/local/tmp/benchmark/models/classification/mobilenetv2/mobilenetv2/mobilenet_v2_1.0_224_frozen.pb: 57%
[ 75%] /data/local/tmp/benchmark/models/classification/mobilenetv2/mobilenetv2/mobilenet_v2_1.0_224_frozen.pb: 57%
[ 75%] /data/local/tmp/benchmark/models/classification/mobilenetv2/mobilenetv2/mobilenet_v2_1.0_224_frozen.pb: 58%
[ 75%] /data/local/tmp/benchmark/models/classification/mobilenetv2/mobilenetv2/mobilenet_v2_1.0_224_frozen.pb: 58%
[ 75%] /data/local/tmp/benchmark/models/classification/mobilenetv2/mobilenetv2/mobilenet_v2_1.0_224_frozen.pb: 59%
[ 75%] /data/local/tmp/benchmark/models/classification/mobilenetv2/mobilenetv2/mobilenet_v2_1.0_224_frozen.pb: 59%
[ 75%] /data/local/tmp/benchmark/models/classification/mobilenetv2/mobilenetv2/mobilenet_v2_1.0_224_frozen.pb: 60%
[ 75%] /data/local/tmp/benchmark/models/classification/mobilenetv2/mobilenetv2/mobilenet_v2_1.0_224_frozen.pb: 60%
[ 75%] /data/local/tmp/benchmark/models/classification/mobilenetv2/mobilenetv2/mobilenet_v2_1.0_224_frozen.pb: 60%
[ 75%] /data/local/tmp/benchmark/models/classification/mobilenetv2/mobilenetv2/mobilenet_v2_1.0_224_frozen.pb: 61%
[ 75%] /data/local/tmp/benchmark/models/classification/mobilenetv2/mobilenetv2/mobilenet_v2_1.0_224_frozen.pb: 61%
[ 75%] /data/local/tmp/benchmark/models/classification/mobilenetv2/mobilenetv2/mobilenet_v2_1.0_224_frozen.pb: 62%
[ 75%] /data/local/tmp/benchmark/models/classification/mobilenetv2/mobilenetv2/mobilenet_v2_1.0_224_frozen.pb: 62%
[ 75%] /data/local/tmp/benchmark/models/classification/mobilenetv2/mobilenetv2/mobilenet_v2_1.0_224_frozen.pb: 63%
[ 75%] /data/local/tmp/benchmark/models/classification/mobilenetv2/mobilenetv2/mobilenet_v2_1.0_224_frozen.pb: 63%
[ 76%] /data/local/tmp/benchmark/models/classification/mobilenetv2/mobilenetv2/mobilenet_v2_1.0_224_frozen.pb: 64%
[ 76%] /data/local/tmp/benchmark/models/classification/mobilenetv2/mobilenetv2/mobilenet_v2_1.0_224_frozen.pb: 64%
[ 76%] /data/local/tmp/benchmark/models/classification/mobilenetv2/mobilenetv2/mobilenet_v2_1.0_224_frozen.pb: 65%
[ 76%] /data/local/tmp/benchmark/models/classification/mobilenetv2/mobilenetv2/mobilenet_v2_1.0_224_frozen.pb: 65%
[ 76%] /data/local/tmp/benchmark/models/classification/mobilenetv2/mobilenetv2/mobilenet_v2_1.0_224_frozen.pb: 66%
[ 76%] /data/local/tmp/benchmark/models/classification/mobilenetv2/mobilenetv2/mobilenet_v2_1.0_224_frozen.pb: 66%
[ 76%] /data/local/tmp/benchmark/models/classification/mobilenetv2/mobilenetv2/mobilenet_v2_1.0_224_frozen.pb: 67%
[ 76%] /data/local/tmp/benchmark/models/classification/mobilenetv2/mobilenetv2/mobilenet_v2_1.0_224_frozen.pb: 67%
[ 76%] /data/local/tmp/benchmark/models/classification/mobilenetv2/mobilenetv2/mobilenet_v2_1.0_224_frozen.pb: 67%
[ 76%] /data/local/tmp/benchmark/models/classification/mobilenetv2/mobilenetv2/mobilenet_v2_1.0_224_frozen.pb: 68%
[ 76%] /data/local/tmp/benchmark/models/classification/mobilenetv2/mobilenetv2/mobilenet_v2_1.0_224_frozen.pb: 68%
[ 76%] /data/local/tmp/benchmark/models/classification/mobilenetv2/mobilenetv2/mobilenet_v2_1.0_224_frozen.pb: 69%
[ 76%] /data/local/tmp/benchmark/models/classification/mobilenetv2/mobilenetv2/mobilenet_v2_1.0_224_frozen.pb: 69%
[ 76%] /data/local/tmp/benchmark/models/classification/mobilenetv2/mobilenetv2/mobilenet_v2_1.0_224_frozen.pb: 70%
[ 76%] /data/local/tmp/benchmark/models/classification/mobilenetv2/mobilenetv2/mobilenet_v2_1.0_224_frozen.pb: 70%
[ 76%] /data/local/tmp/benchmark/models/classification/mobilenetv2/mobilenetv2/mobilenet_v2_1.0_224_frozen.pb: 71%
[ 76%] /data/local/tmp/benchmark/models/classification/mobilenetv2/mobilenetv2/mobilenet_v2_1.0_224_frozen.pb: 71%
[ 76%] /data/local/tmp/benchmark/models/classification/mobilenetv2/mobilenetv2/mobilenet_v2_1.0_224_frozen.pb: 72%
[ 76%] /data/local/tmp/benchmark/models/classification/mobilenetv2/mobilenetv2/mobilenet_v2_1.0_224_frozen.pb: 72%
[ 76%] /data/local/tmp/benchmark/models/classification/mobilenetv2/mobilenetv2/mobilenet_v2_1.0_224_frozen.pb: 73%
[ 76%] /data/local/tmp/benchmark/models/classification/mobilenetv2/mobilenetv2/mobilenet_v2_1.0_224_frozen.pb: 73%
[ 76%] /data/local/tmp/benchmark/models/classification/mobilenetv2/mobilenetv2/mobilenet_v2_1.0_224_frozen.pb: 73%
[ 76%] /data/local/tmp/benchmark/models/classification/mobilenetv2/mobilenetv2/mobilenet_v2_1.0_224_frozen.pb: 74%
[ 76%] /data/local/tmp/benchmark/models/classification/mobilenetv2/mobilenetv2/mobilenet_v2_1.0_224_frozen.pb: 74%
[ 76%] /data/local/tmp/benchmark/models/classification/mobilenetv2/mobilenetv2/mobilenet_v2_1.0_224_frozen.pb: 75%
[ 76%] /data/local/tmp/benchmark/models/classification/mobilenetv2/mobilenetv2/mobilenet_v2_1.0_224_frozen.pb: 75%
[ 76%] /data/local/tmp/benchmark/models/classification/mobilenetv2/mobilenetv2/mobilenet_v2_1.0_224_frozen.pb: 76%
[ 76%] /data/local/tmp/benchmark/models/classification/mobilenetv2/mobilenetv2/mobilenet_v2_1.0_224_frozen.pb: 76%
[ 76%] /data/local/tmp/benchmark/models/classification/mobilenetv2/mobilenetv2/mobilenet_v2_1.0_224_frozen.pb: 77%
[ 76%] /data/local/tmp/benchmark/models/classification/mobilenetv2/mobilenetv2/mobilenet_v2_1.0_224_frozen.pb: 77%
[ 76%] /data/local/tmp/benchmark/models/classification/mobilenetv2/mobilenetv2/mobilenet_v2_1.0_224_frozen.pb: 78%
[ 76%] /data/local/tmp/benchmark/models/classification/mobilenetv2/mobilenetv2/mobilenet_v2_1.0_224_frozen.pb: 78%
[ 76%] /data/local/tmp/benchmark/models/classification/mobilenetv2/mobilenetv2/mobilenet_v2_1.0_224_frozen.pb: 79%
[ 76%] /data/local/tmp/benchmark/models/classification/mobilenetv2/mobilenetv2/mobilenet_v2_1.0_224_frozen.pb: 79%
[ 76%] /data/local/tmp/benchmark/models/classification/mobilenetv2/mobilenetv2/mobilenet_v2_1.0_224_frozen.pb: 80%
[ 76%] /data/local/tmp/benchmark/models/classification/mobilenetv2/mobilenetv2/mobilenet_v2_1.0_224_frozen.pb: 80%
[ 76%] /data/local/tmp/benchmark/models/classification/mobilenetv2/mobilenetv2/mobilenet_v2_1.0_224_frozen.pb: 80%
[ 76%] /data/local/tmp/benchmark/models/classification/mobilenetv2/mobilenetv2/mobilenet_v2_1.0_224_frozen.pb: 81%
[ 76%] /data/local/tmp/benchmark/models/classification/mobilenetv2/mobilenetv2/mobilenet_v2_1.0_224_frozen.pb: 81%
[ 76%] /data/local/tmp/benchmark/models/classification/mobilenetv2/mobilenetv2/mobilenet_v2_1.0_224_frozen.pb: 82%
[ 76%] /data/local/tmp/benchmark/models/classification/mobilenetv2/mobilenetv2/mobilenet_v2_1.0_224_frozen.pb: 82%
[ 76%] /data/local/tmp/benchmark/models/classification/mobilenetv2/mobilenetv2/mobilenet_v2_1.0_224_frozen.pb: 83%
[ 76%] /data/local/tmp/benchmark/models/classification/mobilenetv2/mobilenetv2/mobilenet_v2_1.0_224_frozen.pb: 83%
[ 76%] /data/local/tmp/benchmark/models/classification/mobilenetv2/mobilenetv2/mobilenet_v2_1.0_224_frozen.pb: 84%
[ 76%] /data/local/tmp/benchmark/models/classification/mobilenetv2/mobilenetv2/mobilenet_v2_1.0_224_frozen.pb: 84%
[ 76%] /data/local/tmp/benchmark/models/classification/mobilenetv2/mobilenetv2/mobilenet_v2_1.0_224_frozen.pb: 85%
[ 76%] /data/local/tmp/benchmark/models/classification/mobilenetv2/mobilenetv2/mobilenet_v2_1.0_224_frozen.pb: 85%
[ 76%] /data/local/tmp/benchmark/models/classification/mobilenetv2/mobilenetv2/mobilenet_v2_1.0_224_frozen.pb: 86%
[ 77%] /data/local/tmp/benchmark/models/classification/mobilenetv2/mobilenetv2/mobilenet_v2_1.0_224_frozen.pb: 86%
[ 77%] /data/local/tmp/benchmark/models/classification/mobilenetv2/mobilenetv2/mobilenet_v2_1.0_224_frozen.pb: 87%
[ 77%] /data/local/tmp/benchmark/models/classification/mobilenetv2/mobilenetv2/mobilenet_v2_1.0_224_frozen.pb: 87%
[ 77%] /data/local/tmp/benchmark/models/classification/mobilenetv2/mobilenetv2/mobilenet_v2_1.0_224_frozen.pb: 87%
[ 77%] /data/local/tmp/benchmark/models/classification/mobilenetv2/mobilenetv2/mobilenet_v2_1.0_224_frozen.pb: 88%
[ 77%] /data/local/tmp/benchmark/models/classification/mobilenetv2/mobilenetv2/mobilenet_v2_1.0_224_frozen.pb: 88%
[ 77%] /data/local/tmp/benchmark/models/classification/mobilenetv2/mobilenetv2/mobilenet_v2_1.0_224_frozen.pb: 89%
[ 77%] /data/local/tmp/benchmark/models/classification/mobilenetv2/mobilenetv2/mobilenet_v2_1.0_224_frozen.pb: 89%
[ 77%] /data/local/tmp/benchmark/models/classification/mobilenetv2/mobilenetv2/mobilenet_v2_1.0_224_frozen.pb: 90%
[ 77%] /data/local/tmp/benchmark/models/classification/mobilenetv2/mobilenetv2/mobilenet_v2_1.0_224_frozen.pb: 90%
[ 77%] /data/local/tmp/benchmark/models/classification/mobilenetv2/mobilenetv2/mobilenet_v2_1.0_224_frozen.pb: 91%
[ 77%] /data/local/tmp/benchmark/models/classification/mobilenetv2/mobilenetv2/mobilenet_v2_1.0_224_frozen.pb: 91%
[ 77%] /data/local/tmp/benchmark/models/classification/mobilenetv2/mobilenetv2/mobilenet_v2_1.0_224_frozen.pb: 92%
[ 77%] /data/local/tmp/benchmark/models/classification/mobilenetv2/mobilenetv2/mobilenet_v2_1.0_224_frozen.pb: 92%
[ 77%] /data/local/tmp/benchmark/models/classification/mobilenetv2/mobilenetv2/mobilenet_v2_1.0_224_frozen.pb: 93%
[ 77%] /data/local/tmp/benchmark/models/classification/mobilenetv2/mobilenetv2/mobilenet_v2_1.0_224_frozen.pb: 93%
[ 77%] /data/local/tmp/benchmark/models/classification/mobilenetv2/mobilenetv2/mobilenet_v2_1.0_224_frozen.pb: 93%
[ 77%] /data/local/tmp/benchmark/models/classification/mobilenetv2/mobilenetv2/mobilenet_v2_1.0_224_frozen.pb: 94%
[ 77%] /data/local/tmp/benchmark/models/classification/mobilenetv2/mobilenetv2/mobilenet_v2_1.0_224_frozen.pb: 94%
[ 77%] /data/local/tmp/benchmark/models/classification/mobilenetv2/mobilenetv2/mobilenet_v2_1.0_224_frozen.pb: 95%
[ 77%] /data/local/tmp/benchmark/models/classification/mobilenetv2/mobilenetv2/mobilenet_v2_1.0_224_frozen.pb: 95%
[ 77%] /data/local/tmp/benchmark/models/classification/mobilenetv2/mobilenetv2/mobilenet_v2_1.0_224_frozen.pb: 96%
[ 77%] /data/local/tmp/benchmark/models/classification/mobilenetv2/mobilenetv2/mobilenet_v2_1.0_224_frozen.pb: 96%
[ 77%] /data/local/tmp/benchmark/models/classification/mobilenetv2/mobilenetv2/mobilenet_v2_1.0_224_frozen.pb: 97%
[ 77%] /data/local/tmp/benchmark/models/classification/mobilenetv2/mobilenetv2/mobilenet_v2_1.0_224_frozen.pb: 97%
[ 77%] /data/local/tmp/benchmark/models/classification/mobilenetv2/mobilenetv2/mobilenet_v2_1.0_224_frozen.pb: 98%
[ 77%] /data/local/tmp/benchmark/models/classification/mobilenetv2/mobilenetv2/mobilenet_v2_1.0_224_frozen.pb: 98%
[ 77%] /data/local/tmp/benchmark/models/classification/mobilenetv2/mobilenetv2/mobilenet_v2_1.0_224_frozen.pb: 99%
[ 77%] /data/local/tmp/benchmark/models/classification/mobilenetv2/mobilenetv2/mobilenet_v2_1.0_224_frozen.pb: 99%
[ 77%] /data/local/tmp/benchmark/models/classification/mobilenetv2/mobilenetv2/mobilenet_v2_1.0_224_frozen.pb: 100%
[ 77%] /data/local/tmp/benchmark/models/classification/mobilenetv2/mobilenetv2/mobilenetv2_TVM.so: 100%
[ 77%] /data/local/tmp/benchmark/models/classification/mobilenetv2/mobilenetv2/mobilenetv2_TNN.tnnproto: 100%
[ 77%] /data/local/tmp/benchmark/models/classification/mobilenetv2/mobilenetv2/mobilenetv2.onnx: 0%
[ 77%] /data/local/tmp/benchmark/models/classification/mobilenetv2/mobilenetv2/mobilenetv2.onnx: 0%
[ 77%] /data/local/tmp/benchmark/models/classification/mobilenetv2/mobilenetv2/mobilenetv2.onnx: 1%
[ 77%] /data/local/tmp/benchmark/models/classification/mobilenetv2/mobilenetv2/mobilenetv2.onnx: 1%
[ 77%] /data/local/tmp/benchmark/models/classification/mobilenetv2/mobilenetv2/mobilenetv2.onnx: 2%
[ 77%] /data/local/tmp/benchmark/models/classification/mobilenetv2/mobilenetv2/mobilenetv2.onnx: 2%
[ 77%] /data/local/tmp/benchmark/models/classification/mobilenetv2/mobilenetv2/mobilenetv2.onnx: 3%
[ 77%] /data/local/tmp/benchmark/models/classification/mobilenetv2/mobilenetv2/mobilenetv2.onnx: 3%
[ 77%] /data/local/tmp/benchmark/models/classification/mobilenetv2/mobilenetv2/mobilenetv2.onnx: 4%
[ 77%] /data/local/tmp/benchmark/models/classification/mobilenetv2/mobilenetv2/mobilenetv2.onnx: 4%
[ 77%] /data/local/tmp/benchmark/models/classification/mobilenetv2/mobilenetv2/mobilenetv2.onnx: 5%
[ 77%] /data/local/tmp/benchmark/models/classification/mobilenetv2/mobilenetv2/mobilenetv2.onnx: 5%
[ 77%] /data/local/tmp/benchmark/models/classification/mobilenetv2/mobilenetv2/mobilenetv2.onnx: 6%
[ 77%] /data/local/tmp/benchmark/models/classification/mobilenetv2/mobilenetv2/mobilenetv2.onnx: 6%
[ 77%] /data/local/tmp/benchmark/models/classification/mobilenetv2/mobilenetv2/mobilenetv2.onnx: 7%
[ 77%] /data/local/tmp/benchmark/models/classification/mobilenetv2/mobilenetv2/mobilenetv2.onnx: 7%
[ 77%] /data/local/tmp/benchmark/models/classification/mobilenetv2/mobilenetv2/mobilenetv2.onnx: 7%
[ 77%] /data/local/tmp/benchmark/models/classification/mobilenetv2/mobilenetv2/mobilenetv2.onnx: 8%
[ 78%] /data/local/tmp/benchmark/models/classification/mobilenetv2/mobilenetv2/mobilenetv2.onnx: 8%
[ 78%] /data/local/tmp/benchmark/models/classification/mobilenetv2/mobilenetv2/mobilenetv2.onnx: 9%
[ 78%] /data/local/tmp/benchmark/models/classification/mobilenetv2/mobilenetv2/mobilenetv2.onnx: 9%
[ 78%] /data/local/tmp/benchmark/models/classification/mobilenetv2/mobilenetv2/mobilenetv2.onnx: 10%
[ 78%] /data/local/tmp/benchmark/models/classification/mobilenetv2/mobilenetv2/mobilenetv2.onnx: 10%
[ 78%] /data/local/tmp/benchmark/models/classification/mobilenetv2/mobilenetv2/mobilenetv2.onnx: 11%
[ 78%] /data/local/tmp/benchmark/models/classification/mobilenetv2/mobilenetv2/mobilenetv2.onnx: 11%
[ 78%] /data/local/tmp/benchmark/models/classification/mobilenetv2/mobilenetv2/mobilenetv2.onnx: 12%
[ 78%] /data/local/tmp/benchmark/models/classification/mobilenetv2/mobilenetv2/mobilenetv2.onnx: 12%
[ 78%] /data/local/tmp/benchmark/models/classification/mobilenetv2/mobilenetv2/mobilenetv2.onnx: 13%
[ 78%] /data/local/tmp/benchmark/models/classification/mobilenetv2/mobilenetv2/mobilenetv2.onnx: 13%
[ 78%] /data/local/tmp/benchmark/models/classification/mobilenetv2/mobilenetv2/mobilenetv2.onnx: 14%
[ 78%] /data/local/tmp/benchmark/models/classification/mobilenetv2/mobilenetv2/mobilenetv2.onnx: 14%
[ 78%] /data/local/tmp/benchmark/models/classification/mobilenetv2/mobilenetv2/mobilenetv2.onnx: 15%
[ 78%] /data/local/tmp/benchmark/models/classification/mobilenetv2/mobilenetv2/mobilenetv2.onnx: 15%
[ 78%] /data/local/tmp/benchmark/models/classification/mobilenetv2/mobilenetv2/mobilenetv2.onnx: 15%
[ 78%] /data/local/tmp/benchmark/models/classification/mobilenetv2/mobilenetv2/mobilenetv2.onnx: 16%
[ 78%] /data/local/tmp/benchmark/models/classification/mobilenetv2/mobilenetv2/mobilenetv2.onnx: 16%
[ 78%] /data/local/tmp/benchmark/models/classification/mobilenetv2/mobilenetv2/mobilenetv2.onnx: 17%
[ 78%] /data/local/tmp/benchmark/models/classification/mobilenetv2/mobilenetv2/mobilenetv2.onnx: 17%
[ 78%] /data/local/tmp/benchmark/models/classification/mobilenetv2/mobilenetv2/mobilenetv2.onnx: 18%
[ 78%] /data/local/tmp/benchmark/models/classification/mobilenetv2/mobilenetv2/mobilenetv2.onnx: 18%
[ 78%] /data/local/tmp/benchmark/models/classification/mobilenetv2/mobilenetv2/mobilenetv2.onnx: 19%
[ 78%] /data/local/tmp/benchmark/models/classification/mobilenetv2/mobilenetv2/mobilenetv2.onnx: 19%
[ 78%] /data/local/tmp/benchmark/models/classification/mobilenetv2/mobilenetv2/mobilenetv2.onnx: 20%
[ 78%] /data/local/tmp/benchmark/models/classification/mobilenetv2/mobilenetv2/mobilenetv2.onnx: 20%
[ 78%] /data/local/tmp/benchmark/models/classification/mobilenetv2/mobilenetv2/mobilenetv2.onnx: 21%
[ 78%] /data/local/tmp/benchmark/models/classification/mobilenetv2/mobilenetv2/mobilenetv2.onnx: 21%
[ 78%] /data/local/tmp/benchmark/models/classification/mobilenetv2/mobilenetv2/mobilenetv2.onnx: 22%
[ 78%] /data/local/tmp/benchmark/models/classification/mobilenetv2/mobilenetv2/mobilenetv2.onnx: 22%
[ 78%] /data/local/tmp/benchmark/models/classification/mobilenetv2/mobilenetv2/mobilenetv2.onnx: 22%
[ 78%] /data/local/tmp/benchmark/models/classification/mobilenetv2/mobilenetv2/mobilenetv2.onnx: 23%
[ 78%] /data/local/tmp/benchmark/models/classification/mobilenetv2/mobilenetv2/mobilenetv2.onnx: 23%
[ 78%] /data/local/tmp/benchmark/models/classification/mobilenetv2/mobilenetv2/mobilenetv2.onnx: 24%
[ 78%] /data/local/tmp/benchmark/models/classification/mobilenetv2/mobilenetv2/mobilenetv2.onnx: 24%
[ 78%] /data/local/tmp/benchmark/models/classification/mobilenetv2/mobilenetv2/mobilenetv2.onnx: 25%
[ 78%] /data/local/tmp/benchmark/models/classification/mobilenetv2/mobilenetv2/mobilenetv2.onnx: 25%
[ 78%] /data/local/tmp/benchmark/models/classification/mobilenetv2/mobilenetv2/mobilenetv2.onnx: 26%
[ 78%] /data/local/tmp/benchmark/models/classification/mobilenetv2/mobilenetv2/mobilenetv2.onnx: 26%
[ 78%] /data/local/tmp/benchmark/models/classification/mobilenetv2/mobilenetv2/mobilenetv2.onnx: 27%
[ 78%] /data/local/tmp/benchmark/models/classification/mobilenetv2/mobilenetv2/mobilenetv2.onnx: 27%
[ 78%] /data/local/tmp/benchmark/models/classification/mobilenetv2/mobilenetv2/mobilenetv2.onnx: 28%
[ 78%] /data/local/tmp/benchmark/models/classification/mobilenetv2/mobilenetv2/mobilenetv2.onnx: 28%
[ 78%] /data/local/tmp/benchmark/models/classification/mobilenetv2/mobilenetv2/mobilenetv2.onnx: 29%
[ 78%] /data/local/tmp/benchmark/models/classification/mobilenetv2/mobilenetv2/mobilenetv2.onnx: 29%
[ 78%] /data/local/tmp/benchmark/models/classification/mobilenetv2/mobilenetv2/mobilenetv2.onnx: 30%
[ 78%] /data/local/tmp/benchmark/models/classification/mobilenetv2/mobilenetv2/mobilenetv2.onnx: 30%
[ 78%] /data/local/tmp/benchmark/models/classification/mobilenetv2/mobilenetv2/mobilenetv2.onnx: 30%
[ 79%] /data/local/tmp/benchmark/models/classification/mobilenetv2/mobilenetv2/mobilenetv2.onnx: 31%
[ 79%] /data/local/tmp/benchmark/models/classification/mobilenetv2/mobilenetv2/mobilenetv2.onnx: 31%
[ 79%] /data/local/tmp/benchmark/models/classification/mobilenetv2/mobilenetv2/mobilenetv2.onnx: 32%
[ 79%] /data/local/tmp/benchmark/models/classification/mobilenetv2/mobilenetv2/mobilenetv2.onnx: 32%
[ 79%] /data/local/tmp/benchmark/models/classification/mobilenetv2/mobilenetv2/mobilenetv2.onnx: 33%
[ 79%] /data/local/tmp/benchmark/models/classification/mobilenetv2/mobilenetv2/mobilenetv2.onnx: 33%
[ 79%] /data/local/tmp/benchmark/models/classification/mobilenetv2/mobilenetv2/mobilenetv2.onnx: 34%
[ 79%] /data/local/tmp/benchmark/models/classification/mobilenetv2/mobilenetv2/mobilenetv2.onnx: 34%
[ 79%] /data/local/tmp/benchmark/models/classification/mobilenetv2/mobilenetv2/mobilenetv2.onnx: 35%
[ 79%] /data/local/tmp/benchmark/models/classification/mobilenetv2/mobilenetv2/mobilenetv2.onnx: 35%
[ 79%] /data/local/tmp/benchmark/models/classification/mobilenetv2/mobilenetv2/mobilenetv2.onnx: 36%
[ 79%] /data/local/tmp/benchmark/models/classification/mobilenetv2/mobilenetv2/mobilenetv2.onnx: 36%
[ 79%] /data/local/tmp/benchmark/models/classification/mobilenetv2/mobilenetv2/mobilenetv2.onnx: 37%
[ 79%] /data/local/tmp/benchmark/models/classification/mobilenetv2/mobilenetv2/mobilenetv2.onnx: 37%
[ 79%] /data/local/tmp/benchmark/models/classification/mobilenetv2/mobilenetv2/mobilenetv2.onnx: 38%
[ 79%] /data/local/tmp/benchmark/models/classification/mobilenetv2/mobilenetv2/mobilenetv2.onnx: 38%
[ 79%] /data/local/tmp/benchmark/models/classification/mobilenetv2/mobilenetv2/mobilenetv2.onnx: 38%
[ 79%] /data/local/tmp/benchmark/models/classification/mobilenetv2/mobilenetv2/mobilenetv2.onnx: 39%
[ 79%] /data/local/tmp/benchmark/models/classification/mobilenetv2/mobilenetv2/mobilenetv2.onnx: 39%
[ 79%] /data/local/tmp/benchmark/models/classification/mobilenetv2/mobilenetv2/mobilenetv2.onnx: 40%
[ 79%] /data/local/tmp/benchmark/models/classification/mobilenetv2/mobilenetv2/mobilenetv2.onnx: 40%
[ 79%] /data/local/tmp/benchmark/models/classification/mobilenetv2/mobilenetv2/mobilenetv2.onnx: 41%
[ 79%] /data/local/tmp/benchmark/models/classification/mobilenetv2/mobilenetv2/mobilenetv2.onnx: 41%
[ 79%] /data/local/tmp/benchmark/models/classification/mobilenetv2/mobilenetv2/mobilenetv2.onnx: 42%
[ 79%] /data/local/tmp/benchmark/models/classification/mobilenetv2/mobilenetv2/mobilenetv2.onnx: 42%
[ 79%] /data/local/tmp/benchmark/models/classification/mobilenetv2/mobilenetv2/mobilenetv2.onnx: 43%
[ 79%] /data/local/tmp/benchmark/models/classification/mobilenetv2/mobilenetv2/mobilenetv2.onnx: 43%
[ 79%] /data/local/tmp/benchmark/models/classification/mobilenetv2/mobilenetv2/mobilenetv2.onnx: 44%
[ 79%] /data/local/tmp/benchmark/models/classification/mobilenetv2/mobilenetv2/mobilenetv2.onnx: 44%
[ 79%] /data/local/tmp/benchmark/models/classification/mobilenetv2/mobilenetv2/mobilenetv2.onnx: 45%
[ 79%] /data/local/tmp/benchmark/models/classification/mobilenetv2/mobilenetv2/mobilenetv2.onnx: 45%
[ 79%] /data/local/tmp/benchmark/models/classification/mobilenetv2/mobilenetv2/mobilenetv2.onnx: 45%
[ 79%] /data/local/tmp/benchmark/models/classification/mobilenetv2/mobilenetv2/mobilenetv2.onnx: 46%
[ 79%] /data/local/tmp/benchmark/models/classification/mobilenetv2/mobilenetv2/mobilenetv2.onnx: 46%
[ 79%] /data/local/tmp/benchmark/models/classification/mobilenetv2/mobilenetv2/mobilenetv2.onnx: 47%
[ 79%] /data/local/tmp/benchmark/models/classification/mobilenetv2/mobilenetv2/mobilenetv2.onnx: 47%
[ 79%] /data/local/tmp/benchmark/models/classification/mobilenetv2/mobilenetv2/mobilenetv2.onnx: 48%
[ 79%] /data/local/tmp/benchmark/models/classification/mobilenetv2/mobilenetv2/mobilenetv2.onnx: 48%
[ 79%] /data/local/tmp/benchmark/models/classification/mobilenetv2/mobilenetv2/mobilenetv2.onnx: 49%
[ 79%] /data/local/tmp/benchmark/models/classification/mobilenetv2/mobilenetv2/mobilenetv2.onnx: 49%
[ 79%] /data/local/tmp/benchmark/models/classification/mobilenetv2/mobilenetv2/mobilenetv2.onnx: 50%
[ 79%] /data/local/tmp/benchmark/models/classification/mobilenetv2/mobilenetv2/mobilenetv2.onnx: 50%
[ 79%] /data/local/tmp/benchmark/models/classification/mobilenetv2/mobilenetv2/mobilenetv2.onnx: 51%
[ 79%] /data/local/tmp/benchmark/models/classification/mobilenetv2/mobilenetv2/mobilenetv2.onnx: 51%
[ 79%] /data/local/tmp/benchmark/models/classification/mobilenetv2/mobilenetv2/mobilenetv2.onnx: 52%
[ 79%] /data/local/tmp/benchmark/models/classification/mobilenetv2/mobilenetv2/mobilenetv2.onnx: 52%
[ 79%] /data/local/tmp/benchmark/models/classification/mobilenetv2/mobilenetv2/mobilenetv2.onnx: 53%
[ 79%] /data/local/tmp/benchmark/models/classification/mobilenetv2/mobilenetv2/mobilenetv2.onnx: 53%
[ 79%] /data/local/tmp/benchmark/models/classification/mobilenetv2/mobilenetv2/mobilenetv2.onnx: 53%
[ 80%] /data/local/tmp/benchmark/models/classification/mobilenetv2/mobilenetv2/mobilenetv2.onnx: 54%
[ 80%] /data/local/tmp/benchmark/models/classification/mobilenetv2/mobilenetv2/mobilenetv2.onnx: 54%
[ 80%] /data/local/tmp/benchmark/models/classification/mobilenetv2/mobilenetv2/mobilenetv2.onnx: 55%
[ 80%] /data/local/tmp/benchmark/models/classification/mobilenetv2/mobilenetv2/mobilenetv2.onnx: 55%
[ 80%] /data/local/tmp/benchmark/models/classification/mobilenetv2/mobilenetv2/mobilenetv2.onnx: 56%
[ 80%] /data/local/tmp/benchmark/models/classification/mobilenetv2/mobilenetv2/mobilenetv2.onnx: 56%
[ 80%] /data/local/tmp/benchmark/models/classification/mobilenetv2/mobilenetv2/mobilenetv2.onnx: 57%
[ 80%] /data/local/tmp/benchmark/models/classification/mobilenetv2/mobilenetv2/mobilenetv2.onnx: 57%
[ 80%] /data/local/tmp/benchmark/models/classification/mobilenetv2/mobilenetv2/mobilenetv2.onnx: 58%
[ 80%] /data/local/tmp/benchmark/models/classification/mobilenetv2/mobilenetv2/mobilenetv2.onnx: 58%
[ 80%] /data/local/tmp/benchmark/models/classification/mobilenetv2/mobilenetv2/mobilenetv2.onnx: 59%
[ 80%] /data/local/tmp/benchmark/models/classification/mobilenetv2/mobilenetv2/mobilenetv2.onnx: 59%
[ 80%] /data/local/tmp/benchmark/models/classification/mobilenetv2/mobilenetv2/mobilenetv2.onnx: 60%
[ 80%] /data/local/tmp/benchmark/models/classification/mobilenetv2/mobilenetv2/mobilenetv2.onnx: 60%
[ 80%] /data/local/tmp/benchmark/models/classification/mobilenetv2/mobilenetv2/mobilenetv2.onnx: 61%
[ 80%] /data/local/tmp/benchmark/models/classification/mobilenetv2/mobilenetv2/mobilenetv2.onnx: 61%
[ 80%] /data/local/tmp/benchmark/models/classification/mobilenetv2/mobilenetv2/mobilenetv2.onnx: 61%
[ 80%] /data/local/tmp/benchmark/models/classification/mobilenetv2/mobilenetv2/mobilenetv2.onnx: 62%
[ 80%] /data/local/tmp/benchmark/models/classification/mobilenetv2/mobilenetv2/mobilenetv2.onnx: 62%
[ 80%] /data/local/tmp/benchmark/models/classification/mobilenetv2/mobilenetv2/mobilenetv2.onnx: 63%
[ 80%] /data/local/tmp/benchmark/models/classification/mobilenetv2/mobilenetv2/mobilenetv2.onnx: 63%
[ 80%] /data/local/tmp/benchmark/models/classification/mobilenetv2/mobilenetv2/mobilenetv2.onnx: 64%
[ 80%] /data/local/tmp/benchmark/models/classification/mobilenetv2/mobilenetv2/mobilenetv2.onnx: 64%
[ 80%] /data/local/tmp/benchmark/models/classification/mobilenetv2/mobilenetv2/mobilenetv2.onnx: 65%
[ 80%] /data/local/tmp/benchmark/models/classification/mobilenetv2/mobilenetv2/mobilenetv2.onnx: 65%
[ 80%] /data/local/tmp/benchmark/models/classification/mobilenetv2/mobilenetv2/mobilenetv2.onnx: 66%
[ 80%] /data/local/tmp/benchmark/models/classification/mobilenetv2/mobilenetv2/mobilenetv2.onnx: 66%
[ 80%] /data/local/tmp/benchmark/models/classification/mobilenetv2/mobilenetv2/mobilenetv2.onnx: 67%
[ 80%] /data/local/tmp/benchmark/models/classification/mobilenetv2/mobilenetv2/mobilenetv2.onnx: 67%
[ 80%] /data/local/tmp/benchmark/models/classification/mobilenetv2/mobilenetv2/mobilenetv2.onnx: 68%
[ 80%] /data/local/tmp/benchmark/models/classification/mobilenetv2/mobilenetv2/mobilenetv2.onnx: 68%
[ 80%] /data/local/tmp/benchmark/models/classification/mobilenetv2/mobilenetv2/mobilenetv2.onnx: 68%
[ 80%] /data/local/tmp/benchmark/models/classification/mobilenetv2/mobilenetv2/mobilenetv2.onnx: 69%
[ 80%] /data/local/tmp/benchmark/models/classification/mobilenetv2/mobilenetv2/mobilenetv2.onnx: 69%
[ 80%] /data/local/tmp/benchmark/models/classification/mobilenetv2/mobilenetv2/mobilenetv2.onnx: 70%
[ 80%] /data/local/tmp/benchmark/models/classification/mobilenetv2/mobilenetv2/mobilenetv2.onnx: 70%
[ 80%] /data/local/tmp/benchmark/models/classification/mobilenetv2/mobilenetv2/mobilenetv2.onnx: 71%
[ 80%] /data/local/tmp/benchmark/models/classification/mobilenetv2/mobilenetv2/mobilenetv2.onnx: 71%
[ 80%] /data/local/tmp/benchmark/models/classification/mobilenetv2/mobilenetv2/mobilenetv2.onnx: 72%
[ 80%] /data/local/tmp/benchmark/models/classification/mobilenetv2/mobilenetv2/mobilenetv2.onnx: 72%
[ 80%] /data/local/tmp/benchmark/models/classification/mobilenetv2/mobilenetv2/mobilenetv2.onnx: 73%
[ 80%] /data/local/tmp/benchmark/models/classification/mobilenetv2/mobilenetv2/mobilenetv2.onnx: 73%
[ 80%] /data/local/tmp/benchmark/models/classification/mobilenetv2/mobilenetv2/mobilenetv2.onnx: 74%
[ 80%] /data/local/tmp/benchmark/models/classification/mobilenetv2/mobilenetv2/mobilenetv2.onnx: 74%
[ 80%] /data/local/tmp/benchmark/models/classification/mobilenetv2/mobilenetv2/mobilenetv2.onnx: 75%
[ 80%] /data/local/tmp/benchmark/models/classification/mobilenetv2/mobilenetv2/mobilenetv2.onnx: 75%
[ 80%] /data/local/tmp/benchmark/models/classification/mobilenetv2/mobilenetv2/mobilenetv2.onnx: 76%
[ 80%] /data/local/tmp/benchmark/models/classification/mobilenetv2/mobilenetv2/mobilenetv2.onnx: 76%
[ 81%] /data/local/tmp/benchmark/models/classification/mobilenetv2/mobilenetv2/mobilenetv2.onnx: 76%
[ 81%] /data/local/tmp/benchmark/models/classification/mobilenetv2/mobilenetv2/mobilenetv2.onnx: 77%
[ 81%] /data/local/tmp/benchmark/models/classification/mobilenetv2/mobilenetv2/mobilenetv2.onnx: 77%
[ 81%] /data/local/tmp/benchmark/models/classification/mobilenetv2/mobilenetv2/mobilenetv2.onnx: 78%
[ 81%] /data/local/tmp/benchmark/models/classification/mobilenetv2/mobilenetv2/mobilenetv2.onnx: 78%
[ 81%] /data/local/tmp/benchmark/models/classification/mobilenetv2/mobilenetv2/mobilenetv2.onnx: 79%
[ 81%] /data/local/tmp/benchmark/models/classification/mobilenetv2/mobilenetv2/mobilenetv2.onnx: 79%
[ 81%] /data/local/tmp/benchmark/models/classification/mobilenetv2/mobilenetv2/mobilenetv2.onnx: 80%
[ 81%] /data/local/tmp/benchmark/models/classification/mobilenetv2/mobilenetv2/mobilenetv2.onnx: 80%
[ 81%] /data/local/tmp/benchmark/models/classification/mobilenetv2/mobilenetv2/mobilenetv2.onnx: 81%
[ 81%] /data/local/tmp/benchmark/models/classification/mobilenetv2/mobilenetv2/mobilenetv2.onnx: 81%
[ 81%] /data/local/tmp/benchmark/models/classification/mobilenetv2/mobilenetv2/mobilenetv2.onnx: 82%
[ 81%] /data/local/tmp/benchmark/models/classification/mobilenetv2/mobilenetv2/mobilenetv2.onnx: 82%
[ 81%] /data/local/tmp/benchmark/models/classification/mobilenetv2/mobilenetv2/mobilenetv2.onnx: 83%
[ 81%] /data/local/tmp/benchmark/models/classification/mobilenetv2/mobilenetv2/mobilenetv2.onnx: 83%
[ 81%] /data/local/tmp/benchmark/models/classification/mobilenetv2/mobilenetv2/mobilenetv2.onnx: 84%
[ 81%] /data/local/tmp/benchmark/models/classification/mobilenetv2/mobilenetv2/mobilenetv2.onnx: 84%
[ 81%] /data/local/tmp/benchmark/models/classification/mobilenetv2/mobilenetv2/mobilenetv2.onnx: 84%
[ 81%] /data/local/tmp/benchmark/models/classification/mobilenetv2/mobilenetv2/mobilenetv2.onnx: 85%
[ 81%] /data/local/tmp/benchmark/models/classification/mobilenetv2/mobilenetv2/mobilenetv2.onnx: 85%
[ 81%] /data/local/tmp/benchmark/models/classification/mobilenetv2/mobilenetv2/mobilenetv2.onnx: 86%
[ 81%] /data/local/tmp/benchmark/models/classification/mobilenetv2/mobilenetv2/mobilenetv2.onnx: 86%
[ 81%] /data/local/tmp/benchmark/models/classification/mobilenetv2/mobilenetv2/mobilenetv2.onnx: 87%
[ 81%] /data/local/tmp/benchmark/models/classification/mobilenetv2/mobilenetv2/mobilenetv2.onnx: 87%
[ 81%] /data/local/tmp/benchmark/models/classification/mobilenetv2/mobilenetv2/mobilenetv2.onnx: 88%
[ 81%] /data/local/tmp/benchmark/models/classification/mobilenetv2/mobilenetv2/mobilenetv2.onnx: 88%
[ 81%] /data/local/tmp/benchmark/models/classification/mobilenetv2/mobilenetv2/mobilenetv2.onnx: 89%
[ 81%] /data/local/tmp/benchmark/models/classification/mobilenetv2/mobilenetv2/mobilenetv2.onnx: 89%
[ 81%] /data/local/tmp/benchmark/models/classification/mobilenetv2/mobilenetv2/mobilenetv2.onnx: 90%
[ 81%] /data/local/tmp/benchmark/models/classification/mobilenetv2/mobilenetv2/mobilenetv2.onnx: 90%
[ 81%] /data/local/tmp/benchmark/models/classification/mobilenetv2/mobilenetv2/mobilenetv2.onnx: 91%
[ 81%] /data/local/tmp/benchmark/models/classification/mobilenetv2/mobilenetv2/mobilenetv2.onnx: 91%
[ 81%] /data/local/tmp/benchmark/models/classification/mobilenetv2/mobilenetv2/mobilenetv2.onnx: 91%
[ 81%] /data/local/tmp/benchmark/models/classification/mobilenetv2/mobilenetv2/mobilenetv2.onnx: 92%
[ 81%] /data/local/tmp/benchmark/models/classification/mobilenetv2/mobilenetv2/mobilenetv2.onnx: 92%
[ 81%] /data/local/tmp/benchmark/models/classification/mobilenetv2/mobilenetv2/mobilenetv2.onnx: 93%
[ 81%] /data/local/tmp/benchmark/models/classification/mobilenetv2/mobilenetv2/mobilenetv2.onnx: 93%
[ 81%] /data/local/tmp/benchmark/models/classification/mobilenetv2/mobilenetv2/mobilenetv2.onnx: 94%
[ 81%] /data/local/tmp/benchmark/models/classification/mobilenetv2/mobilenetv2/mobilenetv2.onnx: 94%
[ 81%] /data/local/tmp/benchmark/models/classification/mobilenetv2/mobilenetv2/mobilenetv2.onnx: 95%
[ 81%] /data/local/tmp/benchmark/models/classification/mobilenetv2/mobilenetv2/mobilenetv2.onnx: 95%
[ 81%] /data/local/tmp/benchmark/models/classification/mobilenetv2/mobilenetv2/mobilenetv2.onnx: 96%
[ 81%] /data/local/tmp/benchmark/models/classification/mobilenetv2/mobilenetv2/mobilenetv2.onnx: 96%
[ 81%] /data/local/tmp/benchmark/models/classification/mobilenetv2/mobilenetv2/mobilenetv2.onnx: 97%
[ 81%] /data/local/tmp/benchmark/models/classification/mobilenetv2/mobilenetv2/mobilenetv2.onnx: 97%
[ 81%] /data/local/tmp/benchmark/models/classification/mobilenetv2/mobilenetv2/mobilenetv2.onnx: 98%
[ 81%] /data/local/tmp/benchmark/models/classification/mobilenetv2/mobilenetv2/mobilenetv2.onnx: 98%
[ 81%] /data/local/tmp/benchmark/models/classification/mobilenetv2/mobilenetv2/mobilenetv2.onnx: 99%
[ 81%] /data/local/tmp/benchmark/models/classification/mobilenetv2/mobilenetv2/mobilenetv2.onnx: 99%
[ 82%] /data/local/tmp/benchmark/models/classification/mobilenetv2/mobilenetv2/mobilenetv2.onnx: 99%
[ 82%] /data/local/tmp/benchmark/models/classification/mobilenetv2/mobilenetv2/mobilenetv2.onnx: 100%
[ 82%] /data/local/tmp/benchmark/models/classification/mobilenetv2/mobilenetv2/mobilenetv2_TNN.tnnmodel: 0%
[ 82%] /data/local/tmp/benchmark/models/classification/mobilenetv2/mobilenetv2/mobilenetv2_TNN.tnnmodel: 0%
[ 82%] /data/local/tmp/benchmark/models/classification/mobilenetv2/mobilenetv2/mobilenetv2_TNN.tnnmodel: 1%
[ 82%] /data/local/tmp/benchmark/models/classification/mobilenetv2/mobilenetv2/mobilenetv2_TNN.tnnmodel: 1%
[ 82%] /data/local/tmp/benchmark/models/classification/mobilenetv2/mobilenetv2/mobilenetv2_TNN.tnnmodel: 2%
[ 82%] /data/local/tmp/benchmark/models/classification/mobilenetv2/mobilenetv2/mobilenetv2_TNN.tnnmodel: 2%
[ 82%] /data/local/tmp/benchmark/models/classification/mobilenetv2/mobilenetv2/mobilenetv2_TNN.tnnmodel: 3%
[ 82%] /data/local/tmp/benchmark/models/classification/mobilenetv2/mobilenetv2/mobilenetv2_TNN.tnnmodel: 3%
[ 82%] /data/local/tmp/benchmark/models/classification/mobilenetv2/mobilenetv2/mobilenetv2_TNN.tnnmodel: 4%
[ 82%] /data/local/tmp/benchmark/models/classification/mobilenetv2/mobilenetv2/mobilenetv2_TNN.tnnmodel: 4%
[ 82%] /data/local/tmp/benchmark/models/classification/mobilenetv2/mobilenetv2/mobilenetv2_TNN.tnnmodel: 5%
[ 82%] /data/local/tmp/benchmark/models/classification/mobilenetv2/mobilenetv2/mobilenetv2_TNN.tnnmodel: 5%
[ 82%] /data/local/tmp/benchmark/models/classification/mobilenetv2/mobilenetv2/mobilenetv2_TNN.tnnmodel: 6%
[ 82%] /data/local/tmp/benchmark/models/classification/mobilenetv2/mobilenetv2/mobilenetv2_TNN.tnnmodel: 6%
[ 82%] /data/local/tmp/benchmark/models/classification/mobilenetv2/mobilenetv2/mobilenetv2_TNN.tnnmodel: 7%
[ 82%] /data/local/tmp/benchmark/models/classification/mobilenetv2/mobilenetv2/mobilenetv2_TNN.tnnmodel: 7%
[ 82%] /data/local/tmp/benchmark/models/classification/mobilenetv2/mobilenetv2/mobilenetv2_TNN.tnnmodel: 7%
[ 82%] /data/local/tmp/benchmark/models/classification/mobilenetv2/mobilenetv2/mobilenetv2_TNN.tnnmodel: 8%
[ 82%] /data/local/tmp/benchmark/models/classification/mobilenetv2/mobilenetv2/mobilenetv2_TNN.tnnmodel: 8%
[ 82%] /data/local/tmp/benchmark/models/classification/mobilenetv2/mobilenetv2/mobilenetv2_TNN.tnnmodel: 9%
[ 82%] /data/local/tmp/benchmark/models/classification/mobilenetv2/mobilenetv2/mobilenetv2_TNN.tnnmodel: 9%
[ 82%] /data/local/tmp/benchmark/models/classification/mobilenetv2/mobilenetv2/mobilenetv2_TNN.tnnmodel: 10%
[ 82%] /data/local/tmp/benchmark/models/classification/mobilenetv2/mobilenetv2/mobilenetv2_TNN.tnnmodel: 10%
[ 82%] /data/local/tmp/benchmark/models/classification/mobilenetv2/mobilenetv2/mobilenetv2_TNN.tnnmodel: 11%
[ 82%] /data/local/tmp/benchmark/models/classification/mobilenetv2/mobilenetv2/mobilenetv2_TNN.tnnmodel: 11%
[ 82%] /data/local/tmp/benchmark/models/classification/mobilenetv2/mobilenetv2/mobilenetv2_TNN.tnnmodel: 12%
[ 82%] /data/local/tmp/benchmark/models/classification/mobilenetv2/mobilenetv2/mobilenetv2_TNN.tnnmodel: 12%
[ 82%] /data/local/tmp/benchmark/models/classification/mobilenetv2/mobilenetv2/mobilenetv2_TNN.tnnmodel: 13%
[ 82%] /data/local/tmp/benchmark/models/classification/mobilenetv2/mobilenetv2/mobilenetv2_TNN.tnnmodel: 13%
[ 82%] /data/local/tmp/benchmark/models/classification/mobilenetv2/mobilenetv2/mobilenetv2_TNN.tnnmodel: 14%
[ 82%] /data/local/tmp/benchmark/models/classification/mobilenetv2/mobilenetv2/mobilenetv2_TNN.tnnmodel: 14%
[ 82%] /data/local/tmp/benchmark/models/classification/mobilenetv2/mobilenetv2/mobilenetv2_TNN.tnnmodel: 15%
[ 82%] /data/local/tmp/benchmark/models/classification/mobilenetv2/mobilenetv2/mobilenetv2_TNN.tnnmodel: 15%
[ 82%] /data/local/tmp/benchmark/models/classification/mobilenetv2/mobilenetv2/mobilenetv2_TNN.tnnmodel: 15%
[ 82%] /data/local/tmp/benchmark/models/classification/mobilenetv2/mobilenetv2/mobilenetv2_TNN.tnnmodel: 16%
[ 82%] /data/local/tmp/benchmark/models/classification/mobilenetv2/mobilenetv2/mobilenetv2_TNN.tnnmodel: 16%
[ 82%] /data/local/tmp/benchmark/models/classification/mobilenetv2/mobilenetv2/mobilenetv2_TNN.tnnmodel: 17%
[ 82%] /data/local/tmp/benchmark/models/classification/mobilenetv2/mobilenetv2/mobilenetv2_TNN.tnnmodel: 17%
[ 82%] /data/local/tmp/benchmark/models/classification/mobilenetv2/mobilenetv2/mobilenetv2_TNN.tnnmodel: 18%
[ 82%] /data/local/tmp/benchmark/models/classification/mobilenetv2/mobilenetv2/mobilenetv2_TNN.tnnmodel: 18%
[ 82%] /data/local/tmp/benchmark/models/classification/mobilenetv2/mobilenetv2/mobilenetv2_TNN.tnnmodel: 19%
[ 82%] /data/local/tmp/benchmark/models/classification/mobilenetv2/mobilenetv2/mobilenetv2_TNN.tnnmodel: 19%
[ 82%] /data/local/tmp/benchmark/models/classification/mobilenetv2/mobilenetv2/mobilenetv2_TNN.tnnmodel: 20%
[ 82%] /data/local/tmp/benchmark/models/classification/mobilenetv2/mobilenetv2/mobilenetv2_TNN.tnnmodel: 20%
[ 82%] /data/local/tmp/benchmark/models/classification/mobilenetv2/mobilenetv2/mobilenetv2_TNN.tnnmodel: 21%
[ 82%] /data/local/tmp/benchmark/models/classification/mobilenetv2/mobilenetv2/mobilenetv2_TNN.tnnmodel: 21%
[ 82%] /data/local/tmp/benchmark/models/classification/mobilenetv2/mobilenetv2/mobilenetv2_TNN.tnnmodel: 22%
[ 83%] /data/local/tmp/benchmark/models/classification/mobilenetv2/mobilenetv2/mobilenetv2_TNN.tnnmodel: 22%
[ 83%] /data/local/tmp/benchmark/models/classification/mobilenetv2/mobilenetv2/mobilenetv2_TNN.tnnmodel: 23%
[ 83%] /data/local/tmp/benchmark/models/classification/mobilenetv2/mobilenetv2/mobilenetv2_TNN.tnnmodel: 23%
[ 83%] /data/local/tmp/benchmark/models/classification/mobilenetv2/mobilenetv2/mobilenetv2_TNN.tnnmodel: 23%
[ 83%] /data/local/tmp/benchmark/models/classification/mobilenetv2/mobilenetv2/mobilenetv2_TNN.tnnmodel: 24%
[ 83%] /data/local/tmp/benchmark/models/classification/mobilenetv2/mobilenetv2/mobilenetv2_TNN.tnnmodel: 24%
[ 83%] /data/local/tmp/benchmark/models/classification/mobilenetv2/mobilenetv2/mobilenetv2_TNN.tnnmodel: 25%
[ 83%] /data/local/tmp/benchmark/models/classification/mobilenetv2/mobilenetv2/mobilenetv2_TNN.tnnmodel: 25%
[ 83%] /data/local/tmp/benchmark/models/classification/mobilenetv2/mobilenetv2/mobilenetv2_TNN.tnnmodel: 26%
[ 83%] /data/local/tmp/benchmark/models/classification/mobilenetv2/mobilenetv2/mobilenetv2_TNN.tnnmodel: 26%
[ 83%] /data/local/tmp/benchmark/models/classification/mobilenetv2/mobilenetv2/mobilenetv2_TNN.tnnmodel: 27%
[ 83%] /data/local/tmp/benchmark/models/classification/mobilenetv2/mobilenetv2/mobilenetv2_TNN.tnnmodel: 27%
[ 83%] /data/local/tmp/benchmark/models/classification/mobilenetv2/mobilenetv2/mobilenetv2_TNN.tnnmodel: 28%
[ 83%] /data/local/tmp/benchmark/models/classification/mobilenetv2/mobilenetv2/mobilenetv2_TNN.tnnmodel: 28%
[ 83%] /data/local/tmp/benchmark/models/classification/mobilenetv2/mobilenetv2/mobilenetv2_TNN.tnnmodel: 29%
[ 83%] /data/local/tmp/benchmark/models/classification/mobilenetv2/mobilenetv2/mobilenetv2_TNN.tnnmodel: 29%
[ 83%] /data/local/tmp/benchmark/models/classification/mobilenetv2/mobilenetv2/mobilenetv2_TNN.tnnmodel: 30%
[ 83%] /data/local/tmp/benchmark/models/classification/mobilenetv2/mobilenetv2/mobilenetv2_TNN.tnnmodel: 30%
[ 83%] /data/local/tmp/benchmark/models/classification/mobilenetv2/mobilenetv2/mobilenetv2_TNN.tnnmodel: 30%
[ 83%] /data/local/tmp/benchmark/models/classification/mobilenetv2/mobilenetv2/mobilenetv2_TNN.tnnmodel: 31%
[ 83%] /data/local/tmp/benchmark/models/classification/mobilenetv2/mobilenetv2/mobilenetv2_TNN.tnnmodel: 31%
[ 83%] /data/local/tmp/benchmark/models/classification/mobilenetv2/mobilenetv2/mobilenetv2_TNN.tnnmodel: 32%
[ 83%] /data/local/tmp/benchmark/models/classification/mobilenetv2/mobilenetv2/mobilenetv2_TNN.tnnmodel: 32%
[ 83%] /data/local/tmp/benchmark/models/classification/mobilenetv2/mobilenetv2/mobilenetv2_TNN.tnnmodel: 33%
[ 83%] /data/local/tmp/benchmark/models/classification/mobilenetv2/mobilenetv2/mobilenetv2_TNN.tnnmodel: 33%
[ 83%] /data/local/tmp/benchmark/models/classification/mobilenetv2/mobilenetv2/mobilenetv2_TNN.tnnmodel: 34%
[ 83%] /data/local/tmp/benchmark/models/classification/mobilenetv2/mobilenetv2/mobilenetv2_TNN.tnnmodel: 34%
[ 83%] /data/local/tmp/benchmark/models/classification/mobilenetv2/mobilenetv2/mobilenetv2_TNN.tnnmodel: 35%
[ 83%] /data/local/tmp/benchmark/models/classification/mobilenetv2/mobilenetv2/mobilenetv2_TNN.tnnmodel: 35%
[ 83%] /data/local/tmp/benchmark/models/classification/mobilenetv2/mobilenetv2/mobilenetv2_TNN.tnnmodel: 36%
[ 83%] /data/local/tmp/benchmark/models/classification/mobilenetv2/mobilenetv2/mobilenetv2_TNN.tnnmodel: 36%
[ 83%] /data/local/tmp/benchmark/models/classification/mobilenetv2/mobilenetv2/mobilenetv2_TNN.tnnmodel: 37%
[ 83%] /data/local/tmp/benchmark/models/classification/mobilenetv2/mobilenetv2/mobilenetv2_TNN.tnnmodel: 37%
[ 83%] /data/local/tmp/benchmark/models/classification/mobilenetv2/mobilenetv2/mobilenetv2_TNN.tnnmodel: 38%
[ 83%] /data/local/tmp/benchmark/models/classification/mobilenetv2/mobilenetv2/mobilenetv2_TNN.tnnmodel: 38%
[ 83%] /data/local/tmp/benchmark/models/classification/mobilenetv2/mobilenetv2/mobilenetv2_TNN.tnnmodel: 38%
[ 83%] /data/local/tmp/benchmark/models/classification/mobilenetv2/mobilenetv2/mobilenetv2_TNN.tnnmodel: 39%
[ 83%] /data/local/tmp/benchmark/models/classification/mobilenetv2/mobilenetv2/mobilenetv2_TNN.tnnmodel: 39%
[ 83%] /data/local/tmp/benchmark/models/classification/mobilenetv2/mobilenetv2/mobilenetv2_TNN.tnnmodel: 40%
[ 83%] /data/local/tmp/benchmark/models/classification/mobilenetv2/mobilenetv2/mobilenetv2_TNN.tnnmodel: 40%
[ 83%] /data/local/tmp/benchmark/models/classification/mobilenetv2/mobilenetv2/mobilenetv2_TNN.tnnmodel: 41%
[ 83%] /data/local/tmp/benchmark/models/classification/mobilenetv2/mobilenetv2/mobilenetv2_TNN.tnnmodel: 41%
[ 83%] /data/local/tmp/benchmark/models/classification/mobilenetv2/mobilenetv2/mobilenetv2_TNN.tnnmodel: 42%
[ 83%] /data/local/tmp/benchmark/models/classification/mobilenetv2/mobilenetv2/mobilenetv2_TNN.tnnmodel: 42%
[ 83%] /data/local/tmp/benchmark/models/classification/mobilenetv2/mobilenetv2/mobilenetv2_TNN.tnnmodel: 43%
[ 83%] /data/local/tmp/benchmark/models/classification/mobilenetv2/mobilenetv2/mobilenetv2_TNN.tnnmodel: 43%
[ 83%] /data/local/tmp/benchmark/models/classification/mobilenetv2/mobilenetv2/mobilenetv2_TNN.tnnmodel: 44%
[ 83%] /data/local/tmp/benchmark/models/classification/mobilenetv2/mobilenetv2/mobilenetv2_TNN.tnnmodel: 44%
[ 84%] /data/local/tmp/benchmark/models/classification/mobilenetv2/mobilenetv2/mobilenetv2_TNN.tnnmodel: 45%
[ 84%] /data/local/tmp/benchmark/models/classification/mobilenetv2/mobilenetv2/mobilenetv2_TNN.tnnmodel: 45%
[ 84%] /data/local/tmp/benchmark/models/classification/mobilenetv2/mobilenetv2/mobilenetv2_TNN.tnnmodel: 46%
[ 84%] /data/local/tmp/benchmark/models/classification/mobilenetv2/mobilenetv2/mobilenetv2_TNN.tnnmodel: 46%
[ 84%] /data/local/tmp/benchmark/models/classification/mobilenetv2/mobilenetv2/mobilenetv2_TNN.tnnmodel: 46%
[ 84%] /data/local/tmp/benchmark/models/classification/mobilenetv2/mobilenetv2/mobilenetv2_TNN.tnnmodel: 47%
[ 84%] /data/local/tmp/benchmark/models/classification/mobilenetv2/mobilenetv2/mobilenetv2_TNN.tnnmodel: 47%
[ 84%] /data/local/tmp/benchmark/models/classification/mobilenetv2/mobilenetv2/mobilenetv2_TNN.tnnmodel: 48%
[ 84%] /data/local/tmp/benchmark/models/classification/mobilenetv2/mobilenetv2/mobilenetv2_TNN.tnnmodel: 48%
[ 84%] /data/local/tmp/benchmark/models/classification/mobilenetv2/mobilenetv2/mobilenetv2_TNN.tnnmodel: 49%
[ 84%] /data/local/tmp/benchmark/models/classification/mobilenetv2/mobilenetv2/mobilenetv2_TNN.tnnmodel: 49%
[ 84%] /data/local/tmp/benchmark/models/classification/mobilenetv2/mobilenetv2/mobilenetv2_TNN.tnnmodel: 50%
[ 84%] /data/local/tmp/benchmark/models/classification/mobilenetv2/mobilenetv2/mobilenetv2_TNN.tnnmodel: 50%
[ 84%] /data/local/tmp/benchmark/models/classification/mobilenetv2/mobilenetv2/mobilenetv2_TNN.tnnmodel: 51%
[ 84%] /data/local/tmp/benchmark/models/classification/mobilenetv2/mobilenetv2/mobilenetv2_TNN.tnnmodel: 51%
[ 84%] /data/local/tmp/benchmark/models/classification/mobilenetv2/mobilenetv2/mobilenetv2_TNN.tnnmodel: 52%
[ 84%] /data/local/tmp/benchmark/models/classification/mobilenetv2/mobilenetv2/mobilenetv2_TNN.tnnmodel: 52%
[ 84%] /data/local/tmp/benchmark/models/classification/mobilenetv2/mobilenetv2/mobilenetv2_TNN.tnnmodel: 53%
[ 84%] /data/local/tmp/benchmark/models/classification/mobilenetv2/mobilenetv2/mobilenetv2_TNN.tnnmodel: 53%
[ 84%] /data/local/tmp/benchmark/models/classification/mobilenetv2/mobilenetv2/mobilenetv2_TNN.tnnmodel: 53%
[ 84%] /data/local/tmp/benchmark/models/classification/mobilenetv2/mobilenetv2/mobilenetv2_TNN.tnnmodel: 54%
[ 84%] /data/local/tmp/benchmark/models/classification/mobilenetv2/mobilenetv2/mobilenetv2_TNN.tnnmodel: 54%
[ 84%] /data/local/tmp/benchmark/models/classification/mobilenetv2/mobilenetv2/mobilenetv2_TNN.tnnmodel: 55%
[ 84%] /data/local/tmp/benchmark/models/classification/mobilenetv2/mobilenetv2/mobilenetv2_TNN.tnnmodel: 55%
[ 84%] /data/local/tmp/benchmark/models/classification/mobilenetv2/mobilenetv2/mobilenetv2_TNN.tnnmodel: 56%
[ 84%] /data/local/tmp/benchmark/models/classification/mobilenetv2/mobilenetv2/mobilenetv2_TNN.tnnmodel: 56%
[ 84%] /data/local/tmp/benchmark/models/classification/mobilenetv2/mobilenetv2/mobilenetv2_TNN.tnnmodel: 57%
[ 84%] /data/local/tmp/benchmark/models/classification/mobilenetv2/mobilenetv2/mobilenetv2_TNN.tnnmodel: 57%
[ 84%] /data/local/tmp/benchmark/models/classification/mobilenetv2/mobilenetv2/mobilenetv2_TNN.tnnmodel: 58%
[ 84%] /data/local/tmp/benchmark/models/classification/mobilenetv2/mobilenetv2/mobilenetv2_TNN.tnnmodel: 58%
[ 84%] /data/local/tmp/benchmark/models/classification/mobilenetv2/mobilenetv2/mobilenetv2_TNN.tnnmodel: 59%
[ 84%] /data/local/tmp/benchmark/models/classification/mobilenetv2/mobilenetv2/mobilenetv2_TNN.tnnmodel: 59%
[ 84%] /data/local/tmp/benchmark/models/classification/mobilenetv2/mobilenetv2/mobilenetv2_TNN.tnnmodel: 60%
[ 84%] /data/local/tmp/benchmark/models/classification/mobilenetv2/mobilenetv2/mobilenetv2_TNN.tnnmodel: 60%
[ 84%] /data/local/tmp/benchmark/models/classification/mobilenetv2/mobilenetv2/mobilenetv2_TNN.tnnmodel: 61%
[ 84%] /data/local/tmp/benchmark/models/classification/mobilenetv2/mobilenetv2/mobilenetv2_TNN.tnnmodel: 61%
[ 84%] /data/local/tmp/benchmark/models/classification/mobilenetv2/mobilenetv2/mobilenetv2_TNN.tnnmodel: 61%
[ 84%] /data/local/tmp/benchmark/models/classification/mobilenetv2/mobilenetv2/mobilenetv2_TNN.tnnmodel: 62%
[ 84%] /data/local/tmp/benchmark/models/classification/mobilenetv2/mobilenetv2/mobilenetv2_TNN.tnnmodel: 62%
[ 84%] /data/local/tmp/benchmark/models/classification/mobilenetv2/mobilenetv2/mobilenetv2_TNN.tnnmodel: 63%
[ 84%] /data/local/tmp/benchmark/models/classification/mobilenetv2/mobilenetv2/mobilenetv2_TNN.tnnmodel: 63%
[ 84%] /data/local/tmp/benchmark/models/classification/mobilenetv2/mobilenetv2/mobilenetv2_TNN.tnnmodel: 64%
[ 84%] /data/local/tmp/benchmark/models/classification/mobilenetv2/mobilenetv2/mobilenetv2_TNN.tnnmodel: 64%
[ 84%] /data/local/tmp/benchmark/models/classification/mobilenetv2/mobilenetv2/mobilenetv2_TNN.tnnmodel: 65%
[ 84%] /data/local/tmp/benchmark/models/classification/mobilenetv2/mobilenetv2/mobilenetv2_TNN.tnnmodel: 65%
[ 84%] /data/local/tmp/benchmark/models/classification/mobilenetv2/mobilenetv2/mobilenetv2_TNN.tnnmodel: 66%
[ 84%] /data/local/tmp/benchmark/models/classification/mobilenetv2/mobilenetv2/mobilenetv2_TNN.tnnmodel: 66%
[ 84%] /data/local/tmp/benchmark/models/classification/mobilenetv2/mobilenetv2/mobilenetv2_TNN.tnnmodel: 67%
[ 84%] /data/local/tmp/benchmark/models/classification/mobilenetv2/mobilenetv2/mobilenetv2_TNN.tnnmodel: 67%
[ 85%] /data/local/tmp/benchmark/models/classification/mobilenetv2/mobilenetv2/mobilenetv2_TNN.tnnmodel: 68%
[ 85%] /data/local/tmp/benchmark/models/classification/mobilenetv2/mobilenetv2/mobilenetv2_TNN.tnnmodel: 68%
[ 85%] /data/local/tmp/benchmark/models/classification/mobilenetv2/mobilenetv2/mobilenetv2_TNN.tnnmodel: 69%
[ 85%] /data/local/tmp/benchmark/models/classification/mobilenetv2/mobilenetv2/mobilenetv2_TNN.tnnmodel: 69%
[ 85%] /data/local/tmp/benchmark/models/classification/mobilenetv2/mobilenetv2/mobilenetv2_TNN.tnnmodel: 69%
[ 85%] /data/local/tmp/benchmark/models/classification/mobilenetv2/mobilenetv2/mobilenetv2_TNN.tnnmodel: 70%
[ 85%] /data/local/tmp/benchmark/models/classification/mobilenetv2/mobilenetv2/mobilenetv2_TNN.tnnmodel: 70%
[ 85%] /data/local/tmp/benchmark/models/classification/mobilenetv2/mobilenetv2/mobilenetv2_TNN.tnnmodel: 71%
[ 85%] /data/local/tmp/benchmark/models/classification/mobilenetv2/mobilenetv2/mobilenetv2_TNN.tnnmodel: 71%
[ 85%] /data/local/tmp/benchmark/models/classification/mobilenetv2/mobilenetv2/mobilenetv2_TNN.tnnmodel: 72%
[ 85%] /data/local/tmp/benchmark/models/classification/mobilenetv2/mobilenetv2/mobilenetv2_TNN.tnnmodel: 72%
[ 85%] /data/local/tmp/benchmark/models/classification/mobilenetv2/mobilenetv2/mobilenetv2_TNN.tnnmodel: 73%
[ 85%] /data/local/tmp/benchmark/models/classification/mobilenetv2/mobilenetv2/mobilenetv2_TNN.tnnmodel: 73%
[ 85%] /data/local/tmp/benchmark/models/classification/mobilenetv2/mobilenetv2/mobilenetv2_TNN.tnnmodel: 74%
[ 85%] /data/local/tmp/benchmark/models/classification/mobilenetv2/mobilenetv2/mobilenetv2_TNN.tnnmodel: 74%
[ 85%] /data/local/tmp/benchmark/models/classification/mobilenetv2/mobilenetv2/mobilenetv2_TNN.tnnmodel: 75%
[ 85%] /data/local/tmp/benchmark/models/classification/mobilenetv2/mobilenetv2/mobilenetv2_TNN.tnnmodel: 75%
[ 85%] /data/local/tmp/benchmark/models/classification/mobilenetv2/mobilenetv2/mobilenetv2_TNN.tnnmodel: 76%
[ 85%] /data/local/tmp/benchmark/models/classification/mobilenetv2/mobilenetv2/mobilenetv2_TNN.tnnmodel: 76%
[ 85%] /data/local/tmp/benchmark/models/classification/mobilenetv2/mobilenetv2/mobilenetv2_TNN.tnnmodel: 76%
[ 85%] /data/local/tmp/benchmark/models/classification/mobilenetv2/mobilenetv2/mobilenetv2_TNN.tnnmodel: 77%
[ 85%] /data/local/tmp/benchmark/models/classification/mobilenetv2/mobilenetv2/mobilenetv2_TNN.tnnmodel: 77%
[ 85%] /data/local/tmp/benchmark/models/classification/mobilenetv2/mobilenetv2/mobilenetv2_TNN.tnnmodel: 78%
[ 85%] /data/local/tmp/benchmark/models/classification/mobilenetv2/mobilenetv2/mobilenetv2_TNN.tnnmodel: 78%
[ 85%] /data/local/tmp/benchmark/models/classification/mobilenetv2/mobilenetv2/mobilenetv2_TNN.tnnmodel: 79%
[ 85%] /data/local/tmp/benchmark/models/classification/mobilenetv2/mobilenetv2/mobilenetv2_TNN.tnnmodel: 79%
[ 85%] /data/local/tmp/benchmark/models/classification/mobilenetv2/mobilenetv2/mobilenetv2_TNN.tnnmodel: 80%
[ 85%] /data/local/tmp/benchmark/models/classification/mobilenetv2/mobilenetv2/mobilenetv2_TNN.tnnmodel: 80%
[ 85%] /data/local/tmp/benchmark/models/classification/mobilenetv2/mobilenetv2/mobilenetv2_TNN.tnnmodel: 81%
[ 85%] /data/local/tmp/benchmark/models/classification/mobilenetv2/mobilenetv2/mobilenetv2_TNN.tnnmodel: 81%
[ 85%] /data/local/tmp/benchmark/models/classification/mobilenetv2/mobilenetv2/mobilenetv2_TNN.tnnmodel: 82%
[ 85%] /data/local/tmp/benchmark/models/classification/mobilenetv2/mobilenetv2/mobilenetv2_TNN.tnnmodel: 82%
[ 85%] /data/local/tmp/benchmark/models/classification/mobilenetv2/mobilenetv2/mobilenetv2_TNN.tnnmodel: 83%
[ 85%] /data/local/tmp/benchmark/models/classification/mobilenetv2/mobilenetv2/mobilenetv2_TNN.tnnmodel: 83%
[ 85%] /data/local/tmp/benchmark/models/classification/mobilenetv2/mobilenetv2/mobilenetv2_TNN.tnnmodel: 84%
[ 85%] /data/local/tmp/benchmark/models/classification/mobilenetv2/mobilenetv2/mobilenetv2_TNN.tnnmodel: 84%
[ 85%] /data/local/tmp/benchmark/models/classification/mobilenetv2/mobilenetv2/mobilenetv2_TNN.tnnmodel: 84%
[ 85%] /data/local/tmp/benchmark/models/classification/mobilenetv2/mobilenetv2/mobilenetv2_TNN.tnnmodel: 85%
[ 85%] /data/local/tmp/benchmark/models/classification/mobilenetv2/mobilenetv2/mobilenetv2_TNN.tnnmodel: 85%
[ 85%] /data/local/tmp/benchmark/models/classification/mobilenetv2/mobilenetv2/mobilenetv2_TNN.tnnmodel: 86%
[ 85%] /data/local/tmp/benchmark/models/classification/mobilenetv2/mobilenetv2/mobilenetv2_TNN.tnnmodel: 86%
[ 85%] /data/local/tmp/benchmark/models/classification/mobilenetv2/mobilenetv2/mobilenetv2_TNN.tnnmodel: 87%
[ 85%] /data/local/tmp/benchmark/models/classification/mobilenetv2/mobilenetv2/mobilenetv2_TNN.tnnmodel: 87%
[ 85%] /data/local/tmp/benchmark/models/classification/mobilenetv2/mobilenetv2/mobilenetv2_TNN.tnnmodel: 88%
[ 85%] /data/local/tmp/benchmark/models/classification/mobilenetv2/mobilenetv2/mobilenetv2_TNN.tnnmodel: 88%
[ 85%] /data/local/tmp/benchmark/models/classification/mobilenetv2/mobilenetv2/mobilenetv2_TNN.tnnmodel: 89%
[ 85%] /data/local/tmp/benchmark/models/classification/mobilenetv2/mobilenetv2/mobilenetv2_TNN.tnnmodel: 89%
[ 85%] /data/local/tmp/benchmark/models/classification/mobilenetv2/mobilenetv2/mobilenetv2_TNN.tnnmodel: 90%
[ 86%] /data/local/tmp/benchmark/models/classification/mobilenetv2/mobilenetv2/mobilenetv2_TNN.tnnmodel: 90%
[ 86%] /data/local/tmp/benchmark/models/classification/mobilenetv2/mobilenetv2/mobilenetv2_TNN.tnnmodel: 91%
[ 86%] /data/local/tmp/benchmark/models/classification/mobilenetv2/mobilenetv2/mobilenetv2_TNN.tnnmodel: 91%
[ 86%] /data/local/tmp/benchmark/models/classification/mobilenetv2/mobilenetv2/mobilenetv2_TNN.tnnmodel: 92%
[ 86%] /data/local/tmp/benchmark/models/classification/mobilenetv2/mobilenetv2/mobilenetv2_TNN.tnnmodel: 92%
[ 86%] /data/local/tmp/benchmark/models/classification/mobilenetv2/mobilenetv2/mobilenetv2_TNN.tnnmodel: 92%
[ 86%] /data/local/tmp/benchmark/models/classification/mobilenetv2/mobilenetv2/mobilenetv2_TNN.tnnmodel: 93%
[ 86%] /data/local/tmp/benchmark/models/classification/mobilenetv2/mobilenetv2/mobilenetv2_TNN.tnnmodel: 93%
[ 86%] /data/local/tmp/benchmark/models/classification/mobilenetv2/mobilenetv2/mobilenetv2_TNN.tnnmodel: 94%
[ 86%] /data/local/tmp/benchmark/models/classification/mobilenetv2/mobilenetv2/mobilenetv2_TNN.tnnmodel: 94%
[ 86%] /data/local/tmp/benchmark/models/classification/mobilenetv2/mobilenetv2/mobilenetv2_TNN.tnnmodel: 95%
[ 86%] /data/local/tmp/benchmark/models/classification/mobilenetv2/mobilenetv2/mobilenetv2_TNN.tnnmodel: 95%
[ 86%] /data/local/tmp/benchmark/models/classification/mobilenetv2/mobilenetv2/mobilenetv2_TNN.tnnmodel: 96%
[ 86%] /data/local/tmp/benchmark/models/classification/mobilenetv2/mobilenetv2/mobilenetv2_TNN.tnnmodel: 96%
[ 86%] /data/local/tmp/benchmark/models/classification/mobilenetv2/mobilenetv2/mobilenetv2_TNN.tnnmodel: 97%
[ 86%] /data/local/tmp/benchmark/models/classification/mobilenetv2/mobilenetv2/mobilenetv2_TNN.tnnmodel: 97%
[ 86%] /data/local/tmp/benchmark/models/classification/mobilenetv2/mobilenetv2/mobilenetv2_TNN.tnnmodel: 98%
[ 86%] /data/local/tmp/benchmark/models/classification/mobilenetv2/mobilenetv2/mobilenetv2_TNN.tnnmodel: 98%
[ 86%] /data/local/tmp/benchmark/models/classification/mobilenetv2/mobilenetv2/mobilenetv2_TNN.tnnmodel: 99%
[ 86%] /data/local/tmp/benchmark/models/classification/mobilenetv2/mobilenetv2/mobilenetv2_TNN.tnnmodel: 99%
[ 86%] /data/local/tmp/benchmark/models/classification/mobilenetv2/mobilenetv2/mobilenetv2_TNN.tnnmodel: 99%
[ 86%] /data/local/tmp/benchmark/models/classification/mobilenetv2/mobilenetv2/mobilenetv2_TNN.tnnmodel: 100%
[ 86%] /data/local/tmp/benchmark/models/classification/mobilenetv2/mobilenetv2/mobilenetv2.ms: 0%
[ 86%] /data/local/tmp/benchmark/models/classification/mobilenetv2/mobilenetv2/mobilenetv2.ms: 0%
[ 86%] /data/local/tmp/benchmark/models/classification/mobilenetv2/mobilenetv2/mobilenetv2.ms: 1%
[ 86%] /data/local/tmp/benchmark/models/classification/mobilenetv2/mobilenetv2/mobilenetv2.ms: 1%
[ 86%] /data/local/tmp/benchmark/models/classification/mobilenetv2/mobilenetv2/mobilenetv2.ms: 2%
[ 86%] /data/local/tmp/benchmark/models/classification/mobilenetv2/mobilenetv2/mobilenetv2.ms: 2%
[ 86%] /data/local/tmp/benchmark/models/classification/mobilenetv2/mobilenetv2/mobilenetv2.ms: 3%
[ 86%] /data/local/tmp/benchmark/models/classification/mobilenetv2/mobilenetv2/mobilenetv2.ms: 3%
[ 86%] /data/local/tmp/benchmark/models/classification/mobilenetv2/mobilenetv2/mobilenetv2.ms: 4%
[ 86%] /data/local/tmp/benchmark/models/classification/mobilenetv2/mobilenetv2/mobilenetv2.ms: 4%
[ 86%] /data/local/tmp/benchmark/models/classification/mobilenetv2/mobilenetv2/mobilenetv2.ms: 5%
[ 86%] /data/local/tmp/benchmark/models/classification/mobilenetv2/mobilenetv2/mobilenetv2.ms: 5%
[ 86%] /data/local/tmp/benchmark/models/classification/mobilenetv2/mobilenetv2/mobilenetv2.ms: 6%
[ 86%] /data/local/tmp/benchmark/models/classification/mobilenetv2/mobilenetv2/mobilenetv2.ms: 6%
[ 86%] /data/local/tmp/benchmark/models/classification/mobilenetv2/mobilenetv2/mobilenetv2.ms: 7%
[ 86%] /data/local/tmp/benchmark/models/classification/mobilenetv2/mobilenetv2/mobilenetv2.ms: 7%
[ 86%] /data/local/tmp/benchmark/models/classification/mobilenetv2/mobilenetv2/mobilenetv2.ms: 7%
[ 86%] /data/local/tmp/benchmark/models/classification/mobilenetv2/mobilenetv2/mobilenetv2.ms: 8%
[ 86%] /data/local/tmp/benchmark/models/classification/mobilenetv2/mobilenetv2/mobilenetv2.ms: 8%
[ 86%] /data/local/tmp/benchmark/models/classification/mobilenetv2/mobilenetv2/mobilenetv2.ms: 9%
[ 86%] /data/local/tmp/benchmark/models/classification/mobilenetv2/mobilenetv2/mobilenetv2.ms: 9%
[ 86%] /data/local/tmp/benchmark/models/classification/mobilenetv2/mobilenetv2/mobilenetv2.ms: 10%
[ 86%] /data/local/tmp/benchmark/models/classification/mobilenetv2/mobilenetv2/mobilenetv2.ms: 10%
[ 86%] /data/local/tmp/benchmark/models/classification/mobilenetv2/mobilenetv2/mobilenetv2.ms: 11%
[ 86%] /data/local/tmp/benchmark/models/classification/mobilenetv2/mobilenetv2/mobilenetv2.ms: 11%
[ 86%] /data/local/tmp/benchmark/models/classification/mobilenetv2/mobilenetv2/mobilenetv2.ms: 12%
[ 86%] /data/local/tmp/benchmark/models/classification/mobilenetv2/mobilenetv2/mobilenetv2.ms: 12%
[ 87%] /data/local/tmp/benchmark/models/classification/mobilenetv2/mobilenetv2/mobilenetv2.ms: 13%
[ 87%] /data/local/tmp/benchmark/models/classification/mobilenetv2/mobilenetv2/mobilenetv2.ms: 13%
[ 87%] /data/local/tmp/benchmark/models/classification/mobilenetv2/mobilenetv2/mobilenetv2.ms: 14%
[ 87%] /data/local/tmp/benchmark/models/classification/mobilenetv2/mobilenetv2/mobilenetv2.ms: 14%
[ 87%] /data/local/tmp/benchmark/models/classification/mobilenetv2/mobilenetv2/mobilenetv2.ms: 15%
[ 87%] /data/local/tmp/benchmark/models/classification/mobilenetv2/mobilenetv2/mobilenetv2.ms: 15%
[ 87%] /data/local/tmp/benchmark/models/classification/mobilenetv2/mobilenetv2/mobilenetv2.ms: 15%
[ 87%] /data/local/tmp/benchmark/models/classification/mobilenetv2/mobilenetv2/mobilenetv2.ms: 16%
[ 87%] /data/local/tmp/benchmark/models/classification/mobilenetv2/mobilenetv2/mobilenetv2.ms: 16%
[ 87%] /data/local/tmp/benchmark/models/classification/mobilenetv2/mobilenetv2/mobilenetv2.ms: 17%
[ 87%] /data/local/tmp/benchmark/models/classification/mobilenetv2/mobilenetv2/mobilenetv2.ms: 17%
[ 87%] /data/local/tmp/benchmark/models/classification/mobilenetv2/mobilenetv2/mobilenetv2.ms: 18%
[ 87%] /data/local/tmp/benchmark/models/classification/mobilenetv2/mobilenetv2/mobilenetv2.ms: 18%
[ 87%] /data/local/tmp/benchmark/models/classification/mobilenetv2/mobilenetv2/mobilenetv2.ms: 19%
[ 87%] /data/local/tmp/benchmark/models/classification/mobilenetv2/mobilenetv2/mobilenetv2.ms: 19%
[ 87%] /data/local/tmp/benchmark/models/classification/mobilenetv2/mobilenetv2/mobilenetv2.ms: 20%
[ 87%] /data/local/tmp/benchmark/models/classification/mobilenetv2/mobilenetv2/mobilenetv2.ms: 20%
[ 87%] /data/local/tmp/benchmark/models/classification/mobilenetv2/mobilenetv2/mobilenetv2.ms: 21%
[ 87%] /data/local/tmp/benchmark/models/classification/mobilenetv2/mobilenetv2/mobilenetv2.ms: 21%
[ 87%] /data/local/tmp/benchmark/models/classification/mobilenetv2/mobilenetv2/mobilenetv2.ms: 22%
[ 87%] /data/local/tmp/benchmark/models/classification/mobilenetv2/mobilenetv2/mobilenetv2.ms: 22%
[ 87%] /data/local/tmp/benchmark/models/classification/mobilenetv2/mobilenetv2/mobilenetv2.ms: 22%
[ 87%] /data/local/tmp/benchmark/models/classification/mobilenetv2/mobilenetv2/mobilenetv2.ms: 23%
[ 87%] /data/local/tmp/benchmark/models/classification/mobilenetv2/mobilenetv2/mobilenetv2.ms: 23%
[ 87%] /data/local/tmp/benchmark/models/classification/mobilenetv2/mobilenetv2/mobilenetv2.ms: 24%
[ 87%] /data/local/tmp/benchmark/models/classification/mobilenetv2/mobilenetv2/mobilenetv2.ms: 24%
[ 87%] /data/local/tmp/benchmark/models/classification/mobilenetv2/mobilenetv2/mobilenetv2.ms: 25%
[ 87%] /data/local/tmp/benchmark/models/classification/mobilenetv2/mobilenetv2/mobilenetv2.ms: 25%
[ 87%] /data/local/tmp/benchmark/models/classification/mobilenetv2/mobilenetv2/mobilenetv2.ms: 26%
[ 87%] /data/local/tmp/benchmark/models/classification/mobilenetv2/mobilenetv2/mobilenetv2.ms: 26%
[ 87%] /data/local/tmp/benchmark/models/classification/mobilenetv2/mobilenetv2/mobilenetv2.ms: 27%
[ 87%] /data/local/tmp/benchmark/models/classification/mobilenetv2/mobilenetv2/mobilenetv2.ms: 27%
[ 87%] /data/local/tmp/benchmark/models/classification/mobilenetv2/mobilenetv2/mobilenetv2.ms: 28%
[ 87%] /data/local/tmp/benchmark/models/classification/mobilenetv2/mobilenetv2/mobilenetv2.ms: 28%
[ 87%] /data/local/tmp/benchmark/models/classification/mobilenetv2/mobilenetv2/mobilenetv2.ms: 29%
[ 87%] /data/local/tmp/benchmark/models/classification/mobilenetv2/mobilenetv2/mobilenetv2.ms: 29%
[ 87%] /data/local/tmp/benchmark/models/classification/mobilenetv2/mobilenetv2/mobilenetv2.ms: 30%
[ 87%] /data/local/tmp/benchmark/models/classification/mobilenetv2/mobilenetv2/mobilenetv2.ms: 30%
[ 87%] /data/local/tmp/benchmark/models/classification/mobilenetv2/mobilenetv2/mobilenetv2.ms: 30%
[ 87%] /data/local/tmp/benchmark/models/classification/mobilenetv2/mobilenetv2/mobilenetv2.ms: 31%
[ 87%] /data/local/tmp/benchmark/models/classification/mobilenetv2/mobilenetv2/mobilenetv2.ms: 31%
[ 87%] /data/local/tmp/benchmark/models/classification/mobilenetv2/mobilenetv2/mobilenetv2.ms: 32%
[ 87%] /data/local/tmp/benchmark/models/classification/mobilenetv2/mobilenetv2/mobilenetv2.ms: 32%
[ 87%] /data/local/tmp/benchmark/models/classification/mobilenetv2/mobilenetv2/mobilenetv2.ms: 33%
[ 87%] /data/local/tmp/benchmark/models/classification/mobilenetv2/mobilenetv2/mobilenetv2.ms: 33%
[ 87%] /data/local/tmp/benchmark/models/classification/mobilenetv2/mobilenetv2/mobilenetv2.ms: 34%
[ 87%] /data/local/tmp/benchmark/models/classification/mobilenetv2/mobilenetv2/mobilenetv2.ms: 34%
[ 87%] /data/local/tmp/benchmark/models/classification/mobilenetv2/mobilenetv2/mobilenetv2.ms: 35%
[ 87%] /data/local/tmp/benchmark/models/classification/mobilenetv2/mobilenetv2/mobilenetv2.ms: 35%
[ 88%] /data/local/tmp/benchmark/models/classification/mobilenetv2/mobilenetv2/mobilenetv2.ms: 36%
[ 88%] /data/local/tmp/benchmark/models/classification/mobilenetv2/mobilenetv2/mobilenetv2.ms: 36%
[ 88%] /data/local/tmp/benchmark/models/classification/mobilenetv2/mobilenetv2/mobilenetv2.ms: 37%
[ 88%] /data/local/tmp/benchmark/models/classification/mobilenetv2/mobilenetv2/mobilenetv2.ms: 37%
[ 88%] /data/local/tmp/benchmark/models/classification/mobilenetv2/mobilenetv2/mobilenetv2.ms: 37%
[ 88%] /data/local/tmp/benchmark/models/classification/mobilenetv2/mobilenetv2/mobilenetv2.ms: 38%
[ 88%] /data/local/tmp/benchmark/models/classification/mobilenetv2/mobilenetv2/mobilenetv2.ms: 38%
[ 88%] /data/local/tmp/benchmark/models/classification/mobilenetv2/mobilenetv2/mobilenetv2.ms: 39%
[ 88%] /data/local/tmp/benchmark/models/classification/mobilenetv2/mobilenetv2/mobilenetv2.ms: 39%
[ 88%] /data/local/tmp/benchmark/models/classification/mobilenetv2/mobilenetv2/mobilenetv2.ms: 40%
[ 88%] /data/local/tmp/benchmark/models/classification/mobilenetv2/mobilenetv2/mobilenetv2.ms: 40%
[ 88%] /data/local/tmp/benchmark/models/classification/mobilenetv2/mobilenetv2/mobilenetv2.ms: 41%
[ 88%] /data/local/tmp/benchmark/models/classification/mobilenetv2/mobilenetv2/mobilenetv2.ms: 41%
[ 88%] /data/local/tmp/benchmark/models/classification/mobilenetv2/mobilenetv2/mobilenetv2.ms: 42%
[ 88%] /data/local/tmp/benchmark/models/classification/mobilenetv2/mobilenetv2/mobilenetv2.ms: 42%
[ 88%] /data/local/tmp/benchmark/models/classification/mobilenetv2/mobilenetv2/mobilenetv2.ms: 43%
[ 88%] /data/local/tmp/benchmark/models/classification/mobilenetv2/mobilenetv2/mobilenetv2.ms: 43%
[ 88%] /data/local/tmp/benchmark/models/classification/mobilenetv2/mobilenetv2/mobilenetv2.ms: 44%
[ 88%] /data/local/tmp/benchmark/models/classification/mobilenetv2/mobilenetv2/mobilenetv2.ms: 44%
[ 88%] /data/local/tmp/benchmark/models/classification/mobilenetv2/mobilenetv2/mobilenetv2.ms: 45%
[ 88%] /data/local/tmp/benchmark/models/classification/mobilenetv2/mobilenetv2/mobilenetv2.ms: 45%
[ 88%] /data/local/tmp/benchmark/models/classification/mobilenetv2/mobilenetv2/mobilenetv2.ms: 45%
[ 88%] /data/local/tmp/benchmark/models/classification/mobilenetv2/mobilenetv2/mobilenetv2.ms: 46%
[ 88%] /data/local/tmp/benchmark/models/classification/mobilenetv2/mobilenetv2/mobilenetv2.ms: 46%
[ 88%] /data/local/tmp/benchmark/models/classification/mobilenetv2/mobilenetv2/mobilenetv2.ms: 47%
[ 88%] /data/local/tmp/benchmark/models/classification/mobilenetv2/mobilenetv2/mobilenetv2.ms: 47%
[ 88%] /data/local/tmp/benchmark/models/classification/mobilenetv2/mobilenetv2/mobilenetv2.ms: 48%
[ 88%] /data/local/tmp/benchmark/models/classification/mobilenetv2/mobilenetv2/mobilenetv2.ms: 48%
[ 88%] /data/local/tmp/benchmark/models/classification/mobilenetv2/mobilenetv2/mobilenetv2.ms: 49%
[ 88%] /data/local/tmp/benchmark/models/classification/mobilenetv2/mobilenetv2/mobilenetv2.ms: 49%
[ 88%] /data/local/tmp/benchmark/models/classification/mobilenetv2/mobilenetv2/mobilenetv2.ms: 50%
[ 88%] /data/local/tmp/benchmark/models/classification/mobilenetv2/mobilenetv2/mobilenetv2.ms: 50%
[ 88%] /data/local/tmp/benchmark/models/classification/mobilenetv2/mobilenetv2/mobilenetv2.ms: 51%
[ 88%] /data/local/tmp/benchmark/models/classification/mobilenetv2/mobilenetv2/mobilenetv2.ms: 51%
[ 88%] /data/local/tmp/benchmark/models/classification/mobilenetv2/mobilenetv2/mobilenetv2.ms: 52%
[ 88%] /data/local/tmp/benchmark/models/classification/mobilenetv2/mobilenetv2/mobilenetv2.ms: 52%
[ 88%] /data/local/tmp/benchmark/models/classification/mobilenetv2/mobilenetv2/mobilenetv2.ms: 52%
[ 88%] /data/local/tmp/benchmark/models/classification/mobilenetv2/mobilenetv2/mobilenetv2.ms: 53%
[ 88%] /data/local/tmp/benchmark/models/classification/mobilenetv2/mobilenetv2/mobilenetv2.ms: 53%
[ 88%] /data/local/tmp/benchmark/models/classification/mobilenetv2/mobilenetv2/mobilenetv2.ms: 54%
[ 88%] /data/local/tmp/benchmark/models/classification/mobilenetv2/mobilenetv2/mobilenetv2.ms: 54%
[ 88%] /data/local/tmp/benchmark/models/classification/mobilenetv2/mobilenetv2/mobilenetv2.ms: 55%
[ 88%] /data/local/tmp/benchmark/models/classification/mobilenetv2/mobilenetv2/mobilenetv2.ms: 55%
[ 88%] /data/local/tmp/benchmark/models/classification/mobilenetv2/mobilenetv2/mobilenetv2.ms: 56%
[ 88%] /data/local/tmp/benchmark/models/classification/mobilenetv2/mobilenetv2/mobilenetv2.ms: 56%
[ 88%] /data/local/tmp/benchmark/models/classification/mobilenetv2/mobilenetv2/mobilenetv2.ms: 57%
[ 88%] /data/local/tmp/benchmark/models/classification/mobilenetv2/mobilenetv2/mobilenetv2.ms: 57%
[ 88%] /data/local/tmp/benchmark/models/classification/mobilenetv2/mobilenetv2/mobilenetv2.ms: 58%
[ 89%] /data/local/tmp/benchmark/models/classification/mobilenetv2/mobilenetv2/mobilenetv2.ms: 58%
[ 89%] /data/local/tmp/benchmark/models/classification/mobilenetv2/mobilenetv2/mobilenetv2.ms: 59%
[ 89%] /data/local/tmp/benchmark/models/classification/mobilenetv2/mobilenetv2/mobilenetv2.ms: 59%
[ 89%] /data/local/tmp/benchmark/models/classification/mobilenetv2/mobilenetv2/mobilenetv2.ms: 60%
[ 89%] /data/local/tmp/benchmark/models/classification/mobilenetv2/mobilenetv2/mobilenetv2.ms: 60%
[ 89%] /data/local/tmp/benchmark/models/classification/mobilenetv2/mobilenetv2/mobilenetv2.ms: 60%
[ 89%] /data/local/tmp/benchmark/models/classification/mobilenetv2/mobilenetv2/mobilenetv2.ms: 61%
[ 89%] /data/local/tmp/benchmark/models/classification/mobilenetv2/mobilenetv2/mobilenetv2.ms: 61%
[ 89%] /data/local/tmp/benchmark/models/classification/mobilenetv2/mobilenetv2/mobilenetv2.ms: 62%
[ 89%] /data/local/tmp/benchmark/models/classification/mobilenetv2/mobilenetv2/mobilenetv2.ms: 62%
[ 89%] /data/local/tmp/benchmark/models/classification/mobilenetv2/mobilenetv2/mobilenetv2.ms: 63%
[ 89%] /data/local/tmp/benchmark/models/classification/mobilenetv2/mobilenetv2/mobilenetv2.ms: 63%
[ 89%] /data/local/tmp/benchmark/models/classification/mobilenetv2/mobilenetv2/mobilenetv2.ms: 64%
[ 89%] /data/local/tmp/benchmark/models/classification/mobilenetv2/mobilenetv2/mobilenetv2.ms: 64%
[ 89%] /data/local/tmp/benchmark/models/classification/mobilenetv2/mobilenetv2/mobilenetv2.ms: 65%
[ 89%] /data/local/tmp/benchmark/models/classification/mobilenetv2/mobilenetv2/mobilenetv2.ms: 65%
[ 89%] /data/local/tmp/benchmark/models/classification/mobilenetv2/mobilenetv2/mobilenetv2.ms: 66%
[ 89%] /data/local/tmp/benchmark/models/classification/mobilenetv2/mobilenetv2/mobilenetv2.ms: 66%
[ 89%] /data/local/tmp/benchmark/models/classification/mobilenetv2/mobilenetv2/mobilenetv2.ms: 67%
[ 89%] /data/local/tmp/benchmark/models/classification/mobilenetv2/mobilenetv2/mobilenetv2.ms: 67%
[ 89%] /data/local/tmp/benchmark/models/classification/mobilenetv2/mobilenetv2/mobilenetv2.ms: 67%
[ 89%] /data/local/tmp/benchmark/models/classification/mobilenetv2/mobilenetv2/mobilenetv2.ms: 68%
[ 89%] /data/local/tmp/benchmark/models/classification/mobilenetv2/mobilenetv2/mobilenetv2.ms: 68%
[ 89%] /data/local/tmp/benchmark/models/classification/mobilenetv2/mobilenetv2/mobilenetv2.ms: 69%
[ 89%] /data/local/tmp/benchmark/models/classification/mobilenetv2/mobilenetv2/mobilenetv2.ms: 69%
[ 89%] /data/local/tmp/benchmark/models/classification/mobilenetv2/mobilenetv2/mobilenetv2.ms: 70%
[ 89%] /data/local/tmp/benchmark/models/classification/mobilenetv2/mobilenetv2/mobilenetv2.ms: 70%
[ 89%] /data/local/tmp/benchmark/models/classification/mobilenetv2/mobilenetv2/mobilenetv2.ms: 71%
[ 89%] /data/local/tmp/benchmark/models/classification/mobilenetv2/mobilenetv2/mobilenetv2.ms: 71%
[ 89%] /data/local/tmp/benchmark/models/classification/mobilenetv2/mobilenetv2/mobilenetv2.ms: 72%
[ 89%] /data/local/tmp/benchmark/models/classification/mobilenetv2/mobilenetv2/mobilenetv2.ms: 72%
[ 89%] /data/local/tmp/benchmark/models/classification/mobilenetv2/mobilenetv2/mobilenetv2.ms: 73%
[ 89%] /data/local/tmp/benchmark/models/classification/mobilenetv2/mobilenetv2/mobilenetv2.ms: 73%
[ 89%] /data/local/tmp/benchmark/models/classification/mobilenetv2/mobilenetv2/mobilenetv2.ms: 74%
[ 89%] /data/local/tmp/benchmark/models/classification/mobilenetv2/mobilenetv2/mobilenetv2.ms: 74%
[ 89%] /data/local/tmp/benchmark/models/classification/mobilenetv2/mobilenetv2/mobilenetv2.ms: 75%
[ 89%] /data/local/tmp/benchmark/models/classification/mobilenetv2/mobilenetv2/mobilenetv2.ms: 75%
[ 89%] /data/local/tmp/benchmark/models/classification/mobilenetv2/mobilenetv2/mobilenetv2.ms: 75%
[ 89%] /data/local/tmp/benchmark/models/classification/mobilenetv2/mobilenetv2/mobilenetv2.ms: 76%
[ 89%] /data/local/tmp/benchmark/models/classification/mobilenetv2/mobilenetv2/mobilenetv2.ms: 76%
[ 89%] /data/local/tmp/benchmark/models/classification/mobilenetv2/mobilenetv2/mobilenetv2.ms: 77%
[ 89%] /data/local/tmp/benchmark/models/classification/mobilenetv2/mobilenetv2/mobilenetv2.ms: 77%
[ 89%] /data/local/tmp/benchmark/models/classification/mobilenetv2/mobilenetv2/mobilenetv2.ms: 78%
[ 89%] /data/local/tmp/benchmark/models/classification/mobilenetv2/mobilenetv2/mobilenetv2.ms: 78%
[ 89%] /data/local/tmp/benchmark/models/classification/mobilenetv2/mobilenetv2/mobilenetv2.ms: 79%
[ 89%] /data/local/tmp/benchmark/models/classification/mobilenetv2/mobilenetv2/mobilenetv2.ms: 79%
[ 89%] /data/local/tmp/benchmark/models/classification/mobilenetv2/mobilenetv2/mobilenetv2.ms: 80%
[ 89%] /data/local/tmp/benchmark/models/classification/mobilenetv2/mobilenetv2/mobilenetv2.ms: 80%
[ 90%] /data/local/tmp/benchmark/models/classification/mobilenetv2/mobilenetv2/mobilenetv2.ms: 81%
[ 90%] /data/local/tmp/benchmark/models/classification/mobilenetv2/mobilenetv2/mobilenetv2.ms: 81%
[ 90%] /data/local/tmp/benchmark/models/classification/mobilenetv2/mobilenetv2/mobilenetv2.ms: 82%
[ 90%] /data/local/tmp/benchmark/models/classification/mobilenetv2/mobilenetv2/mobilenetv2.ms: 82%
[ 90%] /data/local/tmp/benchmark/models/classification/mobilenetv2/mobilenetv2/mobilenetv2.ms: 82%
[ 90%] /data/local/tmp/benchmark/models/classification/mobilenetv2/mobilenetv2/mobilenetv2.ms: 83%
[ 90%] /data/local/tmp/benchmark/models/classification/mobilenetv2/mobilenetv2/mobilenetv2.ms: 83%
[ 90%] /data/local/tmp/benchmark/models/classification/mobilenetv2/mobilenetv2/mobilenetv2.ms: 84%
[ 90%] /data/local/tmp/benchmark/models/classification/mobilenetv2/mobilenetv2/mobilenetv2.ms: 84%
[ 90%] /data/local/tmp/benchmark/models/classification/mobilenetv2/mobilenetv2/mobilenetv2.ms: 85%
[ 90%] /data/local/tmp/benchmark/models/classification/mobilenetv2/mobilenetv2/mobilenetv2.ms: 85%
[ 90%] /data/local/tmp/benchmark/models/classification/mobilenetv2/mobilenetv2/mobilenetv2.ms: 86%
[ 90%] /data/local/tmp/benchmark/models/classification/mobilenetv2/mobilenetv2/mobilenetv2.ms: 86%
[ 90%] /data/local/tmp/benchmark/models/classification/mobilenetv2/mobilenetv2/mobilenetv2.ms: 87%
[ 90%] /data/local/tmp/benchmark/models/classification/mobilenetv2/mobilenetv2/mobilenetv2.ms: 87%
[ 90%] /data/local/tmp/benchmark/models/classification/mobilenetv2/mobilenetv2/mobilenetv2.ms: 88%
[ 90%] /data/local/tmp/benchmark/models/classification/mobilenetv2/mobilenetv2/mobilenetv2.ms: 88%
[ 90%] /data/local/tmp/benchmark/models/classification/mobilenetv2/mobilenetv2/mobilenetv2.ms: 89%
[ 90%] /data/local/tmp/benchmark/models/classification/mobilenetv2/mobilenetv2/mobilenetv2.ms: 89%
[ 90%] /data/local/tmp/benchmark/models/classification/mobilenetv2/mobilenetv2/mobilenetv2.ms: 90%
[ 90%] /data/local/tmp/benchmark/models/classification/mobilenetv2/mobilenetv2/mobilenetv2.ms: 90%
[ 90%] /data/local/tmp/benchmark/models/classification/mobilenetv2/mobilenetv2/mobilenetv2.ms: 90%
[ 90%] /data/local/tmp/benchmark/models/classification/mobilenetv2/mobilenetv2/mobilenetv2.ms: 91%
[ 90%] /data/local/tmp/benchmark/models/classification/mobilenetv2/mobilenetv2/mobilenetv2.ms: 91%
[ 90%] /data/local/tmp/benchmark/models/classification/mobilenetv2/mobilenetv2/mobilenetv2.ms: 92%
[ 90%] /data/local/tmp/benchmark/models/classification/mobilenetv2/mobilenetv2/mobilenetv2.ms: 92%
[ 90%] /data/local/tmp/benchmark/models/classification/mobilenetv2/mobilenetv2/mobilenetv2.ms: 93%
[ 90%] /data/local/tmp/benchmark/models/classification/mobilenetv2/mobilenetv2/mobilenetv2.ms: 93%
[ 90%] /data/local/tmp/benchmark/models/classification/mobilenetv2/mobilenetv2/mobilenetv2.ms: 94%
[ 90%] /data/local/tmp/benchmark/models/classification/mobilenetv2/mobilenetv2/mobilenetv2.ms: 94%
[ 90%] /data/local/tmp/benchmark/models/classification/mobilenetv2/mobilenetv2/mobilenetv2.ms: 95%
[ 90%] /data/local/tmp/benchmark/models/classification/mobilenetv2/mobilenetv2/mobilenetv2.ms: 95%
[ 90%] /data/local/tmp/benchmark/models/classification/mobilenetv2/mobilenetv2/mobilenetv2.ms: 96%
[ 90%] /data/local/tmp/benchmark/models/classification/mobilenetv2/mobilenetv2/mobilenetv2.ms: 96%
[ 90%] /data/local/tmp/benchmark/models/classification/mobilenetv2/mobilenetv2/mobilenetv2.ms: 97%
[ 90%] /data/local/tmp/benchmark/models/classification/mobilenetv2/mobilenetv2/mobilenetv2.ms: 97%
[ 90%] /data/local/tmp/benchmark/models/classification/mobilenetv2/mobilenetv2/mobilenetv2.ms: 98%
[ 90%] /data/local/tmp/benchmark/models/classification/mobilenetv2/mobilenetv2/mobilenetv2.ms: 98%
[ 90%] /data/local/tmp/benchmark/models/classification/mobilenetv2/mobilenetv2/mobilenetv2.ms: 98%
[ 90%] /data/local/tmp/benchmark/models/classification/mobilenetv2/mobilenetv2/mobilenetv2.ms: 99%
[ 90%] /data/local/tmp/benchmark/models/classification/mobilenetv2/mobilenetv2/mobilenetv2.ms: 99%
[ 90%] /data/local/tmp/benchmark/models/classification/mobilenetv2/mobilenetv2/mobilenetv2.ms: 100%
[ 90%] /data/local/tmp/benchmark/models/classification/mobilenetv2/mobilenetv2/mobilenetv2.pnnx.onnx: 0%
[ 90%] /data/local/tmp/benchmark/models/classification/mobilenetv2/mobilenetv2/mobilenetv2.pnnx.onnx: 0%
[ 90%] /data/local/tmp/benchmark/models/classification/mobilenetv2/mobilenetv2/mobilenetv2.pnnx.onnx: 1%
[ 90%] /data/local/tmp/benchmark/models/classification/mobilenetv2/mobilenetv2/mobilenetv2.pnnx.onnx: 1%
[ 90%] /data/local/tmp/benchmark/models/classification/mobilenetv2/mobilenetv2/mobilenetv2.pnnx.onnx: 2%
[ 90%] /data/local/tmp/benchmark/models/classification/mobilenetv2/mobilenetv2/mobilenetv2.pnnx.onnx: 2%
[ 90%] /data/local/tmp/benchmark/models/classification/mobilenetv2/mobilenetv2/mobilenetv2.pnnx.onnx: 3%
[ 91%] /data/local/tmp/benchmark/models/classification/mobilenetv2/mobilenetv2/mobilenetv2.pnnx.onnx: 3%
[ 91%] /data/local/tmp/benchmark/models/classification/mobilenetv2/mobilenetv2/mobilenetv2.pnnx.onnx: 4%
[ 91%] /data/local/tmp/benchmark/models/classification/mobilenetv2/mobilenetv2/mobilenetv2.pnnx.onnx: 4%
[ 91%] /data/local/tmp/benchmark/models/classification/mobilenetv2/mobilenetv2/mobilenetv2.pnnx.onnx: 5%
[ 91%] /data/local/tmp/benchmark/models/classification/mobilenetv2/mobilenetv2/mobilenetv2.pnnx.onnx: 5%
[ 91%] /data/local/tmp/benchmark/models/classification/mobilenetv2/mobilenetv2/mobilenetv2.pnnx.onnx: 6%
[ 91%] /data/local/tmp/benchmark/models/classification/mobilenetv2/mobilenetv2/mobilenetv2.pnnx.onnx: 6%
[ 91%] /data/local/tmp/benchmark/models/classification/mobilenetv2/mobilenetv2/mobilenetv2.pnnx.onnx: 7%
[ 91%] /data/local/tmp/benchmark/models/classification/mobilenetv2/mobilenetv2/mobilenetv2.pnnx.onnx: 7%
[ 91%] /data/local/tmp/benchmark/models/classification/mobilenetv2/mobilenetv2/mobilenetv2.pnnx.onnx: 7%
[ 91%] /data/local/tmp/benchmark/models/classification/mobilenetv2/mobilenetv2/mobilenetv2.pnnx.onnx: 8%
[ 91%] /data/local/tmp/benchmark/models/classification/mobilenetv2/mobilenetv2/mobilenetv2.pnnx.onnx: 8%
[ 91%] /data/local/tmp/benchmark/models/classification/mobilenetv2/mobilenetv2/mobilenetv2.pnnx.onnx: 9%
[ 91%] /data/local/tmp/benchmark/models/classification/mobilenetv2/mobilenetv2/mobilenetv2.pnnx.onnx: 9%
[ 91%] /data/local/tmp/benchmark/models/classification/mobilenetv2/mobilenetv2/mobilenetv2.pnnx.onnx: 10%
[ 91%] /data/local/tmp/benchmark/models/classification/mobilenetv2/mobilenetv2/mobilenetv2.pnnx.onnx: 10%
[ 91%] /data/local/tmp/benchmark/models/classification/mobilenetv2/mobilenetv2/mobilenetv2.pnnx.onnx: 11%
[ 91%] /data/local/tmp/benchmark/models/classification/mobilenetv2/mobilenetv2/mobilenetv2.pnnx.onnx: 11%
[ 91%] /data/local/tmp/benchmark/models/classification/mobilenetv2/mobilenetv2/mobilenetv2.pnnx.onnx: 12%
[ 91%] /data/local/tmp/benchmark/models/classification/mobilenetv2/mobilenetv2/mobilenetv2.pnnx.onnx: 12%
[ 91%] /data/local/tmp/benchmark/models/classification/mobilenetv2/mobilenetv2/mobilenetv2.pnnx.onnx: 13%
[ 91%] /data/local/tmp/benchmark/models/classification/mobilenetv2/mobilenetv2/mobilenetv2.pnnx.onnx: 13%
[ 91%] /data/local/tmp/benchmark/models/classification/mobilenetv2/mobilenetv2/mobilenetv2.pnnx.onnx: 14%
[ 91%] /data/local/tmp/benchmark/models/classification/mobilenetv2/mobilenetv2/mobilenetv2.pnnx.onnx: 14%
[ 91%] /data/local/tmp/benchmark/models/classification/mobilenetv2/mobilenetv2/mobilenetv2.pnnx.onnx: 15%
[ 91%] /data/local/tmp/benchmark/models/classification/mobilenetv2/mobilenetv2/mobilenetv2.pnnx.onnx: 15%
[ 91%] /data/local/tmp/benchmark/models/classification/mobilenetv2/mobilenetv2/mobilenetv2.pnnx.onnx: 15%
[ 91%] /data/local/tmp/benchmark/models/classification/mobilenetv2/mobilenetv2/mobilenetv2.pnnx.onnx: 16%
[ 91%] /data/local/tmp/benchmark/models/classification/mobilenetv2/mobilenetv2/mobilenetv2.pnnx.onnx: 16%
[ 91%] /data/local/tmp/benchmark/models/classification/mobilenetv2/mobilenetv2/mobilenetv2.pnnx.onnx: 17%
[ 91%] /data/local/tmp/benchmark/models/classification/mobilenetv2/mobilenetv2/mobilenetv2.pnnx.onnx: 17%
[ 91%] /data/local/tmp/benchmark/models/classification/mobilenetv2/mobilenetv2/mobilenetv2.pnnx.onnx: 18%
[ 91%] /data/local/tmp/benchmark/models/classification/mobilenetv2/mobilenetv2/mobilenetv2.pnnx.onnx: 18%
[ 91%] /data/local/tmp/benchmark/models/classification/mobilenetv2/mobilenetv2/mobilenetv2.pnnx.onnx: 19%
[ 91%] /data/local/tmp/benchmark/models/classification/mobilenetv2/mobilenetv2/mobilenetv2.pnnx.onnx: 19%
[ 91%] /data/local/tmp/benchmark/models/classification/mobilenetv2/mobilenetv2/mobilenetv2.pnnx.onnx: 20%
[ 91%] /data/local/tmp/benchmark/models/classification/mobilenetv2/mobilenetv2/mobilenetv2.pnnx.onnx: 20%
[ 91%] /data/local/tmp/benchmark/models/classification/mobilenetv2/mobilenetv2/mobilenetv2.pnnx.onnx: 21%
[ 91%] /data/local/tmp/benchmark/models/classification/mobilenetv2/mobilenetv2/mobilenetv2.pnnx.onnx: 21%
[ 91%] /data/local/tmp/benchmark/models/classification/mobilenetv2/mobilenetv2/mobilenetv2.pnnx.onnx: 22%
[ 91%] /data/local/tmp/benchmark/models/classification/mobilenetv2/mobilenetv2/mobilenetv2.pnnx.onnx: 22%
[ 91%] /data/local/tmp/benchmark/models/classification/mobilenetv2/mobilenetv2/mobilenetv2.pnnx.onnx: 22%
[ 91%] /data/local/tmp/benchmark/models/classification/mobilenetv2/mobilenetv2/mobilenetv2.pnnx.onnx: 23%
[ 91%] /data/local/tmp/benchmark/models/classification/mobilenetv2/mobilenetv2/mobilenetv2.pnnx.onnx: 23%
[ 91%] /data/local/tmp/benchmark/models/classification/mobilenetv2/mobilenetv2/mobilenetv2.pnnx.onnx: 24%
[ 91%] /data/local/tmp/benchmark/models/classification/mobilenetv2/mobilenetv2/mobilenetv2.pnnx.onnx: 24%
[ 91%] /data/local/tmp/benchmark/models/classification/mobilenetv2/mobilenetv2/mobilenetv2.pnnx.onnx: 25%
[ 91%] /data/local/tmp/benchmark/models/classification/mobilenetv2/mobilenetv2/mobilenetv2.pnnx.onnx: 25%
[ 91%] /data/local/tmp/benchmark/models/classification/mobilenetv2/mobilenetv2/mobilenetv2.pnnx.onnx: 26%
[ 92%] /data/local/tmp/benchmark/models/classification/mobilenetv2/mobilenetv2/mobilenetv2.pnnx.onnx: 26%
[ 92%] /data/local/tmp/benchmark/models/classification/mobilenetv2/mobilenetv2/mobilenetv2.pnnx.onnx: 27%
[ 92%] /data/local/tmp/benchmark/models/classification/mobilenetv2/mobilenetv2/mobilenetv2.pnnx.onnx: 27%
[ 92%] /data/local/tmp/benchmark/models/classification/mobilenetv2/mobilenetv2/mobilenetv2.pnnx.onnx: 28%
[ 92%] /data/local/tmp/benchmark/models/classification/mobilenetv2/mobilenetv2/mobilenetv2.pnnx.onnx: 28%
[ 92%] /data/local/tmp/benchmark/models/classification/mobilenetv2/mobilenetv2/mobilenetv2.pnnx.onnx: 29%
[ 92%] /data/local/tmp/benchmark/models/classification/mobilenetv2/mobilenetv2/mobilenetv2.pnnx.onnx: 29%
[ 92%] /data/local/tmp/benchmark/models/classification/mobilenetv2/mobilenetv2/mobilenetv2.pnnx.onnx: 30%
[ 92%] /data/local/tmp/benchmark/models/classification/mobilenetv2/mobilenetv2/mobilenetv2.pnnx.onnx: 30%
[ 92%] /data/local/tmp/benchmark/models/classification/mobilenetv2/mobilenetv2/mobilenetv2.pnnx.onnx: 30%
[ 92%] /data/local/tmp/benchmark/models/classification/mobilenetv2/mobilenetv2/mobilenetv2.pnnx.onnx: 31%
[ 92%] /data/local/tmp/benchmark/models/classification/mobilenetv2/mobilenetv2/mobilenetv2.pnnx.onnx: 31%
[ 92%] /data/local/tmp/benchmark/models/classification/mobilenetv2/mobilenetv2/mobilenetv2.pnnx.onnx: 32%
[ 92%] /data/local/tmp/benchmark/models/classification/mobilenetv2/mobilenetv2/mobilenetv2.pnnx.onnx: 32%
[ 92%] /data/local/tmp/benchmark/models/classification/mobilenetv2/mobilenetv2/mobilenetv2.pnnx.onnx: 33%
[ 92%] /data/local/tmp/benchmark/models/classification/mobilenetv2/mobilenetv2/mobilenetv2.pnnx.onnx: 33%
[ 92%] /data/local/tmp/benchmark/models/classification/mobilenetv2/mobilenetv2/mobilenetv2.pnnx.onnx: 34%
[ 92%] /data/local/tmp/benchmark/models/classification/mobilenetv2/mobilenetv2/mobilenetv2.pnnx.onnx: 34%
[ 92%] /data/local/tmp/benchmark/models/classification/mobilenetv2/mobilenetv2/mobilenetv2.pnnx.onnx: 35%
[ 92%] /data/local/tmp/benchmark/models/classification/mobilenetv2/mobilenetv2/mobilenetv2.pnnx.onnx: 35%
[ 92%] /data/local/tmp/benchmark/models/classification/mobilenetv2/mobilenetv2/mobilenetv2.pnnx.onnx: 36%
[ 92%] /data/local/tmp/benchmark/models/classification/mobilenetv2/mobilenetv2/mobilenetv2.pnnx.onnx: 36%
[ 92%] /data/local/tmp/benchmark/models/classification/mobilenetv2/mobilenetv2/mobilenetv2.pnnx.onnx: 37%
[ 92%] /data/local/tmp/benchmark/models/classification/mobilenetv2/mobilenetv2/mobilenetv2.pnnx.onnx: 37%
[ 92%] /data/local/tmp/benchmark/models/classification/mobilenetv2/mobilenetv2/mobilenetv2.pnnx.onnx: 37%
[ 92%] /data/local/tmp/benchmark/models/classification/mobilenetv2/mobilenetv2/mobilenetv2.pnnx.onnx: 38%
[ 92%] /data/local/tmp/benchmark/models/classification/mobilenetv2/mobilenetv2/mobilenetv2.pnnx.onnx: 38%
[ 92%] /data/local/tmp/benchmark/models/classification/mobilenetv2/mobilenetv2/mobilenetv2.pnnx.onnx: 39%
[ 92%] /data/local/tmp/benchmark/models/classification/mobilenetv2/mobilenetv2/mobilenetv2.pnnx.onnx: 39%
[ 92%] /data/local/tmp/benchmark/models/classification/mobilenetv2/mobilenetv2/mobilenetv2.pnnx.onnx: 40%
[ 92%] /data/local/tmp/benchmark/models/classification/mobilenetv2/mobilenetv2/mobilenetv2.pnnx.onnx: 40%
[ 92%] /data/local/tmp/benchmark/models/classification/mobilenetv2/mobilenetv2/mobilenetv2.pnnx.onnx: 41%
[ 92%] /data/local/tmp/benchmark/models/classification/mobilenetv2/mobilenetv2/mobilenetv2.pnnx.onnx: 41%
[ 92%] /data/local/tmp/benchmark/models/classification/mobilenetv2/mobilenetv2/mobilenetv2.pnnx.onnx: 42%
[ 92%] /data/local/tmp/benchmark/models/classification/mobilenetv2/mobilenetv2/mobilenetv2.pnnx.onnx: 42%
[ 92%] /data/local/tmp/benchmark/models/classification/mobilenetv2/mobilenetv2/mobilenetv2.pnnx.onnx: 43%
[ 92%] /data/local/tmp/benchmark/models/classification/mobilenetv2/mobilenetv2/mobilenetv2.pnnx.onnx: 43%
[ 92%] /data/local/tmp/benchmark/models/classification/mobilenetv2/mobilenetv2/mobilenetv2.pnnx.onnx: 44%
[ 92%] /data/local/tmp/benchmark/models/classification/mobilenetv2/mobilenetv2/mobilenetv2.pnnx.onnx: 44%
[ 92%] /data/local/tmp/benchmark/models/classification/mobilenetv2/mobilenetv2/mobilenetv2.pnnx.onnx: 45%
[ 92%] /data/local/tmp/benchmark/models/classification/mobilenetv2/mobilenetv2/mobilenetv2.pnnx.onnx: 45%
[ 92%] /data/local/tmp/benchmark/models/classification/mobilenetv2/mobilenetv2/mobilenetv2.pnnx.onnx: 45%
[ 92%] /data/local/tmp/benchmark/models/classification/mobilenetv2/mobilenetv2/mobilenetv2.pnnx.onnx: 46%
[ 92%] /data/local/tmp/benchmark/models/classification/mobilenetv2/mobilenetv2/mobilenetv2.pnnx.onnx: 46%
[ 92%] /data/local/tmp/benchmark/models/classification/mobilenetv2/mobilenetv2/mobilenetv2.pnnx.onnx: 47%
[ 92%] /data/local/tmp/benchmark/models/classification/mobilenetv2/mobilenetv2/mobilenetv2.pnnx.onnx: 47%
[ 92%] /data/local/tmp/benchmark/models/classification/mobilenetv2/mobilenetv2/mobilenetv2.pnnx.onnx: 48%
[ 92%] /data/local/tmp/benchmark/models/classification/mobilenetv2/mobilenetv2/mobilenetv2.pnnx.onnx: 48%
[ 93%] /data/local/tmp/benchmark/models/classification/mobilenetv2/mobilenetv2/mobilenetv2.pnnx.onnx: 49%
[ 93%] /data/local/tmp/benchmark/models/classification/mobilenetv2/mobilenetv2/mobilenetv2.pnnx.onnx: 49%
[ 93%] /data/local/tmp/benchmark/models/classification/mobilenetv2/mobilenetv2/mobilenetv2.pnnx.onnx: 50%
[ 93%] /data/local/tmp/benchmark/models/classification/mobilenetv2/mobilenetv2/mobilenetv2.pnnx.onnx: 50%
[ 93%] /data/local/tmp/benchmark/models/classification/mobilenetv2/mobilenetv2/mobilenetv2.pnnx.onnx: 51%
[ 93%] /data/local/tmp/benchmark/models/classification/mobilenetv2/mobilenetv2/mobilenetv2.pnnx.onnx: 51%
[ 93%] /data/local/tmp/benchmark/models/classification/mobilenetv2/mobilenetv2/mobilenetv2.pnnx.onnx: 52%
[ 93%] /data/local/tmp/benchmark/models/classification/mobilenetv2/mobilenetv2/mobilenetv2.pnnx.onnx: 52%
[ 93%] /data/local/tmp/benchmark/models/classification/mobilenetv2/mobilenetv2/mobilenetv2.pnnx.onnx: 52%
[ 93%] /data/local/tmp/benchmark/models/classification/mobilenetv2/mobilenetv2/mobilenetv2.pnnx.onnx: 53%
[ 93%] /data/local/tmp/benchmark/models/classification/mobilenetv2/mobilenetv2/mobilenetv2.pnnx.onnx: 53%
[ 93%] /data/local/tmp/benchmark/models/classification/mobilenetv2/mobilenetv2/mobilenetv2.pnnx.onnx: 54%
[ 93%] /data/local/tmp/benchmark/models/classification/mobilenetv2/mobilenetv2/mobilenetv2.pnnx.onnx: 54%
[ 93%] /data/local/tmp/benchmark/models/classification/mobilenetv2/mobilenetv2/mobilenetv2.pnnx.onnx: 55%
[ 93%] /data/local/tmp/benchmark/models/classification/mobilenetv2/mobilenetv2/mobilenetv2.pnnx.onnx: 55%
[ 93%] /data/local/tmp/benchmark/models/classification/mobilenetv2/mobilenetv2/mobilenetv2.pnnx.onnx: 56%
[ 93%] /data/local/tmp/benchmark/models/classification/mobilenetv2/mobilenetv2/mobilenetv2.pnnx.onnx: 56%
[ 93%] /data/local/tmp/benchmark/models/classification/mobilenetv2/mobilenetv2/mobilenetv2.pnnx.onnx: 57%
[ 93%] /data/local/tmp/benchmark/models/classification/mobilenetv2/mobilenetv2/mobilenetv2.pnnx.onnx: 57%
[ 93%] /data/local/tmp/benchmark/models/classification/mobilenetv2/mobilenetv2/mobilenetv2.pnnx.onnx: 58%
[ 93%] /data/local/tmp/benchmark/models/classification/mobilenetv2/mobilenetv2/mobilenetv2.pnnx.onnx: 58%
[ 93%] /data/local/tmp/benchmark/models/classification/mobilenetv2/mobilenetv2/mobilenetv2.pnnx.onnx: 59%
[ 93%] /data/local/tmp/benchmark/models/classification/mobilenetv2/mobilenetv2/mobilenetv2.pnnx.onnx: 59%
[ 93%] /data/local/tmp/benchmark/models/classification/mobilenetv2/mobilenetv2/mobilenetv2.pnnx.onnx: 60%
[ 93%] /data/local/tmp/benchmark/models/classification/mobilenetv2/mobilenetv2/mobilenetv2.pnnx.onnx: 60%
[ 93%] /data/local/tmp/benchmark/models/classification/mobilenetv2/mobilenetv2/mobilenetv2.pnnx.onnx: 60%
[ 93%] /data/local/tmp/benchmark/models/classification/mobilenetv2/mobilenetv2/mobilenetv2.pnnx.onnx: 61%
[ 93%] /data/local/tmp/benchmark/models/classification/mobilenetv2/mobilenetv2/mobilenetv2.pnnx.onnx: 61%
[ 93%] /data/local/tmp/benchmark/models/classification/mobilenetv2/mobilenetv2/mobilenetv2.pnnx.onnx: 62%
[ 93%] /data/local/tmp/benchmark/models/classification/mobilenetv2/mobilenetv2/mobilenetv2.pnnx.onnx: 62%
[ 93%] /data/local/tmp/benchmark/models/classification/mobilenetv2/mobilenetv2/mobilenetv2.pnnx.onnx: 63%
[ 93%] /data/local/tmp/benchmark/models/classification/mobilenetv2/mobilenetv2/mobilenetv2.pnnx.onnx: 63%
[ 93%] /data/local/tmp/benchmark/models/classification/mobilenetv2/mobilenetv2/mobilenetv2.pnnx.onnx: 64%
[ 93%] /data/local/tmp/benchmark/models/classification/mobilenetv2/mobilenetv2/mobilenetv2.pnnx.onnx: 64%
[ 93%] /data/local/tmp/benchmark/models/classification/mobilenetv2/mobilenetv2/mobilenetv2.pnnx.onnx: 65%
[ 93%] /data/local/tmp/benchmark/models/classification/mobilenetv2/mobilenetv2/mobilenetv2.pnnx.onnx: 65%
[ 93%] /data/local/tmp/benchmark/models/classification/mobilenetv2/mobilenetv2/mobilenetv2.pnnx.onnx: 66%
[ 93%] /data/local/tmp/benchmark/models/classification/mobilenetv2/mobilenetv2/mobilenetv2.pnnx.onnx: 66%
[ 93%] /data/local/tmp/benchmark/models/classification/mobilenetv2/mobilenetv2/mobilenetv2.pnnx.onnx: 67%
[ 93%] /data/local/tmp/benchmark/models/classification/mobilenetv2/mobilenetv2/mobilenetv2.pnnx.onnx: 67%
[ 93%] /data/local/tmp/benchmark/models/classification/mobilenetv2/mobilenetv2/mobilenetv2.pnnx.onnx: 68%
[ 93%] /data/local/tmp/benchmark/models/classification/mobilenetv2/mobilenetv2/mobilenetv2.pnnx.onnx: 68%
[ 93%] /data/local/tmp/benchmark/models/classification/mobilenetv2/mobilenetv2/mobilenetv2.pnnx.onnx: 68%
[ 93%] /data/local/tmp/benchmark/models/classification/mobilenetv2/mobilenetv2/mobilenetv2.pnnx.onnx: 69%
[ 93%] /data/local/tmp/benchmark/models/classification/mobilenetv2/mobilenetv2/mobilenetv2.pnnx.onnx: 69%
[ 93%] /data/local/tmp/benchmark/models/classification/mobilenetv2/mobilenetv2/mobilenetv2.pnnx.onnx: 70%
[ 93%] /data/local/tmp/benchmark/models/classification/mobilenetv2/mobilenetv2/mobilenetv2.pnnx.onnx: 70%
[ 93%] /data/local/tmp/benchmark/models/classification/mobilenetv2/mobilenetv2/mobilenetv2.pnnx.onnx: 71%
[ 94%] /data/local/tmp/benchmark/models/classification/mobilenetv2/mobilenetv2/mobilenetv2.pnnx.onnx: 71%
[ 94%] /data/local/tmp/benchmark/models/classification/mobilenetv2/mobilenetv2/mobilenetv2.pnnx.onnx: 72%
[ 94%] /data/local/tmp/benchmark/models/classification/mobilenetv2/mobilenetv2/mobilenetv2.pnnx.onnx: 72%
[ 94%] /data/local/tmp/benchmark/models/classification/mobilenetv2/mobilenetv2/mobilenetv2.pnnx.onnx: 73%
[ 94%] /data/local/tmp/benchmark/models/classification/mobilenetv2/mobilenetv2/mobilenetv2.pnnx.onnx: 73%
[ 94%] /data/local/tmp/benchmark/models/classification/mobilenetv2/mobilenetv2/mobilenetv2.pnnx.onnx: 74%
[ 94%] /data/local/tmp/benchmark/models/classification/mobilenetv2/mobilenetv2/mobilenetv2.pnnx.onnx: 74%
[ 94%] /data/local/tmp/benchmark/models/classification/mobilenetv2/mobilenetv2/mobilenetv2.pnnx.onnx: 75%
[ 94%] /data/local/tmp/benchmark/models/classification/mobilenetv2/mobilenetv2/mobilenetv2.pnnx.onnx: 75%
[ 94%] /data/local/tmp/benchmark/models/classification/mobilenetv2/mobilenetv2/mobilenetv2.pnnx.onnx: 75%
[ 94%] /data/local/tmp/benchmark/models/classification/mobilenetv2/mobilenetv2/mobilenetv2.pnnx.onnx: 76%
[ 94%] /data/local/tmp/benchmark/models/classification/mobilenetv2/mobilenetv2/mobilenetv2.pnnx.onnx: 76%
[ 94%] /data/local/tmp/benchmark/models/classification/mobilenetv2/mobilenetv2/mobilenetv2.pnnx.onnx: 77%
[ 94%] /data/local/tmp/benchmark/models/classification/mobilenetv2/mobilenetv2/mobilenetv2.pnnx.onnx: 77%
[ 94%] /data/local/tmp/benchmark/models/classification/mobilenetv2/mobilenetv2/mobilenetv2.pnnx.onnx: 78%
[ 94%] /data/local/tmp/benchmark/models/classification/mobilenetv2/mobilenetv2/mobilenetv2.pnnx.onnx: 78%
[ 94%] /data/local/tmp/benchmark/models/classification/mobilenetv2/mobilenetv2/mobilenetv2.pnnx.onnx: 79%
[ 94%] /data/local/tmp/benchmark/models/classification/mobilenetv2/mobilenetv2/mobilenetv2.pnnx.onnx: 79%
[ 94%] /data/local/tmp/benchmark/models/classification/mobilenetv2/mobilenetv2/mobilenetv2.pnnx.onnx: 80%
[ 94%] /data/local/tmp/benchmark/models/classification/mobilenetv2/mobilenetv2/mobilenetv2.pnnx.onnx: 80%
[ 94%] /data/local/tmp/benchmark/models/classification/mobilenetv2/mobilenetv2/mobilenetv2.pnnx.onnx: 81%
[ 94%] /data/local/tmp/benchmark/models/classification/mobilenetv2/mobilenetv2/mobilenetv2.pnnx.onnx: 81%
[ 94%] /data/local/tmp/benchmark/models/classification/mobilenetv2/mobilenetv2/mobilenetv2.pnnx.onnx: 82%
[ 94%] /data/local/tmp/benchmark/models/classification/mobilenetv2/mobilenetv2/mobilenetv2.pnnx.onnx: 82%
[ 94%] /data/local/tmp/benchmark/models/classification/mobilenetv2/mobilenetv2/mobilenetv2.pnnx.onnx: 83%
[ 94%] /data/local/tmp/benchmark/models/classification/mobilenetv2/mobilenetv2/mobilenetv2.pnnx.onnx: 83%
[ 94%] /data/local/tmp/benchmark/models/classification/mobilenetv2/mobilenetv2/mobilenetv2.pnnx.onnx: 83%
[ 94%] /data/local/tmp/benchmark/models/classification/mobilenetv2/mobilenetv2/mobilenetv2.pnnx.onnx: 84%
[ 94%] /data/local/tmp/benchmark/models/classification/mobilenetv2/mobilenetv2/mobilenetv2.pnnx.onnx: 84%
[ 94%] /data/local/tmp/benchmark/models/classification/mobilenetv2/mobilenetv2/mobilenetv2.pnnx.onnx: 85%
[ 94%] /data/local/tmp/benchmark/models/classification/mobilenetv2/mobilenetv2/mobilenetv2.pnnx.onnx: 85%
[ 94%] /data/local/tmp/benchmark/models/classification/mobilenetv2/mobilenetv2/mobilenetv2.pnnx.onnx: 86%
[ 94%] /data/local/tmp/benchmark/models/classification/mobilenetv2/mobilenetv2/mobilenetv2.pnnx.onnx: 86%
[ 94%] /data/local/tmp/benchmark/models/classification/mobilenetv2/mobilenetv2/mobilenetv2.pnnx.onnx: 87%
[ 94%] /data/local/tmp/benchmark/models/classification/mobilenetv2/mobilenetv2/mobilenetv2.pnnx.onnx: 87%
[ 94%] /data/local/tmp/benchmark/models/classification/mobilenetv2/mobilenetv2/mobilenetv2.pnnx.onnx: 88%
[ 94%] /data/local/tmp/benchmark/models/classification/mobilenetv2/mobilenetv2/mobilenetv2.pnnx.onnx: 88%
[ 94%] /data/local/tmp/benchmark/models/classification/mobilenetv2/mobilenetv2/mobilenetv2.pnnx.onnx: 89%
[ 94%] /data/local/tmp/benchmark/models/classification/mobilenetv2/mobilenetv2/mobilenetv2.pnnx.onnx: 89%
[ 94%] /data/local/tmp/benchmark/models/classification/mobilenetv2/mobilenetv2/mobilenetv2.pnnx.onnx: 90%
[ 94%] /data/local/tmp/benchmark/models/classification/mobilenetv2/mobilenetv2/mobilenetv2.pnnx.onnx: 90%
[ 94%] /data/local/tmp/benchmark/models/classification/mobilenetv2/mobilenetv2/mobilenetv2.pnnx.onnx: 90%
[ 94%] /data/local/tmp/benchmark/models/classification/mobilenetv2/mobilenetv2/mobilenetv2.pnnx.onnx: 91%
[ 94%] /data/local/tmp/benchmark/models/classification/mobilenetv2/mobilenetv2/mobilenetv2.pnnx.onnx: 91%
[ 94%] /data/local/tmp/benchmark/models/classification/mobilenetv2/mobilenetv2/mobilenetv2.pnnx.onnx: 92%
[ 94%] /data/local/tmp/benchmark/models/classification/mobilenetv2/mobilenetv2/mobilenetv2.pnnx.onnx: 92%
[ 94%] /data/local/tmp/benchmark/models/classification/mobilenetv2/mobilenetv2/mobilenetv2.pnnx.onnx: 93%
[ 94%] /data/local/tmp/benchmark/models/classification/mobilenetv2/mobilenetv2/mobilenetv2.pnnx.onnx: 93%
[ 94%] /data/local/tmp/benchmark/models/classification/mobilenetv2/mobilenetv2/mobilenetv2.pnnx.onnx: 94%
[ 95%] /data/local/tmp/benchmark/models/classification/mobilenetv2/mobilenetv2/mobilenetv2.pnnx.onnx: 94%
[ 95%] /data/local/tmp/benchmark/models/classification/mobilenetv2/mobilenetv2/mobilenetv2.pnnx.onnx: 95%
[ 95%] /data/local/tmp/benchmark/models/classification/mobilenetv2/mobilenetv2/mobilenetv2.pnnx.onnx: 95%
[ 95%] /data/local/tmp/benchmark/models/classification/mobilenetv2/mobilenetv2/mobilenetv2.pnnx.onnx: 96%
[ 95%] /data/local/tmp/benchmark/models/classification/mobilenetv2/mobilenetv2/mobilenetv2.pnnx.onnx: 96%
[ 95%] /data/local/tmp/benchmark/models/classification/mobilenetv2/mobilenetv2/mobilenetv2.pnnx.onnx: 97%
[ 95%] /data/local/tmp/benchmark/models/classification/mobilenetv2/mobilenetv2/mobilenetv2.pnnx.onnx: 97%
[ 95%] /data/local/tmp/benchmark/models/classification/mobilenetv2/mobilenetv2/mobilenetv2.pnnx.onnx: 98%
[ 95%] /data/local/tmp/benchmark/models/classification/mobilenetv2/mobilenetv2/mobilenetv2.pnnx.onnx: 98%
[ 95%] /data/local/tmp/benchmark/models/classification/mobilenetv2/mobilenetv2/mobilenetv2.pnnx.onnx: 98%
[ 95%] /data/local/tmp/benchmark/models/classification/mobilenetv2/mobilenetv2/mobilenetv2.pnnx.onnx: 99%
[ 95%] /data/local/tmp/benchmark/models/classification/mobilenetv2/mobilenetv2/mobilenetv2.pnnx.onnx: 99%
[ 95%] /data/local/tmp/benchmark/models/classification/mobilenetv2/mobilenetv2/mobilenetv2.pnnx.onnx: 100%
[ 95%] /data/local/tmp/benchmark/models/classification/mobilenetv2/mobilenetv2/mobilenetv2.ncnn.bin: 0%
[ 95%] /data/local/tmp/benchmark/models/classification/mobilenetv2/mobilenetv2/mobilenetv2.ncnn.bin: 0%
[ 95%] /data/local/tmp/benchmark/models/classification/mobilenetv2/mobilenetv2/mobilenetv2.ncnn.bin: 1%
[ 95%] /data/local/tmp/benchmark/models/classification/mobilenetv2/mobilenetv2/mobilenetv2.ncnn.bin: 1%
[ 95%] /data/local/tmp/benchmark/models/classification/mobilenetv2/mobilenetv2/mobilenetv2.ncnn.bin: 2%
[ 95%] /data/local/tmp/benchmark/models/classification/mobilenetv2/mobilenetv2/mobilenetv2.ncnn.bin: 2%
[ 95%] /data/local/tmp/benchmark/models/classification/mobilenetv2/mobilenetv2/mobilenetv2.ncnn.bin: 3%
[ 95%] /data/local/tmp/benchmark/models/classification/mobilenetv2/mobilenetv2/mobilenetv2.ncnn.bin: 3%
[ 95%] /data/local/tmp/benchmark/models/classification/mobilenetv2/mobilenetv2/mobilenetv2.ncnn.bin: 4%
[ 95%] /data/local/tmp/benchmark/models/classification/mobilenetv2/mobilenetv2/mobilenetv2.ncnn.bin: 4%
[ 95%] /data/local/tmp/benchmark/models/classification/mobilenetv2/mobilenetv2/mobilenetv2.ncnn.bin: 5%
[ 95%] /data/local/tmp/benchmark/models/classification/mobilenetv2/mobilenetv2/mobilenetv2.ncnn.bin: 5%
[ 95%] /data/local/tmp/benchmark/models/classification/mobilenetv2/mobilenetv2/mobilenetv2.ncnn.bin: 6%
[ 95%] /data/local/tmp/benchmark/models/classification/mobilenetv2/mobilenetv2/mobilenetv2.ncnn.bin: 6%
[ 95%] /data/local/tmp/benchmark/models/classification/mobilenetv2/mobilenetv2/mobilenetv2.ncnn.bin: 7%
[ 95%] /data/local/tmp/benchmark/models/classification/mobilenetv2/mobilenetv2/mobilenetv2.ncnn.bin: 7%
[ 95%] /data/local/tmp/benchmark/models/classification/mobilenetv2/mobilenetv2/mobilenetv2.ncnn.bin: 7%
[ 95%] /data/local/tmp/benchmark/models/classification/mobilenetv2/mobilenetv2/mobilenetv2.ncnn.bin: 8%
[ 95%] /data/local/tmp/benchmark/models/classification/mobilenetv2/mobilenetv2/mobilenetv2.ncnn.bin: 8%
[ 95%] /data/local/tmp/benchmark/models/classification/mobilenetv2/mobilenetv2/mobilenetv2.ncnn.bin: 9%
[ 95%] /data/local/tmp/benchmark/models/classification/mobilenetv2/mobilenetv2/mobilenetv2.ncnn.bin: 9%
[ 95%] /data/local/tmp/benchmark/models/classification/mobilenetv2/mobilenetv2/mobilenetv2.ncnn.bin: 10%
[ 95%] /data/local/tmp/benchmark/models/classification/mobilenetv2/mobilenetv2/mobilenetv2.ncnn.bin: 10%
[ 95%] /data/local/tmp/benchmark/models/classification/mobilenetv2/mobilenetv2/mobilenetv2.ncnn.bin: 11%
[ 95%] /data/local/tmp/benchmark/models/classification/mobilenetv2/mobilenetv2/mobilenetv2.ncnn.bin: 11%
[ 95%] /data/local/tmp/benchmark/models/classification/mobilenetv2/mobilenetv2/mobilenetv2.ncnn.bin: 12%
[ 95%] /data/local/tmp/benchmark/models/classification/mobilenetv2/mobilenetv2/mobilenetv2.ncnn.bin: 12%
[ 95%] /data/local/tmp/benchmark/models/classification/mobilenetv2/mobilenetv2/mobilenetv2.ncnn.bin: 13%
[ 95%] /data/local/tmp/benchmark/models/classification/mobilenetv2/mobilenetv2/mobilenetv2.ncnn.bin: 13%
[ 95%] /data/local/tmp/benchmark/models/classification/mobilenetv2/mobilenetv2/mobilenetv2.ncnn.bin: 14%
[ 95%] /data/local/tmp/benchmark/models/classification/mobilenetv2/mobilenetv2/mobilenetv2.ncnn.bin: 14%
[ 95%] /data/local/tmp/benchmark/models/classification/mobilenetv2/mobilenetv2/mobilenetv2.ncnn.bin: 15%
[ 95%] /data/local/tmp/benchmark/models/classification/mobilenetv2/mobilenetv2/mobilenetv2.ncnn.bin: 15%
[ 95%] /data/local/tmp/benchmark/models/classification/mobilenetv2/mobilenetv2/mobilenetv2.ncnn.bin: 15%
[ 95%] /data/local/tmp/benchmark/models/classification/mobilenetv2/mobilenetv2/mobilenetv2.ncnn.bin: 16%
[ 95%] /data/local/tmp/benchmark/models/classification/mobilenetv2/mobilenetv2/mobilenetv2.ncnn.bin: 16%
[ 96%] /data/local/tmp/benchmark/models/classification/mobilenetv2/mobilenetv2/mobilenetv2.ncnn.bin: 17%
[ 96%] /data/local/tmp/benchmark/models/classification/mobilenetv2/mobilenetv2/mobilenetv2.ncnn.bin: 17%
[ 96%] /data/local/tmp/benchmark/models/classification/mobilenetv2/mobilenetv2/mobilenetv2.ncnn.bin: 18%
[ 96%] /data/local/tmp/benchmark/models/classification/mobilenetv2/mobilenetv2/mobilenetv2.ncnn.bin: 18%
[ 96%] /data/local/tmp/benchmark/models/classification/mobilenetv2/mobilenetv2/mobilenetv2.ncnn.bin: 19%
[ 96%] /data/local/tmp/benchmark/models/classification/mobilenetv2/mobilenetv2/mobilenetv2.ncnn.bin: 19%
[ 96%] /data/local/tmp/benchmark/models/classification/mobilenetv2/mobilenetv2/mobilenetv2.ncnn.bin: 20%
[ 96%] /data/local/tmp/benchmark/models/classification/mobilenetv2/mobilenetv2/mobilenetv2.ncnn.bin: 20%
[ 96%] /data/local/tmp/benchmark/models/classification/mobilenetv2/mobilenetv2/mobilenetv2.ncnn.bin: 21%
[ 96%] /data/local/tmp/benchmark/models/classification/mobilenetv2/mobilenetv2/mobilenetv2.ncnn.bin: 21%
[ 96%] /data/local/tmp/benchmark/models/classification/mobilenetv2/mobilenetv2/mobilenetv2.ncnn.bin: 22%
[ 96%] /data/local/tmp/benchmark/models/classification/mobilenetv2/mobilenetv2/mobilenetv2.ncnn.bin: 22%
[ 96%] /data/local/tmp/benchmark/models/classification/mobilenetv2/mobilenetv2/mobilenetv2.ncnn.bin: 23%
[ 96%] /data/local/tmp/benchmark/models/classification/mobilenetv2/mobilenetv2/mobilenetv2.ncnn.bin: 23%
[ 96%] /data/local/tmp/benchmark/models/classification/mobilenetv2/mobilenetv2/mobilenetv2.ncnn.bin: 23%
[ 96%] /data/local/tmp/benchmark/models/classification/mobilenetv2/mobilenetv2/mobilenetv2.ncnn.bin: 24%
[ 96%] /data/local/tmp/benchmark/models/classification/mobilenetv2/mobilenetv2/mobilenetv2.ncnn.bin: 24%
[ 96%] /data/local/tmp/benchmark/models/classification/mobilenetv2/mobilenetv2/mobilenetv2.ncnn.bin: 25%
[ 96%] /data/local/tmp/benchmark/models/classification/mobilenetv2/mobilenetv2/mobilenetv2.ncnn.bin: 25%
[ 96%] /data/local/tmp/benchmark/models/classification/mobilenetv2/mobilenetv2/mobilenetv2.ncnn.bin: 26%
[ 96%] /data/local/tmp/benchmark/models/classification/mobilenetv2/mobilenetv2/mobilenetv2.ncnn.bin: 26%
[ 96%] /data/local/tmp/benchmark/models/classification/mobilenetv2/mobilenetv2/mobilenetv2.ncnn.bin: 27%
[ 96%] /data/local/tmp/benchmark/models/classification/mobilenetv2/mobilenetv2/mobilenetv2.ncnn.bin: 27%
[ 96%] /data/local/tmp/benchmark/models/classification/mobilenetv2/mobilenetv2/mobilenetv2.ncnn.bin: 28%
[ 96%] /data/local/tmp/benchmark/models/classification/mobilenetv2/mobilenetv2/mobilenetv2.ncnn.bin: 28%
[ 96%] /data/local/tmp/benchmark/models/classification/mobilenetv2/mobilenetv2/mobilenetv2.ncnn.bin: 29%
[ 96%] /data/local/tmp/benchmark/models/classification/mobilenetv2/mobilenetv2/mobilenetv2.ncnn.bin: 29%
[ 96%] /data/local/tmp/benchmark/models/classification/mobilenetv2/mobilenetv2/mobilenetv2.ncnn.bin: 30%
[ 96%] /data/local/tmp/benchmark/models/classification/mobilenetv2/mobilenetv2/mobilenetv2.ncnn.bin: 30%
[ 96%] /data/local/tmp/benchmark/models/classification/mobilenetv2/mobilenetv2/mobilenetv2.ncnn.bin: 31%
[ 96%] /data/local/tmp/benchmark/models/classification/mobilenetv2/mobilenetv2/mobilenetv2.ncnn.bin: 31%
[ 96%] /data/local/tmp/benchmark/models/classification/mobilenetv2/mobilenetv2/mobilenetv2.ncnn.bin: 31%
[ 96%] /data/local/tmp/benchmark/models/classification/mobilenetv2/mobilenetv2/mobilenetv2.ncnn.bin: 32%
[ 96%] /data/local/tmp/benchmark/models/classification/mobilenetv2/mobilenetv2/mobilenetv2.ncnn.bin: 32%
[ 96%] /data/local/tmp/benchmark/models/classification/mobilenetv2/mobilenetv2/mobilenetv2.ncnn.bin: 33%
[ 96%] /data/local/tmp/benchmark/models/classification/mobilenetv2/mobilenetv2/mobilenetv2.ncnn.bin: 33%
[ 96%] /data/local/tmp/benchmark/models/classification/mobilenetv2/mobilenetv2/mobilenetv2.ncnn.bin: 34%
[ 96%] /data/local/tmp/benchmark/models/classification/mobilenetv2/mobilenetv2/mobilenetv2.ncnn.bin: 34%
[ 96%] /data/local/tmp/benchmark/models/classification/mobilenetv2/mobilenetv2/mobilenetv2.ncnn.bin: 35%
[ 96%] /data/local/tmp/benchmark/models/classification/mobilenetv2/mobilenetv2/mobilenetv2.ncnn.bin: 35%
[ 96%] /data/local/tmp/benchmark/models/classification/mobilenetv2/mobilenetv2/mobilenetv2.ncnn.bin: 36%
[ 96%] /data/local/tmp/benchmark/models/classification/mobilenetv2/mobilenetv2/mobilenetv2.ncnn.bin: 36%
[ 96%] /data/local/tmp/benchmark/models/classification/mobilenetv2/mobilenetv2/mobilenetv2.ncnn.bin: 37%
[ 96%] /data/local/tmp/benchmark/models/classification/mobilenetv2/mobilenetv2/mobilenetv2.ncnn.bin: 37%
[ 96%] /data/local/tmp/benchmark/models/classification/mobilenetv2/mobilenetv2/mobilenetv2.ncnn.bin: 38%
[ 96%] /data/local/tmp/benchmark/models/classification/mobilenetv2/mobilenetv2/mobilenetv2.ncnn.bin: 38%
[ 96%] /data/local/tmp/benchmark/models/classification/mobilenetv2/mobilenetv2/mobilenetv2.ncnn.bin: 38%
[ 96%] /data/local/tmp/benchmark/models/classification/mobilenetv2/mobilenetv2/mobilenetv2.ncnn.bin: 39%
[ 97%] /data/local/tmp/benchmark/models/classification/mobilenetv2/mobilenetv2/mobilenetv2.ncnn.bin: 39%
[ 97%] /data/local/tmp/benchmark/models/classification/mobilenetv2/mobilenetv2/mobilenetv2.ncnn.bin: 40%
[ 97%] /data/local/tmp/benchmark/models/classification/mobilenetv2/mobilenetv2/mobilenetv2.ncnn.bin: 40%
[ 97%] /data/local/tmp/benchmark/models/classification/mobilenetv2/mobilenetv2/mobilenetv2.ncnn.bin: 41%
[ 97%] /data/local/tmp/benchmark/models/classification/mobilenetv2/mobilenetv2/mobilenetv2.ncnn.bin: 41%
[ 97%] /data/local/tmp/benchmark/models/classification/mobilenetv2/mobilenetv2/mobilenetv2.ncnn.bin: 42%
[ 97%] /data/local/tmp/benchmark/models/classification/mobilenetv2/mobilenetv2/mobilenetv2.ncnn.bin: 42%
[ 97%] /data/local/tmp/benchmark/models/classification/mobilenetv2/mobilenetv2/mobilenetv2.ncnn.bin: 43%
[ 97%] /data/local/tmp/benchmark/models/classification/mobilenetv2/mobilenetv2/mobilenetv2.ncnn.bin: 43%
[ 97%] /data/local/tmp/benchmark/models/classification/mobilenetv2/mobilenetv2/mobilenetv2.ncnn.bin: 44%
[ 97%] /data/local/tmp/benchmark/models/classification/mobilenetv2/mobilenetv2/mobilenetv2.ncnn.bin: 44%
[ 97%] /data/local/tmp/benchmark/models/classification/mobilenetv2/mobilenetv2/mobilenetv2.ncnn.bin: 45%
[ 97%] /data/local/tmp/benchmark/models/classification/mobilenetv2/mobilenetv2/mobilenetv2.ncnn.bin: 45%
[ 97%] /data/local/tmp/benchmark/models/classification/mobilenetv2/mobilenetv2/mobilenetv2.ncnn.bin: 46%
[ 97%] /data/local/tmp/benchmark/models/classification/mobilenetv2/mobilenetv2/mobilenetv2.ncnn.bin: 46%
[ 97%] /data/local/tmp/benchmark/models/classification/mobilenetv2/mobilenetv2/mobilenetv2.ncnn.bin: 46%
[ 97%] /data/local/tmp/benchmark/models/classification/mobilenetv2/mobilenetv2/mobilenetv2.ncnn.bin: 47%
[ 97%] /data/local/tmp/benchmark/models/classification/mobilenetv2/mobilenetv2/mobilenetv2.ncnn.bin: 47%
[ 97%] /data/local/tmp/benchmark/models/classification/mobilenetv2/mobilenetv2/mobilenetv2.ncnn.bin: 48%
[ 97%] /data/local/tmp/benchmark/models/classification/mobilenetv2/mobilenetv2/mobilenetv2.ncnn.bin: 48%
[ 97%] /data/local/tmp/benchmark/models/classification/mobilenetv2/mobilenetv2/mobilenetv2.ncnn.bin: 49%
[ 97%] /data/local/tmp/benchmark/models/classification/mobilenetv2/mobilenetv2/mobilenetv2.ncnn.bin: 49%
[ 97%] /data/local/tmp/benchmark/models/classification/mobilenetv2/mobilenetv2/mobilenetv2.ncnn.bin: 50%
[ 97%] /data/local/tmp/benchmark/models/classification/mobilenetv2/mobilenetv2/mobilenetv2.ncnn.bin: 50%
[ 97%] /data/local/tmp/benchmark/models/classification/mobilenetv2/mobilenetv2/mobilenetv2.ncnn.bin: 51%
[ 97%] /data/local/tmp/benchmark/models/classification/mobilenetv2/mobilenetv2/mobilenetv2.ncnn.bin: 51%
[ 97%] /data/local/tmp/benchmark/models/classification/mobilenetv2/mobilenetv2/mobilenetv2.ncnn.bin: 52%
[ 97%] /data/local/tmp/benchmark/models/classification/mobilenetv2/mobilenetv2/mobilenetv2.ncnn.bin: 52%
[ 97%] /data/local/tmp/benchmark/models/classification/mobilenetv2/mobilenetv2/mobilenetv2.ncnn.bin: 53%
[ 97%] /data/local/tmp/benchmark/models/classification/mobilenetv2/mobilenetv2/mobilenetv2.ncnn.bin: 53%
[ 97%] /data/local/tmp/benchmark/models/classification/mobilenetv2/mobilenetv2/mobilenetv2.ncnn.bin: 54%
[ 97%] /data/local/tmp/benchmark/models/classification/mobilenetv2/mobilenetv2/mobilenetv2.ncnn.bin: 54%
[ 97%] /data/local/tmp/benchmark/models/classification/mobilenetv2/mobilenetv2/mobilenetv2.ncnn.bin: 54%
[ 97%] /data/local/tmp/benchmark/models/classification/mobilenetv2/mobilenetv2/mobilenetv2.ncnn.bin: 55%
[ 97%] /data/local/tmp/benchmark/models/classification/mobilenetv2/mobilenetv2/mobilenetv2.ncnn.bin: 55%
[ 97%] /data/local/tmp/benchmark/models/classification/mobilenetv2/mobilenetv2/mobilenetv2.ncnn.bin: 56%
[ 97%] /data/local/tmp/benchmark/models/classification/mobilenetv2/mobilenetv2/mobilenetv2.ncnn.bin: 56%
[ 97%] /data/local/tmp/benchmark/models/classification/mobilenetv2/mobilenetv2/mobilenetv2.ncnn.bin: 57%
[ 97%] /data/local/tmp/benchmark/models/classification/mobilenetv2/mobilenetv2/mobilenetv2.ncnn.bin: 57%
[ 97%] /data/local/tmp/benchmark/models/classification/mobilenetv2/mobilenetv2/mobilenetv2.ncnn.bin: 58%
[ 97%] /data/local/tmp/benchmark/models/classification/mobilenetv2/mobilenetv2/mobilenetv2.ncnn.bin: 58%
[ 97%] /data/local/tmp/benchmark/models/classification/mobilenetv2/mobilenetv2/mobilenetv2.ncnn.bin: 59%
[ 97%] /data/local/tmp/benchmark/models/classification/mobilenetv2/mobilenetv2/mobilenetv2.ncnn.bin: 59%
[ 97%] /data/local/tmp/benchmark/models/classification/mobilenetv2/mobilenetv2/mobilenetv2.ncnn.bin: 60%
[ 97%] /data/local/tmp/benchmark/models/classification/mobilenetv2/mobilenetv2/mobilenetv2.ncnn.bin: 60%
[ 97%] /data/local/tmp/benchmark/models/classification/mobilenetv2/mobilenetv2/mobilenetv2.ncnn.bin: 61%
[ 97%] /data/local/tmp/benchmark/models/classification/mobilenetv2/mobilenetv2/mobilenetv2.ncnn.bin: 61%
[ 97%] /data/local/tmp/benchmark/models/classification/mobilenetv2/mobilenetv2/mobilenetv2.ncnn.bin: 62%
[ 97%] /data/local/tmp/benchmark/models/classification/mobilenetv2/mobilenetv2/mobilenetv2.ncnn.bin: 62%
[ 98%] /data/local/tmp/benchmark/models/classification/mobilenetv2/mobilenetv2/mobilenetv2.ncnn.bin: 62%
[ 98%] /data/local/tmp/benchmark/models/classification/mobilenetv2/mobilenetv2/mobilenetv2.ncnn.bin: 63%
[ 98%] /data/local/tmp/benchmark/models/classification/mobilenetv2/mobilenetv2/mobilenetv2.ncnn.bin: 63%
[ 98%] /data/local/tmp/benchmark/models/classification/mobilenetv2/mobilenetv2/mobilenetv2.ncnn.bin: 64%
[ 98%] /data/local/tmp/benchmark/models/classification/mobilenetv2/mobilenetv2/mobilenetv2.ncnn.bin: 64%
[ 98%] /data/local/tmp/benchmark/models/classification/mobilenetv2/mobilenetv2/mobilenetv2.ncnn.bin: 65%
[ 98%] /data/local/tmp/benchmark/models/classification/mobilenetv2/mobilenetv2/mobilenetv2.ncnn.bin: 65%
[ 98%] /data/local/tmp/benchmark/models/classification/mobilenetv2/mobilenetv2/mobilenetv2.ncnn.bin: 66%
[ 98%] /data/local/tmp/benchmark/models/classification/mobilenetv2/mobilenetv2/mobilenetv2.ncnn.bin: 66%
[ 98%] /data/local/tmp/benchmark/models/classification/mobilenetv2/mobilenetv2/mobilenetv2.ncnn.bin: 67%
[ 98%] /data/local/tmp/benchmark/models/classification/mobilenetv2/mobilenetv2/mobilenetv2.ncnn.bin: 67%
[ 98%] /data/local/tmp/benchmark/models/classification/mobilenetv2/mobilenetv2/mobilenetv2.ncnn.bin: 68%
[ 98%] /data/local/tmp/benchmark/models/classification/mobilenetv2/mobilenetv2/mobilenetv2.ncnn.bin: 68%
[ 98%] /data/local/tmp/benchmark/models/classification/mobilenetv2/mobilenetv2/mobilenetv2.ncnn.bin: 69%
[ 98%] /data/local/tmp/benchmark/models/classification/mobilenetv2/mobilenetv2/mobilenetv2.ncnn.bin: 69%
[ 98%] /data/local/tmp/benchmark/models/classification/mobilenetv2/mobilenetv2/mobilenetv2.ncnn.bin: 69%
[ 98%] /data/local/tmp/benchmark/models/classification/mobilenetv2/mobilenetv2/mobilenetv2.ncnn.bin: 70%
[ 98%] /data/local/tmp/benchmark/models/classification/mobilenetv2/mobilenetv2/mobilenetv2.ncnn.bin: 70%
[ 98%] /data/local/tmp/benchmark/models/classification/mobilenetv2/mobilenetv2/mobilenetv2.ncnn.bin: 71%
[ 98%] /data/local/tmp/benchmark/models/classification/mobilenetv2/mobilenetv2/mobilenetv2.ncnn.bin: 71%
[ 98%] /data/local/tmp/benchmark/models/classification/mobilenetv2/mobilenetv2/mobilenetv2.ncnn.bin: 72%
[ 98%] /data/local/tmp/benchmark/models/classification/mobilenetv2/mobilenetv2/mobilenetv2.ncnn.bin: 72%
[ 98%] /data/local/tmp/benchmark/models/classification/mobilenetv2/mobilenetv2/mobilenetv2.ncnn.bin: 73%
[ 98%] /data/local/tmp/benchmark/models/classification/mobilenetv2/mobilenetv2/mobilenetv2.ncnn.bin: 73%
[ 98%] /data/local/tmp/benchmark/models/classification/mobilenetv2/mobilenetv2/mobilenetv2.ncnn.bin: 74%
[ 98%] /data/local/tmp/benchmark/models/classification/mobilenetv2/mobilenetv2/mobilenetv2.ncnn.bin: 74%
[ 98%] /data/local/tmp/benchmark/models/classification/mobilenetv2/mobilenetv2/mobilenetv2.ncnn.bin: 75%
[ 98%] /data/local/tmp/benchmark/models/classification/mobilenetv2/mobilenetv2/mobilenetv2.ncnn.bin: 75%
[ 98%] /data/local/tmp/benchmark/models/classification/mobilenetv2/mobilenetv2/mobilenetv2.ncnn.bin: 76%
[ 98%] /data/local/tmp/benchmark/models/classification/mobilenetv2/mobilenetv2/mobilenetv2.ncnn.bin: 76%
[ 98%] /data/local/tmp/benchmark/models/classification/mobilenetv2/mobilenetv2/mobilenetv2.ncnn.bin: 77%
[ 98%] /data/local/tmp/benchmark/models/classification/mobilenetv2/mobilenetv2/mobilenetv2.ncnn.bin: 77%
[ 98%] /data/local/tmp/benchmark/models/classification/mobilenetv2/mobilenetv2/mobilenetv2.ncnn.bin: 77%
[ 98%] /data/local/tmp/benchmark/models/classification/mobilenetv2/mobilenetv2/mobilenetv2.ncnn.bin: 78%
[ 98%] /data/local/tmp/benchmark/models/classification/mobilenetv2/mobilenetv2/mobilenetv2.ncnn.bin: 78%
[ 98%] /data/local/tmp/benchmark/models/classification/mobilenetv2/mobilenetv2/mobilenetv2.ncnn.bin: 79%
[ 98%] /data/local/tmp/benchmark/models/classification/mobilenetv2/mobilenetv2/mobilenetv2.ncnn.bin: 79%
[ 98%] /data/local/tmp/benchmark/models/classification/mobilenetv2/mobilenetv2/mobilenetv2.ncnn.bin: 80%
[ 98%] /data/local/tmp/benchmark/models/classification/mobilenetv2/mobilenetv2/mobilenetv2.ncnn.bin: 80%
[ 98%] /data/local/tmp/benchmark/models/classification/mobilenetv2/mobilenetv2/mobilenetv2.ncnn.bin: 81%
[ 98%] /data/local/tmp/benchmark/models/classification/mobilenetv2/mobilenetv2/mobilenetv2.ncnn.bin: 81%
[ 98%] /data/local/tmp/benchmark/models/classification/mobilenetv2/mobilenetv2/mobilenetv2.ncnn.bin: 82%
[ 98%] /data/local/tmp/benchmark/models/classification/mobilenetv2/mobilenetv2/mobilenetv2.ncnn.bin: 82%
[ 98%] /data/local/tmp/benchmark/models/classification/mobilenetv2/mobilenetv2/mobilenetv2.ncnn.bin: 83%
[ 98%] /data/local/tmp/benchmark/models/classification/mobilenetv2/mobilenetv2/mobilenetv2.ncnn.bin: 83%
[ 98%] /data/local/tmp/benchmark/models/classification/mobilenetv2/mobilenetv2/mobilenetv2.ncnn.bin: 84%
[ 98%] /data/local/tmp/benchmark/models/classification/mobilenetv2/mobilenetv2/mobilenetv2.ncnn.bin: 84%
[ 98%] /data/local/tmp/benchmark/models/classification/mobilenetv2/mobilenetv2/mobilenetv2.ncnn.bin: 85%
[ 99%] /data/local/tmp/benchmark/models/classification/mobilenetv2/mobilenetv2/mobilenetv2.ncnn.bin: 85%
[ 99%] /data/local/tmp/benchmark/models/classification/mobilenetv2/mobilenetv2/mobilenetv2.ncnn.bin: 85%
[ 99%] /data/local/tmp/benchmark/models/classification/mobilenetv2/mobilenetv2/mobilenetv2.ncnn.bin: 86%
[ 99%] /data/local/tmp/benchmark/models/classification/mobilenetv2/mobilenetv2/mobilenetv2.ncnn.bin: 86%
[ 99%] /data/local/tmp/benchmark/models/classification/mobilenetv2/mobilenetv2/mobilenetv2.ncnn.bin: 87%
[ 99%] /data/local/tmp/benchmark/models/classification/mobilenetv2/mobilenetv2/mobilenetv2.ncnn.bin: 87%
[ 99%] /data/local/tmp/benchmark/models/classification/mobilenetv2/mobilenetv2/mobilenetv2.ncnn.bin: 88%
[ 99%] /data/local/tmp/benchmark/models/classification/mobilenetv2/mobilenetv2/mobilenetv2.ncnn.bin: 88%
[ 99%] /data/local/tmp/benchmark/models/classification/mobilenetv2/mobilenetv2/mobilenetv2.ncnn.bin: 89%
[ 99%] /data/local/tmp/benchmark/models/classification/mobilenetv2/mobilenetv2/mobilenetv2.ncnn.bin: 89%
[ 99%] /data/local/tmp/benchmark/models/classification/mobilenetv2/mobilenetv2/mobilenetv2.ncnn.bin: 90%
[ 99%] /data/local/tmp/benchmark/models/classification/mobilenetv2/mobilenetv2/mobilenetv2.ncnn.bin: 90%
[ 99%] /data/local/tmp/benchmark/models/classification/mobilenetv2/mobilenetv2/mobilenetv2.ncnn.bin: 91%
[ 99%] /data/local/tmp/benchmark/models/classification/mobilenetv2/mobilenetv2/mobilenetv2.ncnn.bin: 91%
[ 99%] /data/local/tmp/benchmark/models/classification/mobilenetv2/mobilenetv2/mobilenetv2.ncnn.bin: 92%
[ 99%] /data/local/tmp/benchmark/models/classification/mobilenetv2/mobilenetv2/mobilenetv2.ncnn.bin: 92%
[ 99%] /data/local/tmp/benchmark/models/classification/mobilenetv2/mobilenetv2/mobilenetv2.ncnn.bin: 93%
[ 99%] /data/local/tmp/benchmark/models/classification/mobilenetv2/mobilenetv2/mobilenetv2.ncnn.bin: 93%
[ 99%] /data/local/tmp/benchmark/models/classification/mobilenetv2/mobilenetv2/mobilenetv2.ncnn.bin: 93%
[ 99%] /data/local/tmp/benchmark/models/classification/mobilenetv2/mobilenetv2/mobilenetv2.ncnn.bin: 94%
[ 99%] /data/local/tmp/benchmark/models/classification/mobilenetv2/mobilenetv2/mobilenetv2.ncnn.bin: 94%
[ 99%] /data/local/tmp/benchmark/models/classification/mobilenetv2/mobilenetv2/mobilenetv2.ncnn.bin: 95%
[ 99%] /data/local/tmp/benchmark/models/classification/mobilenetv2/mobilenetv2/mobilenetv2.ncnn.bin: 95%
[ 99%] /data/local/tmp/benchmark/models/classification/mobilenetv2/mobilenetv2/mobilenetv2.ncnn.bin: 96%
[ 99%] /data/local/tmp/benchmark/models/classification/mobilenetv2/mobilenetv2/mobilenetv2.ncnn.bin: 96%
[ 99%] /data/local/tmp/benchmark/models/classification/mobilenetv2/mobilenetv2/mobilenetv2.ncnn.bin: 97%
[ 99%] /data/local/tmp/benchmark/models/classification/mobilenetv2/mobilenetv2/mobilenetv2.ncnn.bin: 97%
[ 99%] /data/local/tmp/benchmark/models/classification/mobilenetv2/mobilenetv2/mobilenetv2.ncnn.bin: 98%
[ 99%] /data/local/tmp/benchmark/models/classification/mobilenetv2/mobilenetv2/mobilenetv2.ncnn.bin: 98%
[ 99%] /data/local/tmp/benchmark/models/classification/mobilenetv2/mobilenetv2/mobilenetv2.ncnn.bin: 99%
[ 99%] /data/local/tmp/benchmark/models/classification/mobilenetv2/mobilenetv2/mobilenetv2.ncnn.bin: 99%
[ 99%] /data/local/tmp/benchmark/models/classification/mobilenetv2/mobilenetv2/mobilenetv2.ncnn.bin: 100%
[ 99%] /data/local/tmp/benchmark/models/classification/mobilenetv2/mobilenetv2/mobilenetv2_pnnx.py: 100%
[ 99%] /data/local/tmp/benchmark/models/classification/mobilenetv2/mobilenetv2/mobilenet_v2_1.0_224_eval.pbtxt: 6%
[ 99%] /data/local/tmp/benchmark/models/classification/mobilenetv2/mobilenetv2/mobilenet_v2_1.0_224_eval.pbtxt: 12%
[ 99%] /data/local/tmp/benchmark/models/classification/mobilenetv2/mobilenetv2/mobilenet_v2_1.0_224_eval.pbtxt: 18%
[ 99%] /data/local/tmp/benchmark/models/classification/mobilenetv2/mobilenetv2/mobilenet_v2_1.0_224_eval.pbtxt: 24%
[ 99%] /data/local/tmp/benchmark/models/classification/mobilenetv2/mobilenetv2/mobilenet_v2_1.0_224_eval.pbtxt: 30%
[ 99%] /data/local/tmp/benchmark/models/classification/mobilenetv2/mobilenetv2/mobilenet_v2_1.0_224_eval.pbtxt: 36%
[ 99%] /data/local/tmp/benchmark/models/classification/mobilenetv2/mobilenetv2/mobilenet_v2_1.0_224_eval.pbtxt: 42%
[ 99%] /data/local/tmp/benchmark/models/classification/mobilenetv2/mobilenetv2/mobilenet_v2_1.0_224_eval.pbtxt: 48%
[ 99%] /data/local/tmp/benchmark/models/classification/mobilenetv2/mobilenetv2/mobilenet_v2_1.0_224_eval.pbtxt: 55%
[ 99%] /data/local/tmp/benchmark/models/classification/mobilenetv2/mobilenetv2/mobilenet_v2_1.0_224_eval.pbtxt: 61%
[ 99%] /data/local/tmp/benchmark/models/classification/mobilenetv2/mobilenetv2/mobilenet_v2_1.0_224_eval.pbtxt: 67%
[ 99%] /data/local/tmp/benchmark/models/classification/mobilenetv2/mobilenetv2/mobilenet_v2_1.0_224_eval.pbtxt: 73%
[ 99%] /data/local/tmp/benchmark/models/classification/mobilenetv2/mobilenetv2/mobilenet_v2_1.0_224_eval.pbtxt: 79%
[ 99%] /data/local/tmp/benchmark/models/classification/mobilenetv2/mobilenetv2/mobilenet_v2_1.0_224_eval.pbtxt: 85%
[ 99%] /data/local/tmp/benchmark/models/classification/mobilenetv2/mobilenetv2/mobilenet_v2_1.0_224_eval.pbtxt: 91%
[ 99%] /data/local/tmp/benchmark/models/classification/mobilenetv2/mobilenetv2/mobilenet_v2_1.0_224_eval.pbtxt: 97%
[ 99%] /data/local/tmp/benchmark/models/classification/mobilenetv2/mobilenetv2/mobilenet_v2_1.0_224_eval.pbtxt: 100%
[100%] /data/local/tmp/benchmark/models/classification/mobilenetv2/mobilenetv2/mobilenet_v2_1.0_224.ckpt.index: 100%
/home/liu/project/newwork/benchmark/models/classification/mobilenetv2\: 26 files pushed. 20.5 MB/s (316897894 bytes in 14.726s)
Pushing shared libraries...
[  0%] /data/local/tmp/benchmark/libonnxruntime.so
[  0%] /data/local/tmp/benchmark/libonnxruntime.so
[  1%] /data/local/tmp/benchmark/libonnxruntime.so
[  1%] /data/local/tmp/benchmark/libonnxruntime.so
[  1%] /data/local/tmp/benchmark/libonnxruntime.so
[  2%] /data/local/tmp/benchmark/libonnxruntime.so
[  2%] /data/local/tmp/benchmark/libonnxruntime.so
[  3%] /data/local/tmp/benchmark/libonnxruntime.so
[  3%] /data/local/tmp/benchmark/libonnxruntime.so
[  3%] /data/local/tmp/benchmark/libonnxruntime.so
[  4%] /data/local/tmp/benchmark/libonnxruntime.so
[  4%] /data/local/tmp/benchmark/libonnxruntime.so
[  5%] /data/local/tmp/benchmark/libonnxruntime.so
[  5%] /data/local/tmp/benchmark/libonnxruntime.so
[  5%] /data/local/tmp/benchmark/libonnxruntime.so
[  6%] /data/local/tmp/benchmark/libonnxruntime.so
[  6%] /data/local/tmp/benchmark/libonnxruntime.so
[  6%] /data/local/tmp/benchmark/libonnxruntime.so
[  7%] /data/local/tmp/benchmark/libonnxruntime.so
[  7%] /data/local/tmp/benchmark/libonnxruntime.so
[  8%] /data/local/tmp/benchmark/libonnxruntime.so
[  8%] /data/local/tmp/benchmark/libonnxruntime.so
[  8%] /data/local/tmp/benchmark/libonnxruntime.so
[  9%] /data/local/tmp/benchmark/libonnxruntime.so
[  9%] /data/local/tmp/benchmark/libonnxruntime.so
[ 10%] /data/local/tmp/benchmark/libonnxruntime.so
[ 10%] /data/local/tmp/benchmark/libonnxruntime.so
[ 10%] /data/local/tmp/benchmark/libonnxruntime.so
[ 11%] /data/local/tmp/benchmark/libonnxruntime.so
[ 11%] /data/local/tmp/benchmark/libonnxruntime.so
[ 11%] /data/local/tmp/benchmark/libonnxruntime.so
[ 12%] /data/local/tmp/benchmark/libonnxruntime.so
[ 12%] /data/local/tmp/benchmark/libonnxruntime.so
[ 13%] /data/local/tmp/benchmark/libonnxruntime.so
[ 13%] /data/local/tmp/benchmark/libonnxruntime.so
[ 13%] /data/local/tmp/benchmark/libonnxruntime.so
[ 14%] /data/local/tmp/benchmark/libonnxruntime.so
[ 14%] /data/local/tmp/benchmark/libonnxruntime.so
[ 15%] /data/local/tmp/benchmark/libonnxruntime.so
[ 15%] /data/local/tmp/benchmark/libonnxruntime.so
[ 15%] /data/local/tmp/benchmark/libonnxruntime.so
[ 16%] /data/local/tmp/benchmark/libonnxruntime.so
[ 16%] /data/local/tmp/benchmark/libonnxruntime.so
[ 16%] /data/local/tmp/benchmark/libonnxruntime.so
[ 17%] /data/local/tmp/benchmark/libonnxruntime.so
[ 17%] /data/local/tmp/benchmark/libonnxruntime.so
[ 18%] /data/local/tmp/benchmark/libonnxruntime.so
[ 18%] /data/local/tmp/benchmark/libonnxruntime.so
[ 18%] /data/local/tmp/benchmark/libonnxruntime.so
[ 19%] /data/local/tmp/benchmark/libonnxruntime.so
[ 19%] /data/local/tmp/benchmark/libonnxruntime.so
[ 20%] /data/local/tmp/benchmark/libonnxruntime.so
[ 20%] /data/local/tmp/benchmark/libonnxruntime.so
[ 20%] /data/local/tmp/benchmark/libonnxruntime.so
[ 21%] /data/local/tmp/benchmark/libonnxruntime.so
[ 21%] /data/local/tmp/benchmark/libonnxruntime.so
[ 21%] /data/local/tmp/benchmark/libonnxruntime.so
[ 22%] /data/local/tmp/benchmark/libonnxruntime.so
[ 22%] /data/local/tmp/benchmark/libonnxruntime.so
[ 23%] /data/local/tmp/benchmark/libonnxruntime.so
[ 23%] /data/local/tmp/benchmark/libonnxruntime.so
[ 23%] /data/local/tmp/benchmark/libonnxruntime.so
[ 24%] /data/local/tmp/benchmark/libonnxruntime.so
[ 24%] /data/local/tmp/benchmark/libonnxruntime.so
[ 25%] /data/local/tmp/benchmark/libonnxruntime.so
[ 25%] /data/local/tmp/benchmark/libonnxruntime.so
[ 25%] /data/local/tmp/benchmark/libonnxruntime.so
[ 26%] /data/local/tmp/benchmark/libonnxruntime.so
[ 26%] /data/local/tmp/benchmark/libonnxruntime.so
[ 26%] /data/local/tmp/benchmark/libonnxruntime.so
[ 27%] /data/local/tmp/benchmark/libonnxruntime.so
[ 27%] /data/local/tmp/benchmark/libonnxruntime.so
[ 28%] /data/local/tmp/benchmark/libonnxruntime.so
[ 28%] /data/local/tmp/benchmark/libonnxruntime.so
[ 28%] /data/local/tmp/benchmark/libonnxruntime.so
[ 29%] /data/local/tmp/benchmark/libonnxruntime.so
[ 29%] /data/local/tmp/benchmark/libonnxruntime.so
[ 30%] /data/local/tmp/benchmark/libonnxruntime.so
[ 30%] /data/local/tmp/benchmark/libonnxruntime.so
[ 30%] /data/local/tmp/benchmark/libonnxruntime.so
[ 31%] /data/local/tmp/benchmark/libonnxruntime.so
[ 31%] /data/local/tmp/benchmark/libonnxruntime.so
[ 31%] /data/local/tmp/benchmark/libonnxruntime.so
[ 32%] /data/local/tmp/benchmark/libonnxruntime.so
[ 32%] /data/local/tmp/benchmark/libonnxruntime.so
[ 33%] /data/local/tmp/benchmark/libonnxruntime.so
[ 33%] /data/local/tmp/benchmark/libonnxruntime.so
[ 33%] /data/local/tmp/benchmark/libonnxruntime.so
[ 34%] /data/local/tmp/benchmark/libonnxruntime.so
[ 34%] /data/local/tmp/benchmark/libonnxruntime.so
[ 35%] /data/local/tmp/benchmark/libonnxruntime.so
[ 35%] /data/local/tmp/benchmark/libonnxruntime.so
[ 35%] /data/local/tmp/benchmark/libonnxruntime.so
[ 36%] /data/local/tmp/benchmark/libonnxruntime.so
[ 36%] /data/local/tmp/benchmark/libonnxruntime.so
[ 36%] /data/local/tmp/benchmark/libonnxruntime.so
[ 37%] /data/local/tmp/benchmark/libonnxruntime.so
[ 37%] /data/local/tmp/benchmark/libonnxruntime.so
[ 38%] /data/local/tmp/benchmark/libonnxruntime.so
[ 38%] /data/local/tmp/benchmark/libonnxruntime.so
[ 38%] /data/local/tmp/benchmark/libonnxruntime.so
[ 39%] /data/local/tmp/benchmark/libonnxruntime.so
[ 39%] /data/local/tmp/benchmark/libonnxruntime.so
[ 40%] /data/local/tmp/benchmark/libonnxruntime.so
[ 40%] /data/local/tmp/benchmark/libonnxruntime.so
[ 40%] /data/local/tmp/benchmark/libonnxruntime.so
[ 41%] /data/local/tmp/benchmark/libonnxruntime.so
[ 41%] /data/local/tmp/benchmark/libonnxruntime.so
[ 42%] /data/local/tmp/benchmark/libonnxruntime.so
[ 42%] /data/local/tmp/benchmark/libonnxruntime.so
[ 42%] /data/local/tmp/benchmark/libonnxruntime.so
[ 43%] /data/local/tmp/benchmark/libonnxruntime.so
[ 43%] /data/local/tmp/benchmark/libonnxruntime.so
[ 43%] /data/local/tmp/benchmark/libonnxruntime.so
[ 44%] /data/local/tmp/benchmark/libonnxruntime.so
[ 44%] /data/local/tmp/benchmark/libonnxruntime.so
[ 45%] /data/local/tmp/benchmark/libonnxruntime.so
[ 45%] /data/local/tmp/benchmark/libonnxruntime.so
[ 45%] /data/local/tmp/benchmark/libonnxruntime.so
[ 46%] /data/local/tmp/benchmark/libonnxruntime.so
[ 46%] /data/local/tmp/benchmark/libonnxruntime.so
[ 47%] /data/local/tmp/benchmark/libonnxruntime.so
[ 47%] /data/local/tmp/benchmark/libonnxruntime.so
[ 47%] /data/local/tmp/benchmark/libonnxruntime.so
[ 48%] /data/local/tmp/benchmark/libonnxruntime.so
[ 48%] /data/local/tmp/benchmark/libonnxruntime.so
[ 48%] /data/local/tmp/benchmark/libonnxruntime.so
[ 49%] /data/local/tmp/benchmark/libonnxruntime.so
[ 49%] /data/local/tmp/benchmark/libonnxruntime.so
[ 50%] /data/local/tmp/benchmark/libonnxruntime.so
[ 50%] /data/local/tmp/benchmark/libonnxruntime.so
[ 50%] /data/local/tmp/benchmark/libonnxruntime.so
[ 51%] /data/local/tmp/benchmark/libonnxruntime.so
[ 51%] /data/local/tmp/benchmark/libonnxruntime.so
[ 52%] /data/local/tmp/benchmark/libonnxruntime.so
[ 52%] /data/local/tmp/benchmark/libonnxruntime.so
[ 52%] /data/local/tmp/benchmark/libonnxruntime.so
[ 53%] /data/local/tmp/benchmark/libonnxruntime.so
[ 53%] /data/local/tmp/benchmark/libonnxruntime.so
[ 53%] /data/local/tmp/benchmark/libonnxruntime.so
[ 54%] /data/local/tmp/benchmark/libonnxruntime.so
[ 54%] /data/local/tmp/benchmark/libonnxruntime.so
[ 55%] /data/local/tmp/benchmark/libonnxruntime.so
[ 55%] /data/local/tmp/benchmark/libonnxruntime.so
[ 55%] /data/local/tmp/benchmark/libonnxruntime.so
[ 56%] /data/local/tmp/benchmark/libonnxruntime.so
[ 56%] /data/local/tmp/benchmark/libonnxruntime.so
[ 57%] /data/local/tmp/benchmark/libonnxruntime.so
[ 57%] /data/local/tmp/benchmark/libonnxruntime.so
[ 57%] /data/local/tmp/benchmark/libonnxruntime.so
[ 58%] /data/local/tmp/benchmark/libonnxruntime.so
[ 58%] /data/local/tmp/benchmark/libonnxruntime.so
[ 58%] /data/local/tmp/benchmark/libonnxruntime.so
[ 59%] /data/local/tmp/benchmark/libonnxruntime.so
[ 59%] /data/local/tmp/benchmark/libonnxruntime.so
[ 60%] /data/local/tmp/benchmark/libonnxruntime.so
[ 60%] /data/local/tmp/benchmark/libonnxruntime.so
[ 60%] /data/local/tmp/benchmark/libonnxruntime.so
[ 61%] /data/local/tmp/benchmark/libonnxruntime.so
[ 61%] /data/local/tmp/benchmark/libonnxruntime.so
[ 62%] /data/local/tmp/benchmark/libonnxruntime.so
[ 62%] /data/local/tmp/benchmark/libonnxruntime.so
[ 62%] /data/local/tmp/benchmark/libonnxruntime.so
[ 63%] /data/local/tmp/benchmark/libonnxruntime.so
[ 63%] /data/local/tmp/benchmark/libonnxruntime.so
[ 63%] /data/local/tmp/benchmark/libonnxruntime.so
[ 64%] /data/local/tmp/benchmark/libonnxruntime.so
[ 64%] /data/local/tmp/benchmark/libonnxruntime.so
[ 65%] /data/local/tmp/benchmark/libonnxruntime.so
[ 65%] /data/local/tmp/benchmark/libonnxruntime.so
[ 65%] /data/local/tmp/benchmark/libonnxruntime.so
[ 66%] /data/local/tmp/benchmark/libonnxruntime.so
[ 66%] /data/local/tmp/benchmark/libonnxruntime.so
[ 67%] /data/local/tmp/benchmark/libonnxruntime.so
[ 67%] /data/local/tmp/benchmark/libonnxruntime.so
[ 67%] /data/local/tmp/benchmark/libonnxruntime.so
[ 68%] /data/local/tmp/benchmark/libonnxruntime.so
[ 68%] /data/local/tmp/benchmark/libonnxruntime.so
[ 68%] /data/local/tmp/benchmark/libonnxruntime.so
[ 69%] /data/local/tmp/benchmark/libonnxruntime.so
[ 69%] /data/local/tmp/benchmark/libonnxruntime.so
[ 70%] /data/local/tmp/benchmark/libonnxruntime.so
[ 70%] /data/local/tmp/benchmark/libonnxruntime.so
[ 70%] /data/local/tmp/benchmark/libonnxruntime.so
[ 71%] /data/local/tmp/benchmark/libonnxruntime.so
[ 71%] /data/local/tmp/benchmark/libonnxruntime.so
[ 72%] /data/local/tmp/benchmark/libonnxruntime.so
[ 72%] /data/local/tmp/benchmark/libonnxruntime.so
[ 72%] /data/local/tmp/benchmark/libonnxruntime.so
[ 73%] /data/local/tmp/benchmark/libonnxruntime.so
[ 73%] /data/local/tmp/benchmark/libonnxruntime.so
[ 73%] /data/local/tmp/benchmark/libonnxruntime.so
[ 74%] /data/local/tmp/benchmark/libonnxruntime.so
[ 74%] /data/local/tmp/benchmark/libonnxruntime.so
[ 75%] /data/local/tmp/benchmark/libonnxruntime.so
[ 75%] /data/local/tmp/benchmark/libonnxruntime.so
[ 75%] /data/local/tmp/benchmark/libonnxruntime.so
[ 76%] /data/local/tmp/benchmark/libonnxruntime.so
[ 76%] /data/local/tmp/benchmark/libonnxruntime.so
[ 77%] /data/local/tmp/benchmark/libonnxruntime.so
[ 77%] /data/local/tmp/benchmark/libonnxruntime.so
[ 77%] /data/local/tmp/benchmark/libonnxruntime.so
[ 78%] /data/local/tmp/benchmark/libonnxruntime.so
[ 78%] /data/local/tmp/benchmark/libonnxruntime.so
[ 79%] /data/local/tmp/benchmark/libonnxruntime.so
[ 79%] /data/local/tmp/benchmark/libonnxruntime.so
[ 79%] /data/local/tmp/benchmark/libonnxruntime.so
[ 80%] /data/local/tmp/benchmark/libonnxruntime.so
[ 80%] /data/local/tmp/benchmark/libonnxruntime.so
[ 80%] /data/local/tmp/benchmark/libonnxruntime.so
[ 81%] /data/local/tmp/benchmark/libonnxruntime.so
[ 81%] /data/local/tmp/benchmark/libonnxruntime.so
[ 82%] /data/local/tmp/benchmark/libonnxruntime.so
[ 82%] /data/local/tmp/benchmark/libonnxruntime.so
[ 82%] /data/local/tmp/benchmark/libonnxruntime.so
[ 83%] /data/local/tmp/benchmark/libonnxruntime.so
[ 83%] /data/local/tmp/benchmark/libonnxruntime.so
[ 84%] /data/local/tmp/benchmark/libonnxruntime.so
[ 84%] /data/local/tmp/benchmark/libonnxruntime.so
[ 84%] /data/local/tmp/benchmark/libonnxruntime.so
[ 85%] /data/local/tmp/benchmark/libonnxruntime.so
[ 85%] /data/local/tmp/benchmark/libonnxruntime.so
[ 85%] /data/local/tmp/benchmark/libonnxruntime.so
[ 86%] /data/local/tmp/benchmark/libonnxruntime.so
[ 86%] /data/local/tmp/benchmark/libonnxruntime.so
[ 87%] /data/local/tmp/benchmark/libonnxruntime.so
[ 87%] /data/local/tmp/benchmark/libonnxruntime.so
[ 87%] /data/local/tmp/benchmark/libonnxruntime.so
[ 88%] /data/local/tmp/benchmark/libonnxruntime.so
[ 88%] /data/local/tmp/benchmark/libonnxruntime.so
[ 89%] /data/local/tmp/benchmark/libonnxruntime.so
[ 89%] /data/local/tmp/benchmark/libonnxruntime.so
[ 89%] /data/local/tmp/benchmark/libonnxruntime.so
[ 90%] /data/local/tmp/benchmark/libonnxruntime.so
[ 90%] /data/local/tmp/benchmark/libonnxruntime.so
[ 90%] /data/local/tmp/benchmark/libonnxruntime.so
[ 91%] /data/local/tmp/benchmark/libonnxruntime.so
[ 91%] /data/local/tmp/benchmark/libonnxruntime.so
[ 92%] /data/local/tmp/benchmark/libonnxruntime.so
[ 92%] /data/local/tmp/benchmark/libonnxruntime.so
[ 92%] /data/local/tmp/benchmark/libonnxruntime.so
[ 93%] /data/local/tmp/benchmark/libonnxruntime.so
[ 93%] /data/local/tmp/benchmark/libonnxruntime.so
[ 94%] /data/local/tmp/benchmark/libonnxruntime.so
[ 94%] /data/local/tmp/benchmark/libonnxruntime.so
[ 94%] /data/local/tmp/benchmark/libonnxruntime.so
[ 95%] /data/local/tmp/benchmark/libonnxruntime.so
[ 95%] /data/local/tmp/benchmark/libonnxruntime.so
[ 95%] /data/local/tmp/benchmark/libonnxruntime.so
[ 96%] /data/local/tmp/benchmark/libonnxruntime.so
[ 96%] /data/local/tmp/benchmark/libonnxruntime.so
[ 97%] /data/local/tmp/benchmark/libonnxruntime.so
[ 97%] /data/local/tmp/benchmark/libonnxruntime.so
[ 97%] /data/local/tmp/benchmark/libonnxruntime.so
[ 98%] /data/local/tmp/benchmark/libonnxruntime.so
[ 98%] /data/local/tmp/benchmark/libonnxruntime.so
[ 99%] /data/local/tmp/benchmark/libonnxruntime.so
[ 99%] /data/local/tmp/benchmark/libonnxruntime.so
[ 99%] /data/local/tmp/benchmark/libonnxruntime.so
[100%] /data/local/tmp/benchmark/libonnxruntime.so
/home/liu/project/newwork/benchmark/third_party/onnxruntime/build/Android/Release/libonnxruntime.so: 1 file pushed. 20.1 MB/s (17005608 bytes in 0.808s)
[  0%] /data/local/tmp/benchmark/libMNN.so
[  0%] /data/local/tmp/benchmark/libMNN.so
[  0%] /data/local/tmp/benchmark/libMNN.so
[  0%] /data/local/tmp/benchmark/libMNN.so
[  0%] /data/local/tmp/benchmark/libMNN.so
[  0%] /data/local/tmp/benchmark/libMNN.so
[  0%] /data/local/tmp/benchmark/libMNN.so
[  0%] /data/local/tmp/benchmark/libMNN.so
[  0%] /data/local/tmp/benchmark/libMNN.so
[  1%] /data/local/tmp/benchmark/libMNN.so
[  1%] /data/local/tmp/benchmark/libMNN.so
[  1%] /data/local/tmp/benchmark/libMNN.so
[  1%] /data/local/tmp/benchmark/libMNN.so
[  1%] /data/local/tmp/benchmark/libMNN.so
[  1%] /data/local/tmp/benchmark/libMNN.so
[  1%] /data/local/tmp/benchmark/libMNN.so
[  1%] /data/local/tmp/benchmark/libMNN.so
[  1%] /data/local/tmp/benchmark/libMNN.so
[  2%] /data/local/tmp/benchmark/libMNN.so
[  2%] /data/local/tmp/benchmark/libMNN.so
[  2%] /data/local/tmp/benchmark/libMNN.so
[  2%] /data/local/tmp/benchmark/libMNN.so
[  2%] /data/local/tmp/benchmark/libMNN.so
[  2%] /data/local/tmp/benchmark/libMNN.so
[  2%] /data/local/tmp/benchmark/libMNN.so
[  2%] /data/local/tmp/benchmark/libMNN.so
[  2%] /data/local/tmp/benchmark/libMNN.so
[  2%] /data/local/tmp/benchmark/libMNN.so
[  3%] /data/local/tmp/benchmark/libMNN.so
[  3%] /data/local/tmp/benchmark/libMNN.so
[  3%] /data/local/tmp/benchmark/libMNN.so
[  3%] /data/local/tmp/benchmark/libMNN.so
[  3%] /data/local/tmp/benchmark/libMNN.so
[  3%] /data/local/tmp/benchmark/libMNN.so
[  3%] /data/local/tmp/benchmark/libMNN.so
[  3%] /data/local/tmp/benchmark/libMNN.so
[  3%] /data/local/tmp/benchmark/libMNN.so
[  4%] /data/local/tmp/benchmark/libMNN.so
[  4%] /data/local/tmp/benchmark/libMNN.so
[  4%] /data/local/tmp/benchmark/libMNN.so
[  4%] /data/local/tmp/benchmark/libMNN.so
[  4%] /data/local/tmp/benchmark/libMNN.so
[  4%] /data/local/tmp/benchmark/libMNN.so
[  4%] /data/local/tmp/benchmark/libMNN.so
[  4%] /data/local/tmp/benchmark/libMNN.so
[  4%] /data/local/tmp/benchmark/libMNN.so
[  4%] /data/local/tmp/benchmark/libMNN.so
[  5%] /data/local/tmp/benchmark/libMNN.so
[  5%] /data/local/tmp/benchmark/libMNN.so
[  5%] /data/local/tmp/benchmark/libMNN.so
[  5%] /data/local/tmp/benchmark/libMNN.so
[  5%] /data/local/tmp/benchmark/libMNN.so
[  5%] /data/local/tmp/benchmark/libMNN.so
[  5%] /data/local/tmp/benchmark/libMNN.so
[  5%] /data/local/tmp/benchmark/libMNN.so
[  5%] /data/local/tmp/benchmark/libMNN.so
[  6%] /data/local/tmp/benchmark/libMNN.so
[  6%] /data/local/tmp/benchmark/libMNN.so
[  6%] /data/local/tmp/benchmark/libMNN.so
[  6%] /data/local/tmp/benchmark/libMNN.so
[  6%] /data/local/tmp/benchmark/libMNN.so
[  6%] /data/local/tmp/benchmark/libMNN.so
[  6%] /data/local/tmp/benchmark/libMNN.so
[  6%] /data/local/tmp/benchmark/libMNN.so
[  6%] /data/local/tmp/benchmark/libMNN.so
[  6%] /data/local/tmp/benchmark/libMNN.so
[  7%] /data/local/tmp/benchmark/libMNN.so
[  7%] /data/local/tmp/benchmark/libMNN.so
[  7%] /data/local/tmp/benchmark/libMNN.so
[  7%] /data/local/tmp/benchmark/libMNN.so
[  7%] /data/local/tmp/benchmark/libMNN.so
[  7%] /data/local/tmp/benchmark/libMNN.so
[  7%] /data/local/tmp/benchmark/libMNN.so
[  7%] /data/local/tmp/benchmark/libMNN.so
[  7%] /data/local/tmp/benchmark/libMNN.so
[  8%] /data/local/tmp/benchmark/libMNN.so
[  8%] /data/local/tmp/benchmark/libMNN.so
[  8%] /data/local/tmp/benchmark/libMNN.so
[  8%] /data/local/tmp/benchmark/libMNN.so
[  8%] /data/local/tmp/benchmark/libMNN.so
[  8%] /data/local/tmp/benchmark/libMNN.so
[  8%] /data/local/tmp/benchmark/libMNN.so
[  8%] /data/local/tmp/benchmark/libMNN.so
[  8%] /data/local/tmp/benchmark/libMNN.so
[  8%] /data/local/tmp/benchmark/libMNN.so
[  9%] /data/local/tmp/benchmark/libMNN.so
[  9%] /data/local/tmp/benchmark/libMNN.so
[  9%] /data/local/tmp/benchmark/libMNN.so
[  9%] /data/local/tmp/benchmark/libMNN.so
[  9%] /data/local/tmp/benchmark/libMNN.so
[  9%] /data/local/tmp/benchmark/libMNN.so
[  9%] /data/local/tmp/benchmark/libMNN.so
[  9%] /data/local/tmp/benchmark/libMNN.so
[  9%] /data/local/tmp/benchmark/libMNN.so
[ 10%] /data/local/tmp/benchmark/libMNN.so
[ 10%] /data/local/tmp/benchmark/libMNN.so
[ 10%] /data/local/tmp/benchmark/libMNN.so
[ 10%] /data/local/tmp/benchmark/libMNN.so
[ 10%] /data/local/tmp/benchmark/libMNN.so
[ 10%] /data/local/tmp/benchmark/libMNN.so
[ 10%] /data/local/tmp/benchmark/libMNN.so
[ 10%] /data/local/tmp/benchmark/libMNN.so
[ 10%] /data/local/tmp/benchmark/libMNN.so
[ 11%] /data/local/tmp/benchmark/libMNN.so
[ 11%] /data/local/tmp/benchmark/libMNN.so
[ 11%] /data/local/tmp/benchmark/libMNN.so
[ 11%] /data/local/tmp/benchmark/libMNN.so
[ 11%] /data/local/tmp/benchmark/libMNN.so
[ 11%] /data/local/tmp/benchmark/libMNN.so
[ 11%] /data/local/tmp/benchmark/libMNN.so
[ 11%] /data/local/tmp/benchmark/libMNN.so
[ 11%] /data/local/tmp/benchmark/libMNN.so
[ 11%] /data/local/tmp/benchmark/libMNN.so
[ 12%] /data/local/tmp/benchmark/libMNN.so
[ 12%] /data/local/tmp/benchmark/libMNN.so
[ 12%] /data/local/tmp/benchmark/libMNN.so
[ 12%] /data/local/tmp/benchmark/libMNN.so
[ 12%] /data/local/tmp/benchmark/libMNN.so
[ 12%] /data/local/tmp/benchmark/libMNN.so
[ 12%] /data/local/tmp/benchmark/libMNN.so
[ 12%] /data/local/tmp/benchmark/libMNN.so
[ 12%] /data/local/tmp/benchmark/libMNN.so
[ 13%] /data/local/tmp/benchmark/libMNN.so
[ 13%] /data/local/tmp/benchmark/libMNN.so
[ 13%] /data/local/tmp/benchmark/libMNN.so
[ 13%] /data/local/tmp/benchmark/libMNN.so
[ 13%] /data/local/tmp/benchmark/libMNN.so
[ 13%] /data/local/tmp/benchmark/libMNN.so
[ 13%] /data/local/tmp/benchmark/libMNN.so
[ 13%] /data/local/tmp/benchmark/libMNN.so
[ 13%] /data/local/tmp/benchmark/libMNN.so
[ 13%] /data/local/tmp/benchmark/libMNN.so
[ 14%] /data/local/tmp/benchmark/libMNN.so
[ 14%] /data/local/tmp/benchmark/libMNN.so
[ 14%] /data/local/tmp/benchmark/libMNN.so
[ 14%] /data/local/tmp/benchmark/libMNN.so
[ 14%] /data/local/tmp/benchmark/libMNN.so
[ 14%] /data/local/tmp/benchmark/libMNN.so
[ 14%] /data/local/tmp/benchmark/libMNN.so
[ 14%] /data/local/tmp/benchmark/libMNN.so
[ 14%] /data/local/tmp/benchmark/libMNN.so
[ 15%] /data/local/tmp/benchmark/libMNN.so
[ 15%] /data/local/tmp/benchmark/libMNN.so
[ 15%] /data/local/tmp/benchmark/libMNN.so
[ 15%] /data/local/tmp/benchmark/libMNN.so
[ 15%] /data/local/tmp/benchmark/libMNN.so
[ 15%] /data/local/tmp/benchmark/libMNN.so
[ 15%] /data/local/tmp/benchmark/libMNN.so
[ 15%] /data/local/tmp/benchmark/libMNN.so
[ 15%] /data/local/tmp/benchmark/libMNN.so
[ 15%] /data/local/tmp/benchmark/libMNN.so
[ 16%] /data/local/tmp/benchmark/libMNN.so
[ 16%] /data/local/tmp/benchmark/libMNN.so
[ 16%] /data/local/tmp/benchmark/libMNN.so
[ 16%] /data/local/tmp/benchmark/libMNN.so
[ 16%] /data/local/tmp/benchmark/libMNN.so
[ 16%] /data/local/tmp/benchmark/libMNN.so
[ 16%] /data/local/tmp/benchmark/libMNN.so
[ 16%] /data/local/tmp/benchmark/libMNN.so
[ 16%] /data/local/tmp/benchmark/libMNN.so
[ 17%] /data/local/tmp/benchmark/libMNN.so
[ 17%] /data/local/tmp/benchmark/libMNN.so
[ 17%] /data/local/tmp/benchmark/libMNN.so
[ 17%] /data/local/tmp/benchmark/libMNN.so
[ 17%] /data/local/tmp/benchmark/libMNN.so
[ 17%] /data/local/tmp/benchmark/libMNN.so
[ 17%] /data/local/tmp/benchmark/libMNN.so
[ 17%] /data/local/tmp/benchmark/libMNN.so
[ 17%] /data/local/tmp/benchmark/libMNN.so
[ 17%] /data/local/tmp/benchmark/libMNN.so
[ 18%] /data/local/tmp/benchmark/libMNN.so
[ 18%] /data/local/tmp/benchmark/libMNN.so
[ 18%] /data/local/tmp/benchmark/libMNN.so
[ 18%] /data/local/tmp/benchmark/libMNN.so
[ 18%] /data/local/tmp/benchmark/libMNN.so
[ 18%] /data/local/tmp/benchmark/libMNN.so
[ 18%] /data/local/tmp/benchmark/libMNN.so
[ 18%] /data/local/tmp/benchmark/libMNN.so
[ 18%] /data/local/tmp/benchmark/libMNN.so
[ 19%] /data/local/tmp/benchmark/libMNN.so
[ 19%] /data/local/tmp/benchmark/libMNN.so
[ 19%] /data/local/tmp/benchmark/libMNN.so
[ 19%] /data/local/tmp/benchmark/libMNN.so
[ 19%] /data/local/tmp/benchmark/libMNN.so
[ 19%] /data/local/tmp/benchmark/libMNN.so
[ 19%] /data/local/tmp/benchmark/libMNN.so
[ 19%] /data/local/tmp/benchmark/libMNN.so
[ 19%] /data/local/tmp/benchmark/libMNN.so
[ 20%] /data/local/tmp/benchmark/libMNN.so
[ 20%] /data/local/tmp/benchmark/libMNN.so
[ 20%] /data/local/tmp/benchmark/libMNN.so
[ 20%] /data/local/tmp/benchmark/libMNN.so
[ 20%] /data/local/tmp/benchmark/libMNN.so
[ 20%] /data/local/tmp/benchmark/libMNN.so
[ 20%] /data/local/tmp/benchmark/libMNN.so
[ 20%] /data/local/tmp/benchmark/libMNN.so
[ 20%] /data/local/tmp/benchmark/libMNN.so
[ 20%] /data/local/tmp/benchmark/libMNN.so
[ 21%] /data/local/tmp/benchmark/libMNN.so
[ 21%] /data/local/tmp/benchmark/libMNN.so
[ 21%] /data/local/tmp/benchmark/libMNN.so
[ 21%] /data/local/tmp/benchmark/libMNN.so
[ 21%] /data/local/tmp/benchmark/libMNN.so
[ 21%] /data/local/tmp/benchmark/libMNN.so
[ 21%] /data/local/tmp/benchmark/libMNN.so
[ 21%] /data/local/tmp/benchmark/libMNN.so
[ 21%] /data/local/tmp/benchmark/libMNN.so
[ 22%] /data/local/tmp/benchmark/libMNN.so
[ 22%] /data/local/tmp/benchmark/libMNN.so
[ 22%] /data/local/tmp/benchmark/libMNN.so
[ 22%] /data/local/tmp/benchmark/libMNN.so
[ 22%] /data/local/tmp/benchmark/libMNN.so
[ 22%] /data/local/tmp/benchmark/libMNN.so
[ 22%] /data/local/tmp/benchmark/libMNN.so
[ 22%] /data/local/tmp/benchmark/libMNN.so
[ 22%] /data/local/tmp/benchmark/libMNN.so
[ 22%] /data/local/tmp/benchmark/libMNN.so
[ 23%] /data/local/tmp/benchmark/libMNN.so
[ 23%] /data/local/tmp/benchmark/libMNN.so
[ 23%] /data/local/tmp/benchmark/libMNN.so
[ 23%] /data/local/tmp/benchmark/libMNN.so
[ 23%] /data/local/tmp/benchmark/libMNN.so
[ 23%] /data/local/tmp/benchmark/libMNN.so
[ 23%] /data/local/tmp/benchmark/libMNN.so
[ 23%] /data/local/tmp/benchmark/libMNN.so
[ 23%] /data/local/tmp/benchmark/libMNN.so
[ 24%] /data/local/tmp/benchmark/libMNN.so
[ 24%] /data/local/tmp/benchmark/libMNN.so
[ 24%] /data/local/tmp/benchmark/libMNN.so
[ 24%] /data/local/tmp/benchmark/libMNN.so
[ 24%] /data/local/tmp/benchmark/libMNN.so
[ 24%] /data/local/tmp/benchmark/libMNN.so
[ 24%] /data/local/tmp/benchmark/libMNN.so
[ 24%] /data/local/tmp/benchmark/libMNN.so
[ 24%] /data/local/tmp/benchmark/libMNN.so
[ 24%] /data/local/tmp/benchmark/libMNN.so
[ 25%] /data/local/tmp/benchmark/libMNN.so
[ 25%] /data/local/tmp/benchmark/libMNN.so
[ 25%] /data/local/tmp/benchmark/libMNN.so
[ 25%] /data/local/tmp/benchmark/libMNN.so
[ 25%] /data/local/tmp/benchmark/libMNN.so
[ 25%] /data/local/tmp/benchmark/libMNN.so
[ 25%] /data/local/tmp/benchmark/libMNN.so
[ 25%] /data/local/tmp/benchmark/libMNN.so
[ 25%] /data/local/tmp/benchmark/libMNN.so
[ 26%] /data/local/tmp/benchmark/libMNN.so
[ 26%] /data/local/tmp/benchmark/libMNN.so
[ 26%] /data/local/tmp/benchmark/libMNN.so
[ 26%] /data/local/tmp/benchmark/libMNN.so
[ 26%] /data/local/tmp/benchmark/libMNN.so
[ 26%] /data/local/tmp/benchmark/libMNN.so
[ 26%] /data/local/tmp/benchmark/libMNN.so
[ 26%] /data/local/tmp/benchmark/libMNN.so
[ 26%] /data/local/tmp/benchmark/libMNN.so
[ 26%] /data/local/tmp/benchmark/libMNN.so
[ 27%] /data/local/tmp/benchmark/libMNN.so
[ 27%] /data/local/tmp/benchmark/libMNN.so
[ 27%] /data/local/tmp/benchmark/libMNN.so
[ 27%] /data/local/tmp/benchmark/libMNN.so
[ 27%] /data/local/tmp/benchmark/libMNN.so
[ 27%] /data/local/tmp/benchmark/libMNN.so
[ 27%] /data/local/tmp/benchmark/libMNN.so
[ 27%] /data/local/tmp/benchmark/libMNN.so
[ 27%] /data/local/tmp/benchmark/libMNN.so
[ 28%] /data/local/tmp/benchmark/libMNN.so
[ 28%] /data/local/tmp/benchmark/libMNN.so
[ 28%] /data/local/tmp/benchmark/libMNN.so
[ 28%] /data/local/tmp/benchmark/libMNN.so
[ 28%] /data/local/tmp/benchmark/libMNN.so
[ 28%] /data/local/tmp/benchmark/libMNN.so
[ 28%] /data/local/tmp/benchmark/libMNN.so
[ 28%] /data/local/tmp/benchmark/libMNN.so
[ 28%] /data/local/tmp/benchmark/libMNN.so
[ 29%] /data/local/tmp/benchmark/libMNN.so
[ 29%] /data/local/tmp/benchmark/libMNN.so
[ 29%] /data/local/tmp/benchmark/libMNN.so
[ 29%] /data/local/tmp/benchmark/libMNN.so
[ 29%] /data/local/tmp/benchmark/libMNN.so
[ 29%] /data/local/tmp/benchmark/libMNN.so
[ 29%] /data/local/tmp/benchmark/libMNN.so
[ 29%] /data/local/tmp/benchmark/libMNN.so
[ 29%] /data/local/tmp/benchmark/libMNN.so
[ 29%] /data/local/tmp/benchmark/libMNN.so
[ 30%] /data/local/tmp/benchmark/libMNN.so
[ 30%] /data/local/tmp/benchmark/libMNN.so
[ 30%] /data/local/tmp/benchmark/libMNN.so
[ 30%] /data/local/tmp/benchmark/libMNN.so
[ 30%] /data/local/tmp/benchmark/libMNN.so
[ 30%] /data/local/tmp/benchmark/libMNN.so
[ 30%] /data/local/tmp/benchmark/libMNN.so
[ 30%] /data/local/tmp/benchmark/libMNN.so
[ 30%] /data/local/tmp/benchmark/libMNN.so
[ 31%] /data/local/tmp/benchmark/libMNN.so
[ 31%] /data/local/tmp/benchmark/libMNN.so
[ 31%] /data/local/tmp/benchmark/libMNN.so
[ 31%] /data/local/tmp/benchmark/libMNN.so
[ 31%] /data/local/tmp/benchmark/libMNN.so
[ 31%] /data/local/tmp/benchmark/libMNN.so
[ 31%] /data/local/tmp/benchmark/libMNN.so
[ 31%] /data/local/tmp/benchmark/libMNN.so
[ 31%] /data/local/tmp/benchmark/libMNN.so
[ 31%] /data/local/tmp/benchmark/libMNN.so
[ 32%] /data/local/tmp/benchmark/libMNN.so
[ 32%] /data/local/tmp/benchmark/libMNN.so
[ 32%] /data/local/tmp/benchmark/libMNN.so
[ 32%] /data/local/tmp/benchmark/libMNN.so
[ 32%] /data/local/tmp/benchmark/libMNN.so
[ 32%] /data/local/tmp/benchmark/libMNN.so
[ 32%] /data/local/tmp/benchmark/libMNN.so
[ 32%] /data/local/tmp/benchmark/libMNN.so
[ 32%] /data/local/tmp/benchmark/libMNN.so
[ 33%] /data/local/tmp/benchmark/libMNN.so
[ 33%] /data/local/tmp/benchmark/libMNN.so
[ 33%] /data/local/tmp/benchmark/libMNN.so
[ 33%] /data/local/tmp/benchmark/libMNN.so
[ 33%] /data/local/tmp/benchmark/libMNN.so
[ 33%] /data/local/tmp/benchmark/libMNN.so
[ 33%] /data/local/tmp/benchmark/libMNN.so
[ 33%] /data/local/tmp/benchmark/libMNN.so
[ 33%] /data/local/tmp/benchmark/libMNN.so
[ 33%] /data/local/tmp/benchmark/libMNN.so
[ 34%] /data/local/tmp/benchmark/libMNN.so
[ 34%] /data/local/tmp/benchmark/libMNN.so
[ 34%] /data/local/tmp/benchmark/libMNN.so
[ 34%] /data/local/tmp/benchmark/libMNN.so
[ 34%] /data/local/tmp/benchmark/libMNN.so
[ 34%] /data/local/tmp/benchmark/libMNN.so
[ 34%] /data/local/tmp/benchmark/libMNN.so
[ 34%] /data/local/tmp/benchmark/libMNN.so
[ 34%] /data/local/tmp/benchmark/libMNN.so
[ 35%] /data/local/tmp/benchmark/libMNN.so
[ 35%] /data/local/tmp/benchmark/libMNN.so
[ 35%] /data/local/tmp/benchmark/libMNN.so
[ 35%] /data/local/tmp/benchmark/libMNN.so
[ 35%] /data/local/tmp/benchmark/libMNN.so
[ 35%] /data/local/tmp/benchmark/libMNN.so
[ 35%] /data/local/tmp/benchmark/libMNN.so
[ 35%] /data/local/tmp/benchmark/libMNN.so
[ 35%] /data/local/tmp/benchmark/libMNN.so
[ 35%] /data/local/tmp/benchmark/libMNN.so
[ 36%] /data/local/tmp/benchmark/libMNN.so
[ 36%] /data/local/tmp/benchmark/libMNN.so
[ 36%] /data/local/tmp/benchmark/libMNN.so
[ 36%] /data/local/tmp/benchmark/libMNN.so
[ 36%] /data/local/tmp/benchmark/libMNN.so
[ 36%] /data/local/tmp/benchmark/libMNN.so
[ 36%] /data/local/tmp/benchmark/libMNN.so
[ 36%] /data/local/tmp/benchmark/libMNN.so
[ 36%] /data/local/tmp/benchmark/libMNN.so
[ 37%] /data/local/tmp/benchmark/libMNN.so
[ 37%] /data/local/tmp/benchmark/libMNN.so
[ 37%] /data/local/tmp/benchmark/libMNN.so
[ 37%] /data/local/tmp/benchmark/libMNN.so
[ 37%] /data/local/tmp/benchmark/libMNN.so
[ 37%] /data/local/tmp/benchmark/libMNN.so
[ 37%] /data/local/tmp/benchmark/libMNN.so
[ 37%] /data/local/tmp/benchmark/libMNN.so
[ 37%] /data/local/tmp/benchmark/libMNN.so
[ 38%] /data/local/tmp/benchmark/libMNN.so
[ 38%] /data/local/tmp/benchmark/libMNN.so
[ 38%] /data/local/tmp/benchmark/libMNN.so
[ 38%] /data/local/tmp/benchmark/libMNN.so
[ 38%] /data/local/tmp/benchmark/libMNN.so
[ 38%] /data/local/tmp/benchmark/libMNN.so
[ 38%] /data/local/tmp/benchmark/libMNN.so
[ 38%] /data/local/tmp/benchmark/libMNN.so
[ 38%] /data/local/tmp/benchmark/libMNN.so
[ 38%] /data/local/tmp/benchmark/libMNN.so
[ 39%] /data/local/tmp/benchmark/libMNN.so
[ 39%] /data/local/tmp/benchmark/libMNN.so
[ 39%] /data/local/tmp/benchmark/libMNN.so
[ 39%] /data/local/tmp/benchmark/libMNN.so
[ 39%] /data/local/tmp/benchmark/libMNN.so
[ 39%] /data/local/tmp/benchmark/libMNN.so
[ 39%] /data/local/tmp/benchmark/libMNN.so
[ 39%] /data/local/tmp/benchmark/libMNN.so
[ 39%] /data/local/tmp/benchmark/libMNN.so
[ 40%] /data/local/tmp/benchmark/libMNN.so
[ 40%] /data/local/tmp/benchmark/libMNN.so
[ 40%] /data/local/tmp/benchmark/libMNN.so
[ 40%] /data/local/tmp/benchmark/libMNN.so
[ 40%] /data/local/tmp/benchmark/libMNN.so
[ 40%] /data/local/tmp/benchmark/libMNN.so
[ 40%] /data/local/tmp/benchmark/libMNN.so
[ 40%] /data/local/tmp/benchmark/libMNN.so
[ 40%] /data/local/tmp/benchmark/libMNN.so
[ 40%] /data/local/tmp/benchmark/libMNN.so
[ 41%] /data/local/tmp/benchmark/libMNN.so
[ 41%] /data/local/tmp/benchmark/libMNN.so
[ 41%] /data/local/tmp/benchmark/libMNN.so
[ 41%] /data/local/tmp/benchmark/libMNN.so
[ 41%] /data/local/tmp/benchmark/libMNN.so
[ 41%] /data/local/tmp/benchmark/libMNN.so
[ 41%] /data/local/tmp/benchmark/libMNN.so
[ 41%] /data/local/tmp/benchmark/libMNN.so
[ 41%] /data/local/tmp/benchmark/libMNN.so
[ 42%] /data/local/tmp/benchmark/libMNN.so
[ 42%] /data/local/tmp/benchmark/libMNN.so
[ 42%] /data/local/tmp/benchmark/libMNN.so
[ 42%] /data/local/tmp/benchmark/libMNN.so
[ 42%] /data/local/tmp/benchmark/libMNN.so
[ 42%] /data/local/tmp/benchmark/libMNN.so
[ 42%] /data/local/tmp/benchmark/libMNN.so
[ 42%] /data/local/tmp/benchmark/libMNN.so
[ 42%] /data/local/tmp/benchmark/libMNN.so
[ 42%] /data/local/tmp/benchmark/libMNN.so
[ 43%] /data/local/tmp/benchmark/libMNN.so
[ 43%] /data/local/tmp/benchmark/libMNN.so
[ 43%] /data/local/tmp/benchmark/libMNN.so
[ 43%] /data/local/tmp/benchmark/libMNN.so
[ 43%] /data/local/tmp/benchmark/libMNN.so
[ 43%] /data/local/tmp/benchmark/libMNN.so
[ 43%] /data/local/tmp/benchmark/libMNN.so
[ 43%] /data/local/tmp/benchmark/libMNN.so
[ 43%] /data/local/tmp/benchmark/libMNN.so
[ 44%] /data/local/tmp/benchmark/libMNN.so
[ 44%] /data/local/tmp/benchmark/libMNN.so
[ 44%] /data/local/tmp/benchmark/libMNN.so
[ 44%] /data/local/tmp/benchmark/libMNN.so
[ 44%] /data/local/tmp/benchmark/libMNN.so
[ 44%] /data/local/tmp/benchmark/libMNN.so
[ 44%] /data/local/tmp/benchmark/libMNN.so
[ 44%] /data/local/tmp/benchmark/libMNN.so
[ 44%] /data/local/tmp/benchmark/libMNN.so
[ 44%] /data/local/tmp/benchmark/libMNN.so
[ 45%] /data/local/tmp/benchmark/libMNN.so
[ 45%] /data/local/tmp/benchmark/libMNN.so
[ 45%] /data/local/tmp/benchmark/libMNN.so
[ 45%] /data/local/tmp/benchmark/libMNN.so
[ 45%] /data/local/tmp/benchmark/libMNN.so
[ 45%] /data/local/tmp/benchmark/libMNN.so
[ 45%] /data/local/tmp/benchmark/libMNN.so
[ 45%] /data/local/tmp/benchmark/libMNN.so
[ 45%] /data/local/tmp/benchmark/libMNN.so
[ 46%] /data/local/tmp/benchmark/libMNN.so
[ 46%] /data/local/tmp/benchmark/libMNN.so
[ 46%] /data/local/tmp/benchmark/libMNN.so
[ 46%] /data/local/tmp/benchmark/libMNN.so
[ 46%] /data/local/tmp/benchmark/libMNN.so
[ 46%] /data/local/tmp/benchmark/libMNN.so
[ 46%] /data/local/tmp/benchmark/libMNN.so
[ 46%] /data/local/tmp/benchmark/libMNN.so
[ 46%] /data/local/tmp/benchmark/libMNN.so
[ 47%] /data/local/tmp/benchmark/libMNN.so
[ 47%] /data/local/tmp/benchmark/libMNN.so
[ 47%] /data/local/tmp/benchmark/libMNN.so
[ 47%] /data/local/tmp/benchmark/libMNN.so
[ 47%] /data/local/tmp/benchmark/libMNN.so
[ 47%] /data/local/tmp/benchmark/libMNN.so
[ 47%] /data/local/tmp/benchmark/libMNN.so
[ 47%] /data/local/tmp/benchmark/libMNN.so
[ 47%] /data/local/tmp/benchmark/libMNN.so
[ 47%] /data/local/tmp/benchmark/libMNN.so
[ 48%] /data/local/tmp/benchmark/libMNN.so
[ 48%] /data/local/tmp/benchmark/libMNN.so
[ 48%] /data/local/tmp/benchmark/libMNN.so
[ 48%] /data/local/tmp/benchmark/libMNN.so
[ 48%] /data/local/tmp/benchmark/libMNN.so
[ 48%] /data/local/tmp/benchmark/libMNN.so
[ 48%] /data/local/tmp/benchmark/libMNN.so
[ 48%] /data/local/tmp/benchmark/libMNN.so
[ 48%] /data/local/tmp/benchmark/libMNN.so
[ 49%] /data/local/tmp/benchmark/libMNN.so
[ 49%] /data/local/tmp/benchmark/libMNN.so
[ 49%] /data/local/tmp/benchmark/libMNN.so
[ 49%] /data/local/tmp/benchmark/libMNN.so
[ 49%] /data/local/tmp/benchmark/libMNN.so
[ 49%] /data/local/tmp/benchmark/libMNN.so
[ 49%] /data/local/tmp/benchmark/libMNN.so
[ 49%] /data/local/tmp/benchmark/libMNN.so
[ 49%] /data/local/tmp/benchmark/libMNN.so
[ 49%] /data/local/tmp/benchmark/libMNN.so
[ 50%] /data/local/tmp/benchmark/libMNN.so
[ 50%] /data/local/tmp/benchmark/libMNN.so
[ 50%] /data/local/tmp/benchmark/libMNN.so
[ 50%] /data/local/tmp/benchmark/libMNN.so
[ 50%] /data/local/tmp/benchmark/libMNN.so
[ 50%] /data/local/tmp/benchmark/libMNN.so
[ 50%] /data/local/tmp/benchmark/libMNN.so
[ 50%] /data/local/tmp/benchmark/libMNN.so
[ 50%] /data/local/tmp/benchmark/libMNN.so
[ 51%] /data/local/tmp/benchmark/libMNN.so
[ 51%] /data/local/tmp/benchmark/libMNN.so
[ 51%] /data/local/tmp/benchmark/libMNN.so
[ 51%] /data/local/tmp/benchmark/libMNN.so
[ 51%] /data/local/tmp/benchmark/libMNN.so
[ 51%] /data/local/tmp/benchmark/libMNN.so
[ 51%] /data/local/tmp/benchmark/libMNN.so
[ 51%] /data/local/tmp/benchmark/libMNN.so
[ 51%] /data/local/tmp/benchmark/libMNN.so
[ 51%] /data/local/tmp/benchmark/libMNN.so
[ 52%] /data/local/tmp/benchmark/libMNN.so
[ 52%] /data/local/tmp/benchmark/libMNN.so
[ 52%] /data/local/tmp/benchmark/libMNN.so
[ 52%] /data/local/tmp/benchmark/libMNN.so
[ 52%] /data/local/tmp/benchmark/libMNN.so
[ 52%] /data/local/tmp/benchmark/libMNN.so
[ 52%] /data/local/tmp/benchmark/libMNN.so
[ 52%] /data/local/tmp/benchmark/libMNN.so
[ 52%] /data/local/tmp/benchmark/libMNN.so
[ 53%] /data/local/tmp/benchmark/libMNN.so
[ 53%] /data/local/tmp/benchmark/libMNN.so
[ 53%] /data/local/tmp/benchmark/libMNN.so
[ 53%] /data/local/tmp/benchmark/libMNN.so
[ 53%] /data/local/tmp/benchmark/libMNN.so
[ 53%] /data/local/tmp/benchmark/libMNN.so
[ 53%] /data/local/tmp/benchmark/libMNN.so
[ 53%] /data/local/tmp/benchmark/libMNN.so
[ 53%] /data/local/tmp/benchmark/libMNN.so
[ 53%] /data/local/tmp/benchmark/libMNN.so
[ 54%] /data/local/tmp/benchmark/libMNN.so
[ 54%] /data/local/tmp/benchmark/libMNN.so
[ 54%] /data/local/tmp/benchmark/libMNN.so
[ 54%] /data/local/tmp/benchmark/libMNN.so
[ 54%] /data/local/tmp/benchmark/libMNN.so
[ 54%] /data/local/tmp/benchmark/libMNN.so
[ 54%] /data/local/tmp/benchmark/libMNN.so
[ 54%] /data/local/tmp/benchmark/libMNN.so
[ 54%] /data/local/tmp/benchmark/libMNN.so
[ 55%] /data/local/tmp/benchmark/libMNN.so
[ 55%] /data/local/tmp/benchmark/libMNN.so
[ 55%] /data/local/tmp/benchmark/libMNN.so
[ 55%] /data/local/tmp/benchmark/libMNN.so
[ 55%] /data/local/tmp/benchmark/libMNN.so
[ 55%] /data/local/tmp/benchmark/libMNN.so
[ 55%] /data/local/tmp/benchmark/libMNN.so
[ 55%] /data/local/tmp/benchmark/libMNN.so
[ 55%] /data/local/tmp/benchmark/libMNN.so
[ 55%] /data/local/tmp/benchmark/libMNN.so
[ 56%] /data/local/tmp/benchmark/libMNN.so
[ 56%] /data/local/tmp/benchmark/libMNN.so
[ 56%] /data/local/tmp/benchmark/libMNN.so
[ 56%] /data/local/tmp/benchmark/libMNN.so
[ 56%] /data/local/tmp/benchmark/libMNN.so
[ 56%] /data/local/tmp/benchmark/libMNN.so
[ 56%] /data/local/tmp/benchmark/libMNN.so
[ 56%] /data/local/tmp/benchmark/libMNN.so
[ 56%] /data/local/tmp/benchmark/libMNN.so
[ 57%] /data/local/tmp/benchmark/libMNN.so
[ 57%] /data/local/tmp/benchmark/libMNN.so
[ 57%] /data/local/tmp/benchmark/libMNN.so
[ 57%] /data/local/tmp/benchmark/libMNN.so
[ 57%] /data/local/tmp/benchmark/libMNN.so
[ 57%] /data/local/tmp/benchmark/libMNN.so
[ 57%] /data/local/tmp/benchmark/libMNN.so
[ 57%] /data/local/tmp/benchmark/libMNN.so
[ 57%] /data/local/tmp/benchmark/libMNN.so
[ 58%] /data/local/tmp/benchmark/libMNN.so
[ 58%] /data/local/tmp/benchmark/libMNN.so
[ 58%] /data/local/tmp/benchmark/libMNN.so
[ 58%] /data/local/tmp/benchmark/libMNN.so
[ 58%] /data/local/tmp/benchmark/libMNN.so
[ 58%] /data/local/tmp/benchmark/libMNN.so
[ 58%] /data/local/tmp/benchmark/libMNN.so
[ 58%] /data/local/tmp/benchmark/libMNN.so
[ 58%] /data/local/tmp/benchmark/libMNN.so
[ 58%] /data/local/tmp/benchmark/libMNN.so
[ 59%] /data/local/tmp/benchmark/libMNN.so
[ 59%] /data/local/tmp/benchmark/libMNN.so
[ 59%] /data/local/tmp/benchmark/libMNN.so
[ 59%] /data/local/tmp/benchmark/libMNN.so
[ 59%] /data/local/tmp/benchmark/libMNN.so
[ 59%] /data/local/tmp/benchmark/libMNN.so
[ 59%] /data/local/tmp/benchmark/libMNN.so
[ 59%] /data/local/tmp/benchmark/libMNN.so
[ 59%] /data/local/tmp/benchmark/libMNN.so
[ 60%] /data/local/tmp/benchmark/libMNN.so
[ 60%] /data/local/tmp/benchmark/libMNN.so
[ 60%] /data/local/tmp/benchmark/libMNN.so
[ 60%] /data/local/tmp/benchmark/libMNN.so
[ 60%] /data/local/tmp/benchmark/libMNN.so
[ 60%] /data/local/tmp/benchmark/libMNN.so
[ 60%] /data/local/tmp/benchmark/libMNN.so
[ 60%] /data/local/tmp/benchmark/libMNN.so
[ 60%] /data/local/tmp/benchmark/libMNN.so
[ 60%] /data/local/tmp/benchmark/libMNN.so
[ 61%] /data/local/tmp/benchmark/libMNN.so
[ 61%] /data/local/tmp/benchmark/libMNN.so
[ 61%] /data/local/tmp/benchmark/libMNN.so
[ 61%] /data/local/tmp/benchmark/libMNN.so
[ 61%] /data/local/tmp/benchmark/libMNN.so
[ 61%] /data/local/tmp/benchmark/libMNN.so
[ 61%] /data/local/tmp/benchmark/libMNN.so
[ 61%] /data/local/tmp/benchmark/libMNN.so
[ 61%] /data/local/tmp/benchmark/libMNN.so
[ 62%] /data/local/tmp/benchmark/libMNN.so
[ 62%] /data/local/tmp/benchmark/libMNN.so
[ 62%] /data/local/tmp/benchmark/libMNN.so
[ 62%] /data/local/tmp/benchmark/libMNN.so
[ 62%] /data/local/tmp/benchmark/libMNN.so
[ 62%] /data/local/tmp/benchmark/libMNN.so
[ 62%] /data/local/tmp/benchmark/libMNN.so
[ 62%] /data/local/tmp/benchmark/libMNN.so
[ 62%] /data/local/tmp/benchmark/libMNN.so
[ 62%] /data/local/tmp/benchmark/libMNN.so
[ 63%] /data/local/tmp/benchmark/libMNN.so
[ 63%] /data/local/tmp/benchmark/libMNN.so
[ 63%] /data/local/tmp/benchmark/libMNN.so
[ 63%] /data/local/tmp/benchmark/libMNN.so
[ 63%] /data/local/tmp/benchmark/libMNN.so
[ 63%] /data/local/tmp/benchmark/libMNN.so
[ 63%] /data/local/tmp/benchmark/libMNN.so
[ 63%] /data/local/tmp/benchmark/libMNN.so
[ 63%] /data/local/tmp/benchmark/libMNN.so
[ 64%] /data/local/tmp/benchmark/libMNN.so
[ 64%] /data/local/tmp/benchmark/libMNN.so
[ 64%] /data/local/tmp/benchmark/libMNN.so
[ 64%] /data/local/tmp/benchmark/libMNN.so
[ 64%] /data/local/tmp/benchmark/libMNN.so
[ 64%] /data/local/tmp/benchmark/libMNN.so
[ 64%] /data/local/tmp/benchmark/libMNN.so
[ 64%] /data/local/tmp/benchmark/libMNN.so
[ 64%] /data/local/tmp/benchmark/libMNN.so
[ 64%] /data/local/tmp/benchmark/libMNN.so
[ 65%] /data/local/tmp/benchmark/libMNN.so
[ 65%] /data/local/tmp/benchmark/libMNN.so
[ 65%] /data/local/tmp/benchmark/libMNN.so
[ 65%] /data/local/tmp/benchmark/libMNN.so
[ 65%] /data/local/tmp/benchmark/libMNN.so
[ 65%] /data/local/tmp/benchmark/libMNN.so
[ 65%] /data/local/tmp/benchmark/libMNN.so
[ 65%] /data/local/tmp/benchmark/libMNN.so
[ 65%] /data/local/tmp/benchmark/libMNN.so
[ 66%] /data/local/tmp/benchmark/libMNN.so
[ 66%] /data/local/tmp/benchmark/libMNN.so
[ 66%] /data/local/tmp/benchmark/libMNN.so
[ 66%] /data/local/tmp/benchmark/libMNN.so
[ 66%] /data/local/tmp/benchmark/libMNN.so
[ 66%] /data/local/tmp/benchmark/libMNN.so
[ 66%] /data/local/tmp/benchmark/libMNN.so
[ 66%] /data/local/tmp/benchmark/libMNN.so
[ 66%] /data/local/tmp/benchmark/libMNN.so
[ 67%] /data/local/tmp/benchmark/libMNN.so
[ 67%] /data/local/tmp/benchmark/libMNN.so
[ 67%] /data/local/tmp/benchmark/libMNN.so
[ 67%] /data/local/tmp/benchmark/libMNN.so
[ 67%] /data/local/tmp/benchmark/libMNN.so
[ 67%] /data/local/tmp/benchmark/libMNN.so
[ 67%] /data/local/tmp/benchmark/libMNN.so
[ 67%] /data/local/tmp/benchmark/libMNN.so
[ 67%] /data/local/tmp/benchmark/libMNN.so
[ 67%] /data/local/tmp/benchmark/libMNN.so
[ 68%] /data/local/tmp/benchmark/libMNN.so
[ 68%] /data/local/tmp/benchmark/libMNN.so
[ 68%] /data/local/tmp/benchmark/libMNN.so
[ 68%] /data/local/tmp/benchmark/libMNN.so
[ 68%] /data/local/tmp/benchmark/libMNN.so
[ 68%] /data/local/tmp/benchmark/libMNN.so
[ 68%] /data/local/tmp/benchmark/libMNN.so
[ 68%] /data/local/tmp/benchmark/libMNN.so
[ 68%] /data/local/tmp/benchmark/libMNN.so
[ 69%] /data/local/tmp/benchmark/libMNN.so
[ 69%] /data/local/tmp/benchmark/libMNN.so
[ 69%] /data/local/tmp/benchmark/libMNN.so
[ 69%] /data/local/tmp/benchmark/libMNN.so
[ 69%] /data/local/tmp/benchmark/libMNN.so
[ 69%] /data/local/tmp/benchmark/libMNN.so
[ 69%] /data/local/tmp/benchmark/libMNN.so
[ 69%] /data/local/tmp/benchmark/libMNN.so
[ 69%] /data/local/tmp/benchmark/libMNN.so
[ 69%] /data/local/tmp/benchmark/libMNN.so
[ 70%] /data/local/tmp/benchmark/libMNN.so
[ 70%] /data/local/tmp/benchmark/libMNN.so
[ 70%] /data/local/tmp/benchmark/libMNN.so
[ 70%] /data/local/tmp/benchmark/libMNN.so
[ 70%] /data/local/tmp/benchmark/libMNN.so
[ 70%] /data/local/tmp/benchmark/libMNN.so
[ 70%] /data/local/tmp/benchmark/libMNN.so
[ 70%] /data/local/tmp/benchmark/libMNN.so
[ 70%] /data/local/tmp/benchmark/libMNN.so
[ 71%] /data/local/tmp/benchmark/libMNN.so
[ 71%] /data/local/tmp/benchmark/libMNN.so
[ 71%] /data/local/tmp/benchmark/libMNN.so
[ 71%] /data/local/tmp/benchmark/libMNN.so
[ 71%] /data/local/tmp/benchmark/libMNN.so
[ 71%] /data/local/tmp/benchmark/libMNN.so
[ 71%] /data/local/tmp/benchmark/libMNN.so
[ 71%] /data/local/tmp/benchmark/libMNN.so
[ 71%] /data/local/tmp/benchmark/libMNN.so
[ 71%] /data/local/tmp/benchmark/libMNN.so
[ 72%] /data/local/tmp/benchmark/libMNN.so
[ 72%] /data/local/tmp/benchmark/libMNN.so
[ 72%] /data/local/tmp/benchmark/libMNN.so
[ 72%] /data/local/tmp/benchmark/libMNN.so
[ 72%] /data/local/tmp/benchmark/libMNN.so
[ 72%] /data/local/tmp/benchmark/libMNN.so
[ 72%] /data/local/tmp/benchmark/libMNN.so
[ 72%] /data/local/tmp/benchmark/libMNN.so
[ 72%] /data/local/tmp/benchmark/libMNN.so
[ 73%] /data/local/tmp/benchmark/libMNN.so
[ 73%] /data/local/tmp/benchmark/libMNN.so
[ 73%] /data/local/tmp/benchmark/libMNN.so
[ 73%] /data/local/tmp/benchmark/libMNN.so
[ 73%] /data/local/tmp/benchmark/libMNN.so
[ 73%] /data/local/tmp/benchmark/libMNN.so
[ 73%] /data/local/tmp/benchmark/libMNN.so
[ 73%] /data/local/tmp/benchmark/libMNN.so
[ 73%] /data/local/tmp/benchmark/libMNN.so
[ 73%] /data/local/tmp/benchmark/libMNN.so
[ 74%] /data/local/tmp/benchmark/libMNN.so
[ 74%] /data/local/tmp/benchmark/libMNN.so
[ 74%] /data/local/tmp/benchmark/libMNN.so
[ 74%] /data/local/tmp/benchmark/libMNN.so
[ 74%] /data/local/tmp/benchmark/libMNN.so
[ 74%] /data/local/tmp/benchmark/libMNN.so
[ 74%] /data/local/tmp/benchmark/libMNN.so
[ 74%] /data/local/tmp/benchmark/libMNN.so
[ 74%] /data/local/tmp/benchmark/libMNN.so
[ 75%] /data/local/tmp/benchmark/libMNN.so
[ 75%] /data/local/tmp/benchmark/libMNN.so
[ 75%] /data/local/tmp/benchmark/libMNN.so
[ 75%] /data/local/tmp/benchmark/libMNN.so
[ 75%] /data/local/tmp/benchmark/libMNN.so
[ 75%] /data/local/tmp/benchmark/libMNN.so
[ 75%] /data/local/tmp/benchmark/libMNN.so
[ 75%] /data/local/tmp/benchmark/libMNN.so
[ 75%] /data/local/tmp/benchmark/libMNN.so
[ 76%] /data/local/tmp/benchmark/libMNN.so
[ 76%] /data/local/tmp/benchmark/libMNN.so
[ 76%] /data/local/tmp/benchmark/libMNN.so
[ 76%] /data/local/tmp/benchmark/libMNN.so
[ 76%] /data/local/tmp/benchmark/libMNN.so
[ 76%] /data/local/tmp/benchmark/libMNN.so
[ 76%] /data/local/tmp/benchmark/libMNN.so
[ 76%] /data/local/tmp/benchmark/libMNN.so
[ 76%] /data/local/tmp/benchmark/libMNN.so
[ 76%] /data/local/tmp/benchmark/libMNN.so
[ 77%] /data/local/tmp/benchmark/libMNN.so
[ 77%] /data/local/tmp/benchmark/libMNN.so
[ 77%] /data/local/tmp/benchmark/libMNN.so
[ 77%] /data/local/tmp/benchmark/libMNN.so
[ 77%] /data/local/tmp/benchmark/libMNN.so
[ 77%] /data/local/tmp/benchmark/libMNN.so
[ 77%] /data/local/tmp/benchmark/libMNN.so
[ 77%] /data/local/tmp/benchmark/libMNN.so
[ 77%] /data/local/tmp/benchmark/libMNN.so
[ 78%] /data/local/tmp/benchmark/libMNN.so
[ 78%] /data/local/tmp/benchmark/libMNN.so
[ 78%] /data/local/tmp/benchmark/libMNN.so
[ 78%] /data/local/tmp/benchmark/libMNN.so
[ 78%] /data/local/tmp/benchmark/libMNN.so
[ 78%] /data/local/tmp/benchmark/libMNN.so
[ 78%] /data/local/tmp/benchmark/libMNN.so
[ 78%] /data/local/tmp/benchmark/libMNN.so
[ 78%] /data/local/tmp/benchmark/libMNN.so
[ 78%] /data/local/tmp/benchmark/libMNN.so
[ 79%] /data/local/tmp/benchmark/libMNN.so
[ 79%] /data/local/tmp/benchmark/libMNN.so
[ 79%] /data/local/tmp/benchmark/libMNN.so
[ 79%] /data/local/tmp/benchmark/libMNN.so
[ 79%] /data/local/tmp/benchmark/libMNN.so
[ 79%] /data/local/tmp/benchmark/libMNN.so
[ 79%] /data/local/tmp/benchmark/libMNN.so
[ 79%] /data/local/tmp/benchmark/libMNN.so
[ 79%] /data/local/tmp/benchmark/libMNN.so
[ 80%] /data/local/tmp/benchmark/libMNN.so
[ 80%] /data/local/tmp/benchmark/libMNN.so
[ 80%] /data/local/tmp/benchmark/libMNN.so
[ 80%] /data/local/tmp/benchmark/libMNN.so
[ 80%] /data/local/tmp/benchmark/libMNN.so
[ 80%] /data/local/tmp/benchmark/libMNN.so
[ 80%] /data/local/tmp/benchmark/libMNN.so
[ 80%] /data/local/tmp/benchmark/libMNN.so
[ 80%] /data/local/tmp/benchmark/libMNN.so
[ 80%] /data/local/tmp/benchmark/libMNN.so
[ 81%] /data/local/tmp/benchmark/libMNN.so
[ 81%] /data/local/tmp/benchmark/libMNN.so
[ 81%] /data/local/tmp/benchmark/libMNN.so
[ 81%] /data/local/tmp/benchmark/libMNN.so
[ 81%] /data/local/tmp/benchmark/libMNN.so
[ 81%] /data/local/tmp/benchmark/libMNN.so
[ 81%] /data/local/tmp/benchmark/libMNN.so
[ 81%] /data/local/tmp/benchmark/libMNN.so
[ 81%] /data/local/tmp/benchmark/libMNN.so
[ 82%] /data/local/tmp/benchmark/libMNN.so
[ 82%] /data/local/tmp/benchmark/libMNN.so
[ 82%] /data/local/tmp/benchmark/libMNN.so
[ 82%] /data/local/tmp/benchmark/libMNN.so
[ 82%] /data/local/tmp/benchmark/libMNN.so
[ 82%] /data/local/tmp/benchmark/libMNN.so
[ 82%] /data/local/tmp/benchmark/libMNN.so
[ 82%] /data/local/tmp/benchmark/libMNN.so
[ 82%] /data/local/tmp/benchmark/libMNN.so
[ 82%] /data/local/tmp/benchmark/libMNN.so
[ 83%] /data/local/tmp/benchmark/libMNN.so
[ 83%] /data/local/tmp/benchmark/libMNN.so
[ 83%] /data/local/tmp/benchmark/libMNN.so
[ 83%] /data/local/tmp/benchmark/libMNN.so
[ 83%] /data/local/tmp/benchmark/libMNN.so
[ 83%] /data/local/tmp/benchmark/libMNN.so
[ 83%] /data/local/tmp/benchmark/libMNN.so
[ 83%] /data/local/tmp/benchmark/libMNN.so
[ 83%] /data/local/tmp/benchmark/libMNN.so
[ 84%] /data/local/tmp/benchmark/libMNN.so
[ 84%] /data/local/tmp/benchmark/libMNN.so
[ 84%] /data/local/tmp/benchmark/libMNN.so
[ 84%] /data/local/tmp/benchmark/libMNN.so
[ 84%] /data/local/tmp/benchmark/libMNN.so
[ 84%] /data/local/tmp/benchmark/libMNN.so
[ 84%] /data/local/tmp/benchmark/libMNN.so
[ 84%] /data/local/tmp/benchmark/libMNN.so
[ 84%] /data/local/tmp/benchmark/libMNN.so
[ 85%] /data/local/tmp/benchmark/libMNN.so
[ 85%] /data/local/tmp/benchmark/libMNN.so
[ 85%] /data/local/tmp/benchmark/libMNN.so
[ 85%] /data/local/tmp/benchmark/libMNN.so
[ 85%] /data/local/tmp/benchmark/libMNN.so
[ 85%] /data/local/tmp/benchmark/libMNN.so
[ 85%] /data/local/tmp/benchmark/libMNN.so
[ 85%] /data/local/tmp/benchmark/libMNN.so
[ 85%] /data/local/tmp/benchmark/libMNN.so
[ 85%] /data/local/tmp/benchmark/libMNN.so
[ 86%] /data/local/tmp/benchmark/libMNN.so
[ 86%] /data/local/tmp/benchmark/libMNN.so
[ 86%] /data/local/tmp/benchmark/libMNN.so
[ 86%] /data/local/tmp/benchmark/libMNN.so
[ 86%] /data/local/tmp/benchmark/libMNN.so
[ 86%] /data/local/tmp/benchmark/libMNN.so
[ 86%] /data/local/tmp/benchmark/libMNN.so
[ 86%] /data/local/tmp/benchmark/libMNN.so
[ 86%] /data/local/tmp/benchmark/libMNN.so
[ 87%] /data/local/tmp/benchmark/libMNN.so
[ 87%] /data/local/tmp/benchmark/libMNN.so
[ 87%] /data/local/tmp/benchmark/libMNN.so
[ 87%] /data/local/tmp/benchmark/libMNN.so
[ 87%] /data/local/tmp/benchmark/libMNN.so
[ 87%] /data/local/tmp/benchmark/libMNN.so
[ 87%] /data/local/tmp/benchmark/libMNN.so
[ 87%] /data/local/tmp/benchmark/libMNN.so
[ 87%] /data/local/tmp/benchmark/libMNN.so
[ 87%] /data/local/tmp/benchmark/libMNN.so
[ 88%] /data/local/tmp/benchmark/libMNN.so
[ 88%] /data/local/tmp/benchmark/libMNN.so
[ 88%] /data/local/tmp/benchmark/libMNN.so
[ 88%] /data/local/tmp/benchmark/libMNN.so
[ 88%] /data/local/tmp/benchmark/libMNN.so
[ 88%] /data/local/tmp/benchmark/libMNN.so
[ 88%] /data/local/tmp/benchmark/libMNN.so
[ 88%] /data/local/tmp/benchmark/libMNN.so
[ 88%] /data/local/tmp/benchmark/libMNN.so
[ 89%] /data/local/tmp/benchmark/libMNN.so
[ 89%] /data/local/tmp/benchmark/libMNN.so
[ 89%] /data/local/tmp/benchmark/libMNN.so
[ 89%] /data/local/tmp/benchmark/libMNN.so
[ 89%] /data/local/tmp/benchmark/libMNN.so
[ 89%] /data/local/tmp/benchmark/libMNN.so
[ 89%] /data/local/tmp/benchmark/libMNN.so
[ 89%] /data/local/tmp/benchmark/libMNN.so
[ 89%] /data/local/tmp/benchmark/libMNN.so
[ 89%] /data/local/tmp/benchmark/libMNN.so
[ 90%] /data/local/tmp/benchmark/libMNN.so
[ 90%] /data/local/tmp/benchmark/libMNN.so
[ 90%] /data/local/tmp/benchmark/libMNN.so
[ 90%] /data/local/tmp/benchmark/libMNN.so
[ 90%] /data/local/tmp/benchmark/libMNN.so
[ 90%] /data/local/tmp/benchmark/libMNN.so
[ 90%] /data/local/tmp/benchmark/libMNN.so
[ 90%] /data/local/tmp/benchmark/libMNN.so
[ 90%] /data/local/tmp/benchmark/libMNN.so
[ 91%] /data/local/tmp/benchmark/libMNN.so
[ 91%] /data/local/tmp/benchmark/libMNN.so
[ 91%] /data/local/tmp/benchmark/libMNN.so
[ 91%] /data/local/tmp/benchmark/libMNN.so
[ 91%] /data/local/tmp/benchmark/libMNN.so
[ 91%] /data/local/tmp/benchmark/libMNN.so
[ 91%] /data/local/tmp/benchmark/libMNN.so
[ 91%] /data/local/tmp/benchmark/libMNN.so
[ 91%] /data/local/tmp/benchmark/libMNN.so
[ 91%] /data/local/tmp/benchmark/libMNN.so
[ 92%] /data/local/tmp/benchmark/libMNN.so
[ 92%] /data/local/tmp/benchmark/libMNN.so
[ 92%] /data/local/tmp/benchmark/libMNN.so
[ 92%] /data/local/tmp/benchmark/libMNN.so
[ 92%] /data/local/tmp/benchmark/libMNN.so
[ 92%] /data/local/tmp/benchmark/libMNN.so
[ 92%] /data/local/tmp/benchmark/libMNN.so
[ 92%] /data/local/tmp/benchmark/libMNN.so
[ 92%] /data/local/tmp/benchmark/libMNN.so
[ 93%] /data/local/tmp/benchmark/libMNN.so
[ 93%] /data/local/tmp/benchmark/libMNN.so
[ 93%] /data/local/tmp/benchmark/libMNN.so
[ 93%] /data/local/tmp/benchmark/libMNN.so
[ 93%] /data/local/tmp/benchmark/libMNN.so
[ 93%] /data/local/tmp/benchmark/libMNN.so
[ 93%] /data/local/tmp/benchmark/libMNN.so
[ 93%] /data/local/tmp/benchmark/libMNN.so
[ 93%] /data/local/tmp/benchmark/libMNN.so
[ 94%] /data/local/tmp/benchmark/libMNN.so
[ 94%] /data/local/tmp/benchmark/libMNN.so
[ 94%] /data/local/tmp/benchmark/libMNN.so
[ 94%] /data/local/tmp/benchmark/libMNN.so
[ 94%] /data/local/tmp/benchmark/libMNN.so
[ 94%] /data/local/tmp/benchmark/libMNN.so
[ 94%] /data/local/tmp/benchmark/libMNN.so
[ 94%] /data/local/tmp/benchmark/libMNN.so
[ 94%] /data/local/tmp/benchmark/libMNN.so
[ 94%] /data/local/tmp/benchmark/libMNN.so
[ 95%] /data/local/tmp/benchmark/libMNN.so
[ 95%] /data/local/tmp/benchmark/libMNN.so
[ 95%] /data/local/tmp/benchmark/libMNN.so
[ 95%] /data/local/tmp/benchmark/libMNN.so
[ 95%] /data/local/tmp/benchmark/libMNN.so
[ 95%] /data/local/tmp/benchmark/libMNN.so
[ 95%] /data/local/tmp/benchmark/libMNN.so
[ 95%] /data/local/tmp/benchmark/libMNN.so
[ 95%] /data/local/tmp/benchmark/libMNN.so
[ 96%] /data/local/tmp/benchmark/libMNN.so
[ 96%] /data/local/tmp/benchmark/libMNN.so
[ 96%] /data/local/tmp/benchmark/libMNN.so
[ 96%] /data/local/tmp/benchmark/libMNN.so
[ 96%] /data/local/tmp/benchmark/libMNN.so
[ 96%] /data/local/tmp/benchmark/libMNN.so
[ 96%] /data/local/tmp/benchmark/libMNN.so
[ 96%] /data/local/tmp/benchmark/libMNN.so
[ 96%] /data/local/tmp/benchmark/libMNN.so
[ 96%] /data/local/tmp/benchmark/libMNN.so
[ 97%] /data/local/tmp/benchmark/libMNN.so
[ 97%] /data/local/tmp/benchmark/libMNN.so
[ 97%] /data/local/tmp/benchmark/libMNN.so
[ 97%] /data/local/tmp/benchmark/libMNN.so
[ 97%] /data/local/tmp/benchmark/libMNN.so
[ 97%] /data/local/tmp/benchmark/libMNN.so
[ 97%] /data/local/tmp/benchmark/libMNN.so
[ 97%] /data/local/tmp/benchmark/libMNN.so
[ 97%] /data/local/tmp/benchmark/libMNN.so
[ 98%] /data/local/tmp/benchmark/libMNN.so
[ 98%] /data/local/tmp/benchmark/libMNN.so
[ 98%] /data/local/tmp/benchmark/libMNN.so
[ 98%] /data/local/tmp/benchmark/libMNN.so
[ 98%] /data/local/tmp/benchmark/libMNN.so
[ 98%] /data/local/tmp/benchmark/libMNN.so
[ 98%] /data/local/tmp/benchmark/libMNN.so
[ 98%] /data/local/tmp/benchmark/libMNN.so
[ 98%] /data/local/tmp/benchmark/libMNN.so
[ 98%] /data/local/tmp/benchmark/libMNN.so
[ 99%] /data/local/tmp/benchmark/libMNN.so
[ 99%] /data/local/tmp/benchmark/libMNN.so
[ 99%] /data/local/tmp/benchmark/libMNN.so
[ 99%] /data/local/tmp/benchmark/libMNN.so
[ 99%] /data/local/tmp/benchmark/libMNN.so
[ 99%] /data/local/tmp/benchmark/libMNN.so
[ 99%] /data/local/tmp/benchmark/libMNN.so
[ 99%] /data/local/tmp/benchmark/libMNN.so
[ 99%] /data/local/tmp/benchmark/libMNN.so
[100%] /data/local/tmp/benchmark/libMNN.so
/home/liu/project/newwork/benchmark/build_android/third_party/MNN/OFF/arm64-v8a/libMNN.so: 1 file pushed. 21.0 MB/s (61910224 bytes in 2.807s)
adb: error: cannot stat '/home/liu/project/newwork/benchmark/third_party/mindspore_lite/lib/libmindspore-lite.so': No such file or directory
=== Starting benchmark ===
Running: ./benchmark_inference --model mobilenetv2 --backend ort --iterations 10
==================================================
=== ARM Inference Benchmark ===
Backend:  ort
Model:    mobilenetv2
Precision:fp32
Threads:  1
Warmup:   10
Test runs:100
Use GPU:  no


========================================================
Model: mobilenetv2
Input shape: 1 3 224 224 
========================================================

--- [Step 1] Getting reference output from ONNX Runtime ---
ONNXRT: loading model: models/classification/mobilenetv2/mobilenetv2.onnx
ONNXRT: input 0 = input (type 1)
ONNXRT: output 0 = output
  ✅ Reference output obtained (1000 elements)
      Reference stats - Min: -6.1199, Max: 6.0787, Mean: 0.0001

--- [Step 2] Running benchmarks ---

>> Testing ort on mobilenetv2...
ONNXRT: loading model: models/classification/mobilenetv2/mobilenetv2.onnx
ONNXRT: input 0 = input (type 1)
ONNXRT: output 0 = output

--- Accuracy Comparison ---
  ✅ [Accuracy] ONNXRT: PASSED
      Cosine Similarity:  1.000000 (Excellent)
      Mean Absolute Error: 0.000000
      Max Absolute Error:  0.000000
      Mean Relative Error: 0.0000%
      Output range: [-6.1199, 6.0787], Mean: 0.0001

--- Performance Results ---
  Init time:  30.04 ms
  Min:    28.74 ms
  P50:    29.07 ms
  P90:    29.29 ms
  P99:    33.82 ms
  Max:    33.82 ms
  Mean:   29.12 ms
  Std:    0.51 ms
  Throughput: 34.34 FPS
  Peak mem:   18446744073709551028 KB

=== Done ===
==================================================
=== 恢复测试环境 ===
=== 恢复测试环境 ===
⚠️  未检测到 root 权限，跳过硬件恢复...
记录恢复后设备状态...
=== 环境恢复完成 ===
CPU 调度器: schedutil
CPU 频率: N/A kHz
温度: 34900
Done!
