=== Pushing to device ===
[  0%] /data/local/tmp/benchmark/benchmark_inference
[  0%] /data/local/tmp/benchmark/benchmark_inference
[  0%] /data/local/tmp/benchmark/benchmark_inference
[  0%] /data/local/tmp/benchmark/benchmark_inference
[  0%] /data/local/tmp/benchmark/benchmark_inference
[  1%] /data/local/tmp/benchmark/benchmark_inference
[  1%] /data/local/tmp/benchmark/benchmark_inference
[  1%] /data/local/tmp/benchmark/benchmark_inference
[  1%] /data/local/tmp/benchmark/benchmark_inference
[  1%] /data/local/tmp/benchmark/benchmark_inference
[  2%] /data/local/tmp/benchmark/benchmark_inference
[  2%] /data/local/tmp/benchmark/benchmark_inference
[  2%] /data/local/tmp/benchmark/benchmark_inference
[  2%] /data/local/tmp/benchmark/benchmark_inference
[  2%] /data/local/tmp/benchmark/benchmark_inference
[  3%] /data/local/tmp/benchmark/benchmark_inference
[  3%] /data/local/tmp/benchmark/benchmark_inference
[  3%] /data/local/tmp/benchmark/benchmark_inference
[  3%] /data/local/tmp/benchmark/benchmark_inference
[  3%] /data/local/tmp/benchmark/benchmark_inference
[  4%] /data/local/tmp/benchmark/benchmark_inference
[  4%] /data/local/tmp/benchmark/benchmark_inference
[  4%] /data/local/tmp/benchmark/benchmark_inference
[  4%] /data/local/tmp/benchmark/benchmark_inference
[  4%] /data/local/tmp/benchmark/benchmark_inference
[  5%] /data/local/tmp/benchmark/benchmark_inference
[  5%] /data/local/tmp/benchmark/benchmark_inference
[  5%] /data/local/tmp/benchmark/benchmark_inference
[  5%] /data/local/tmp/benchmark/benchmark_inference
[  5%] /data/local/tmp/benchmark/benchmark_inference
[  6%] /data/local/tmp/benchmark/benchmark_inference
[  6%] /data/local/tmp/benchmark/benchmark_inference
[  6%] /data/local/tmp/benchmark/benchmark_inference
[  6%] /data/local/tmp/benchmark/benchmark_inference
[  6%] /data/local/tmp/benchmark/benchmark_inference
[  6%] /data/local/tmp/benchmark/benchmark_inference
[  7%] /data/local/tmp/benchmark/benchmark_inference
[  7%] /data/local/tmp/benchmark/benchmark_inference
[  7%] /data/local/tmp/benchmark/benchmark_inference
[  7%] /data/local/tmp/benchmark/benchmark_inference
[  7%] /data/local/tmp/benchmark/benchmark_inference
[  8%] /data/local/tmp/benchmark/benchmark_inference
[  8%] /data/local/tmp/benchmark/benchmark_inference
[  8%] /data/local/tmp/benchmark/benchmark_inference
[  8%] /data/local/tmp/benchmark/benchmark_inference
[  8%] /data/local/tmp/benchmark/benchmark_inference
[  9%] /data/local/tmp/benchmark/benchmark_inference
[  9%] /data/local/tmp/benchmark/benchmark_inference
[  9%] /data/local/tmp/benchmark/benchmark_inference
[  9%] /data/local/tmp/benchmark/benchmark_inference
[  9%] /data/local/tmp/benchmark/benchmark_inference
[ 10%] /data/local/tmp/benchmark/benchmark_inference
[ 10%] /data/local/tmp/benchmark/benchmark_inference
[ 10%] /data/local/tmp/benchmark/benchmark_inference
[ 10%] /data/local/tmp/benchmark/benchmark_inference
[ 10%] /data/local/tmp/benchmark/benchmark_inference
[ 11%] /data/local/tmp/benchmark/benchmark_inference
[ 11%] /data/local/tmp/benchmark/benchmark_inference
[ 11%] /data/local/tmp/benchmark/benchmark_inference
[ 11%] /data/local/tmp/benchmark/benchmark_inference
[ 11%] /data/local/tmp/benchmark/benchmark_inference
[ 12%] /data/local/tmp/benchmark/benchmark_inference
[ 12%] /data/local/tmp/benchmark/benchmark_inference
[ 12%] /data/local/tmp/benchmark/benchmark_inference
[ 12%] /data/local/tmp/benchmark/benchmark_inference
[ 12%] /data/local/tmp/benchmark/benchmark_inference
[ 12%] /data/local/tmp/benchmark/benchmark_inference
[ 13%] /data/local/tmp/benchmark/benchmark_inference
[ 13%] /data/local/tmp/benchmark/benchmark_inference
[ 13%] /data/local/tmp/benchmark/benchmark_inference
[ 13%] /data/local/tmp/benchmark/benchmark_inference
[ 13%] /data/local/tmp/benchmark/benchmark_inference
[ 14%] /data/local/tmp/benchmark/benchmark_inference
[ 14%] /data/local/tmp/benchmark/benchmark_inference
[ 14%] /data/local/tmp/benchmark/benchmark_inference
[ 14%] /data/local/tmp/benchmark/benchmark_inference
[ 14%] /data/local/tmp/benchmark/benchmark_inference
[ 15%] /data/local/tmp/benchmark/benchmark_inference
[ 15%] /data/local/tmp/benchmark/benchmark_inference
[ 15%] /data/local/tmp/benchmark/benchmark_inference
[ 15%] /data/local/tmp/benchmark/benchmark_inference
[ 15%] /data/local/tmp/benchmark/benchmark_inference
[ 16%] /data/local/tmp/benchmark/benchmark_inference
[ 16%] /data/local/tmp/benchmark/benchmark_inference
[ 16%] /data/local/tmp/benchmark/benchmark_inference
[ 16%] /data/local/tmp/benchmark/benchmark_inference
[ 16%] /data/local/tmp/benchmark/benchmark_inference
[ 17%] /data/local/tmp/benchmark/benchmark_inference
[ 17%] /data/local/tmp/benchmark/benchmark_inference
[ 17%] /data/local/tmp/benchmark/benchmark_inference
[ 17%] /data/local/tmp/benchmark/benchmark_inference
[ 17%] /data/local/tmp/benchmark/benchmark_inference
[ 18%] /data/local/tmp/benchmark/benchmark_inference
[ 18%] /data/local/tmp/benchmark/benchmark_inference
[ 18%] /data/local/tmp/benchmark/benchmark_inference
[ 18%] /data/local/tmp/benchmark/benchmark_inference
[ 18%] /data/local/tmp/benchmark/benchmark_inference
[ 18%] /data/local/tmp/benchmark/benchmark_inference
[ 19%] /data/local/tmp/benchmark/benchmark_inference
[ 19%] /data/local/tmp/benchmark/benchmark_inference
[ 19%] /data/local/tmp/benchmark/benchmark_inference
[ 19%] /data/local/tmp/benchmark/benchmark_inference
[ 19%] /data/local/tmp/benchmark/benchmark_inference
[ 20%] /data/local/tmp/benchmark/benchmark_inference
[ 20%] /data/local/tmp/benchmark/benchmark_inference
[ 20%] /data/local/tmp/benchmark/benchmark_inference
[ 20%] /data/local/tmp/benchmark/benchmark_inference
[ 20%] /data/local/tmp/benchmark/benchmark_inference
[ 21%] /data/local/tmp/benchmark/benchmark_inference
[ 21%] /data/local/tmp/benchmark/benchmark_inference
[ 21%] /data/local/tmp/benchmark/benchmark_inference
[ 21%] /data/local/tmp/benchmark/benchmark_inference
[ 21%] /data/local/tmp/benchmark/benchmark_inference
[ 22%] /data/local/tmp/benchmark/benchmark_inference
[ 22%] /data/local/tmp/benchmark/benchmark_inference
[ 22%] /data/local/tmp/benchmark/benchmark_inference
[ 22%] /data/local/tmp/benchmark/benchmark_inference
[ 22%] /data/local/tmp/benchmark/benchmark_inference
[ 23%] /data/local/tmp/benchmark/benchmark_inference
[ 23%] /data/local/tmp/benchmark/benchmark_inference
[ 23%] /data/local/tmp/benchmark/benchmark_inference
[ 23%] /data/local/tmp/benchmark/benchmark_inference
[ 23%] /data/local/tmp/benchmark/benchmark_inference
[ 24%] /data/local/tmp/benchmark/benchmark_inference
[ 24%] /data/local/tmp/benchmark/benchmark_inference
[ 24%] /data/local/tmp/benchmark/benchmark_inference
[ 24%] /data/local/tmp/benchmark/benchmark_inference
[ 24%] /data/local/tmp/benchmark/benchmark_inference
[ 24%] /data/local/tmp/benchmark/benchmark_inference
[ 25%] /data/local/tmp/benchmark/benchmark_inference
[ 25%] /data/local/tmp/benchmark/benchmark_inference
[ 25%] /data/local/tmp/benchmark/benchmark_inference
[ 25%] /data/local/tmp/benchmark/benchmark_inference
[ 25%] /data/local/tmp/benchmark/benchmark_inference
[ 26%] /data/local/tmp/benchmark/benchmark_inference
[ 26%] /data/local/tmp/benchmark/benchmark_inference
[ 26%] /data/local/tmp/benchmark/benchmark_inference
[ 26%] /data/local/tmp/benchmark/benchmark_inference
[ 26%] /data/local/tmp/benchmark/benchmark_inference
[ 27%] /data/local/tmp/benchmark/benchmark_inference
[ 27%] /data/local/tmp/benchmark/benchmark_inference
[ 27%] /data/local/tmp/benchmark/benchmark_inference
[ 27%] /data/local/tmp/benchmark/benchmark_inference
[ 27%] /data/local/tmp/benchmark/benchmark_inference
[ 28%] /data/local/tmp/benchmark/benchmark_inference
[ 28%] /data/local/tmp/benchmark/benchmark_inference
[ 28%] /data/local/tmp/benchmark/benchmark_inference
[ 28%] /data/local/tmp/benchmark/benchmark_inference
[ 28%] /data/local/tmp/benchmark/benchmark_inference
[ 29%] /data/local/tmp/benchmark/benchmark_inference
[ 29%] /data/local/tmp/benchmark/benchmark_inference
[ 29%] /data/local/tmp/benchmark/benchmark_inference
[ 29%] /data/local/tmp/benchmark/benchmark_inference
[ 29%] /data/local/tmp/benchmark/benchmark_inference
[ 30%] /data/local/tmp/benchmark/benchmark_inference
[ 30%] /data/local/tmp/benchmark/benchmark_inference
[ 30%] /data/local/tmp/benchmark/benchmark_inference
[ 30%] /data/local/tmp/benchmark/benchmark_inference
[ 30%] /data/local/tmp/benchmark/benchmark_inference
[ 30%] /data/local/tmp/benchmark/benchmark_inference
[ 31%] /data/local/tmp/benchmark/benchmark_inference
[ 31%] /data/local/tmp/benchmark/benchmark_inference
[ 31%] /data/local/tmp/benchmark/benchmark_inference
[ 31%] /data/local/tmp/benchmark/benchmark_inference
[ 31%] /data/local/tmp/benchmark/benchmark_inference
[ 32%] /data/local/tmp/benchmark/benchmark_inference
[ 32%] /data/local/tmp/benchmark/benchmark_inference
[ 32%] /data/local/tmp/benchmark/benchmark_inference
[ 32%] /data/local/tmp/benchmark/benchmark_inference
[ 32%] /data/local/tmp/benchmark/benchmark_inference
[ 33%] /data/local/tmp/benchmark/benchmark_inference
[ 33%] /data/local/tmp/benchmark/benchmark_inference
[ 33%] /data/local/tmp/benchmark/benchmark_inference
[ 33%] /data/local/tmp/benchmark/benchmark_inference
[ 33%] /data/local/tmp/benchmark/benchmark_inference
[ 34%] /data/local/tmp/benchmark/benchmark_inference
[ 34%] /data/local/tmp/benchmark/benchmark_inference
[ 34%] /data/local/tmp/benchmark/benchmark_inference
[ 34%] /data/local/tmp/benchmark/benchmark_inference
[ 34%] /data/local/tmp/benchmark/benchmark_inference
[ 35%] /data/local/tmp/benchmark/benchmark_inference
[ 35%] /data/local/tmp/benchmark/benchmark_inference
[ 35%] /data/local/tmp/benchmark/benchmark_inference
[ 35%] /data/local/tmp/benchmark/benchmark_inference
[ 35%] /data/local/tmp/benchmark/benchmark_inference
[ 36%] /data/local/tmp/benchmark/benchmark_inference
[ 36%] /data/local/tmp/benchmark/benchmark_inference
[ 36%] /data/local/tmp/benchmark/benchmark_inference
[ 36%] /data/local/tmp/benchmark/benchmark_inference
[ 36%] /data/local/tmp/benchmark/benchmark_inference
[ 36%] /data/local/tmp/benchmark/benchmark_inference
[ 37%] /data/local/tmp/benchmark/benchmark_inference
[ 37%] /data/local/tmp/benchmark/benchmark_inference
[ 37%] /data/local/tmp/benchmark/benchmark_inference
[ 37%] /data/local/tmp/benchmark/benchmark_inference
[ 37%] /data/local/tmp/benchmark/benchmark_inference
[ 38%] /data/local/tmp/benchmark/benchmark_inference
[ 38%] /data/local/tmp/benchmark/benchmark_inference
[ 38%] /data/local/tmp/benchmark/benchmark_inference
[ 38%] /data/local/tmp/benchmark/benchmark_inference
[ 38%] /data/local/tmp/benchmark/benchmark_inference
[ 39%] /data/local/tmp/benchmark/benchmark_inference
[ 39%] /data/local/tmp/benchmark/benchmark_inference
[ 39%] /data/local/tmp/benchmark/benchmark_inference
[ 39%] /data/local/tmp/benchmark/benchmark_inference
[ 39%] /data/local/tmp/benchmark/benchmark_inference
[ 40%] /data/local/tmp/benchmark/benchmark_inference
[ 40%] /data/local/tmp/benchmark/benchmark_inference
[ 40%] /data/local/tmp/benchmark/benchmark_inference
[ 40%] /data/local/tmp/benchmark/benchmark_inference
[ 40%] /data/local/tmp/benchmark/benchmark_inference
[ 41%] /data/local/tmp/benchmark/benchmark_inference
[ 41%] /data/local/tmp/benchmark/benchmark_inference
[ 41%] /data/local/tmp/benchmark/benchmark_inference
[ 41%] /data/local/tmp/benchmark/benchmark_inference
[ 41%] /data/local/tmp/benchmark/benchmark_inference
[ 42%] /data/local/tmp/benchmark/benchmark_inference
[ 42%] /data/local/tmp/benchmark/benchmark_inference
[ 42%] /data/local/tmp/benchmark/benchmark_inference
[ 42%] /data/local/tmp/benchmark/benchmark_inference
[ 42%] /data/local/tmp/benchmark/benchmark_inference
[ 42%] /data/local/tmp/benchmark/benchmark_inference
[ 43%] /data/local/tmp/benchmark/benchmark_inference
[ 43%] /data/local/tmp/benchmark/benchmark_inference
[ 43%] /data/local/tmp/benchmark/benchmark_inference
[ 43%] /data/local/tmp/benchmark/benchmark_inference
[ 43%] /data/local/tmp/benchmark/benchmark_inference
[ 44%] /data/local/tmp/benchmark/benchmark_inference
[ 44%] /data/local/tmp/benchmark/benchmark_inference
[ 44%] /data/local/tmp/benchmark/benchmark_inference
[ 44%] /data/local/tmp/benchmark/benchmark_inference
[ 44%] /data/local/tmp/benchmark/benchmark_inference
[ 45%] /data/local/tmp/benchmark/benchmark_inference
[ 45%] /data/local/tmp/benchmark/benchmark_inference
[ 45%] /data/local/tmp/benchmark/benchmark_inference
[ 45%] /data/local/tmp/benchmark/benchmark_inference
[ 45%] /data/local/tmp/benchmark/benchmark_inference
[ 46%] /data/local/tmp/benchmark/benchmark_inference
[ 46%] /data/local/tmp/benchmark/benchmark_inference
[ 46%] /data/local/tmp/benchmark/benchmark_inference
[ 46%] /data/local/tmp/benchmark/benchmark_inference
[ 46%] /data/local/tmp/benchmark/benchmark_inference
[ 47%] /data/local/tmp/benchmark/benchmark_inference
[ 47%] /data/local/tmp/benchmark/benchmark_inference
[ 47%] /data/local/tmp/benchmark/benchmark_inference
[ 47%] /data/local/tmp/benchmark/benchmark_inference
[ 47%] /data/local/tmp/benchmark/benchmark_inference
[ 48%] /data/local/tmp/benchmark/benchmark_inference
[ 48%] /data/local/tmp/benchmark/benchmark_inference
[ 48%] /data/local/tmp/benchmark/benchmark_inference
[ 48%] /data/local/tmp/benchmark/benchmark_inference
[ 48%] /data/local/tmp/benchmark/benchmark_inference
[ 48%] /data/local/tmp/benchmark/benchmark_inference
[ 49%] /data/local/tmp/benchmark/benchmark_inference
[ 49%] /data/local/tmp/benchmark/benchmark_inference
[ 49%] /data/local/tmp/benchmark/benchmark_inference
[ 49%] /data/local/tmp/benchmark/benchmark_inference
[ 49%] /data/local/tmp/benchmark/benchmark_inference
[ 50%] /data/local/tmp/benchmark/benchmark_inference
[ 50%] /data/local/tmp/benchmark/benchmark_inference
[ 50%] /data/local/tmp/benchmark/benchmark_inference
[ 50%] /data/local/tmp/benchmark/benchmark_inference
[ 50%] /data/local/tmp/benchmark/benchmark_inference
[ 51%] /data/local/tmp/benchmark/benchmark_inference
[ 51%] /data/local/tmp/benchmark/benchmark_inference
[ 51%] /data/local/tmp/benchmark/benchmark_inference
[ 51%] /data/local/tmp/benchmark/benchmark_inference
[ 51%] /data/local/tmp/benchmark/benchmark_inference
[ 52%] /data/local/tmp/benchmark/benchmark_inference
[ 52%] /data/local/tmp/benchmark/benchmark_inference
[ 52%] /data/local/tmp/benchmark/benchmark_inference
[ 52%] /data/local/tmp/benchmark/benchmark_inference
[ 52%] /data/local/tmp/benchmark/benchmark_inference
[ 53%] /data/local/tmp/benchmark/benchmark_inference
[ 53%] /data/local/tmp/benchmark/benchmark_inference
[ 53%] /data/local/tmp/benchmark/benchmark_inference
[ 53%] /data/local/tmp/benchmark/benchmark_inference
[ 53%] /data/local/tmp/benchmark/benchmark_inference
[ 54%] /data/local/tmp/benchmark/benchmark_inference
[ 54%] /data/local/tmp/benchmark/benchmark_inference
[ 54%] /data/local/tmp/benchmark/benchmark_inference
[ 54%] /data/local/tmp/benchmark/benchmark_inference
[ 54%] /data/local/tmp/benchmark/benchmark_inference
[ 55%] /data/local/tmp/benchmark/benchmark_inference
[ 55%] /data/local/tmp/benchmark/benchmark_inference
[ 55%] /data/local/tmp/benchmark/benchmark_inference
[ 55%] /data/local/tmp/benchmark/benchmark_inference
[ 55%] /data/local/tmp/benchmark/benchmark_inference
[ 55%] /data/local/tmp/benchmark/benchmark_inference
[ 56%] /data/local/tmp/benchmark/benchmark_inference
[ 56%] /data/local/tmp/benchmark/benchmark_inference
[ 56%] /data/local/tmp/benchmark/benchmark_inference
[ 56%] /data/local/tmp/benchmark/benchmark_inference
[ 56%] /data/local/tmp/benchmark/benchmark_inference
[ 57%] /data/local/tmp/benchmark/benchmark_inference
[ 57%] /data/local/tmp/benchmark/benchmark_inference
[ 57%] /data/local/tmp/benchmark/benchmark_inference
[ 57%] /data/local/tmp/benchmark/benchmark_inference
[ 57%] /data/local/tmp/benchmark/benchmark_inference
[ 58%] /data/local/tmp/benchmark/benchmark_inference
[ 58%] /data/local/tmp/benchmark/benchmark_inference
[ 58%] /data/local/tmp/benchmark/benchmark_inference
[ 58%] /data/local/tmp/benchmark/benchmark_inference
[ 58%] /data/local/tmp/benchmark/benchmark_inference
[ 59%] /data/local/tmp/benchmark/benchmark_inference
[ 59%] /data/local/tmp/benchmark/benchmark_inference
[ 59%] /data/local/tmp/benchmark/benchmark_inference
[ 59%] /data/local/tmp/benchmark/benchmark_inference
[ 59%] /data/local/tmp/benchmark/benchmark_inference
[ 60%] /data/local/tmp/benchmark/benchmark_inference
[ 60%] /data/local/tmp/benchmark/benchmark_inference
[ 60%] /data/local/tmp/benchmark/benchmark_inference
[ 60%] /data/local/tmp/benchmark/benchmark_inference
[ 60%] /data/local/tmp/benchmark/benchmark_inference
[ 61%] /data/local/tmp/benchmark/benchmark_inference
[ 61%] /data/local/tmp/benchmark/benchmark_inference
[ 61%] /data/local/tmp/benchmark/benchmark_inference
[ 61%] /data/local/tmp/benchmark/benchmark_inference
[ 61%] /data/local/tmp/benchmark/benchmark_inference
[ 61%] /data/local/tmp/benchmark/benchmark_inference
[ 62%] /data/local/tmp/benchmark/benchmark_inference
[ 62%] /data/local/tmp/benchmark/benchmark_inference
[ 62%] /data/local/tmp/benchmark/benchmark_inference
[ 62%] /data/local/tmp/benchmark/benchmark_inference
[ 62%] /data/local/tmp/benchmark/benchmark_inference
[ 63%] /data/local/tmp/benchmark/benchmark_inference
[ 63%] /data/local/tmp/benchmark/benchmark_inference
[ 63%] /data/local/tmp/benchmark/benchmark_inference
[ 63%] /data/local/tmp/benchmark/benchmark_inference
[ 63%] /data/local/tmp/benchmark/benchmark_inference
[ 64%] /data/local/tmp/benchmark/benchmark_inference
[ 64%] /data/local/tmp/benchmark/benchmark_inference
[ 64%] /data/local/tmp/benchmark/benchmark_inference
[ 64%] /data/local/tmp/benchmark/benchmark_inference
[ 64%] /data/local/tmp/benchmark/benchmark_inference
[ 65%] /data/local/tmp/benchmark/benchmark_inference
[ 65%] /data/local/tmp/benchmark/benchmark_inference
[ 65%] /data/local/tmp/benchmark/benchmark_inference
[ 65%] /data/local/tmp/benchmark/benchmark_inference
[ 65%] /data/local/tmp/benchmark/benchmark_inference
[ 66%] /data/local/tmp/benchmark/benchmark_inference
[ 66%] /data/local/tmp/benchmark/benchmark_inference
[ 66%] /data/local/tmp/benchmark/benchmark_inference
[ 66%] /data/local/tmp/benchmark/benchmark_inference
[ 66%] /data/local/tmp/benchmark/benchmark_inference
[ 67%] /data/local/tmp/benchmark/benchmark_inference
[ 67%] /data/local/tmp/benchmark/benchmark_inference
[ 67%] /data/local/tmp/benchmark/benchmark_inference
[ 67%] /data/local/tmp/benchmark/benchmark_inference
[ 67%] /data/local/tmp/benchmark/benchmark_inference
[ 67%] /data/local/tmp/benchmark/benchmark_inference
[ 68%] /data/local/tmp/benchmark/benchmark_inference
[ 68%] /data/local/tmp/benchmark/benchmark_inference
[ 68%] /data/local/tmp/benchmark/benchmark_inference
[ 68%] /data/local/tmp/benchmark/benchmark_inference
[ 68%] /data/local/tmp/benchmark/benchmark_inference
[ 69%] /data/local/tmp/benchmark/benchmark_inference
[ 69%] /data/local/tmp/benchmark/benchmark_inference
[ 69%] /data/local/tmp/benchmark/benchmark_inference
[ 69%] /data/local/tmp/benchmark/benchmark_inference
[ 69%] /data/local/tmp/benchmark/benchmark_inference
[ 70%] /data/local/tmp/benchmark/benchmark_inference
[ 70%] /data/local/tmp/benchmark/benchmark_inference
[ 70%] /data/local/tmp/benchmark/benchmark_inference
[ 70%] /data/local/tmp/benchmark/benchmark_inference
[ 70%] /data/local/tmp/benchmark/benchmark_inference
[ 71%] /data/local/tmp/benchmark/benchmark_inference
[ 71%] /data/local/tmp/benchmark/benchmark_inference
[ 71%] /data/local/tmp/benchmark/benchmark_inference
[ 71%] /data/local/tmp/benchmark/benchmark_inference
[ 71%] /data/local/tmp/benchmark/benchmark_inference
[ 72%] /data/local/tmp/benchmark/benchmark_inference
[ 72%] /data/local/tmp/benchmark/benchmark_inference
[ 72%] /data/local/tmp/benchmark/benchmark_inference
[ 72%] /data/local/tmp/benchmark/benchmark_inference
[ 72%] /data/local/tmp/benchmark/benchmark_inference
[ 73%] /data/local/tmp/benchmark/benchmark_inference
[ 73%] /data/local/tmp/benchmark/benchmark_inference
[ 73%] /data/local/tmp/benchmark/benchmark_inference
[ 73%] /data/local/tmp/benchmark/benchmark_inference
[ 73%] /data/local/tmp/benchmark/benchmark_inference
[ 73%] /data/local/tmp/benchmark/benchmark_inference
[ 74%] /data/local/tmp/benchmark/benchmark_inference
[ 74%] /data/local/tmp/benchmark/benchmark_inference
[ 74%] /data/local/tmp/benchmark/benchmark_inference
[ 74%] /data/local/tmp/benchmark/benchmark_inference
[ 74%] /data/local/tmp/benchmark/benchmark_inference
[ 75%] /data/local/tmp/benchmark/benchmark_inference
[ 75%] /data/local/tmp/benchmark/benchmark_inference
[ 75%] /data/local/tmp/benchmark/benchmark_inference
[ 75%] /data/local/tmp/benchmark/benchmark_inference
[ 75%] /data/local/tmp/benchmark/benchmark_inference
[ 76%] /data/local/tmp/benchmark/benchmark_inference
[ 76%] /data/local/tmp/benchmark/benchmark_inference
[ 76%] /data/local/tmp/benchmark/benchmark_inference
[ 76%] /data/local/tmp/benchmark/benchmark_inference
[ 76%] /data/local/tmp/benchmark/benchmark_inference
[ 77%] /data/local/tmp/benchmark/benchmark_inference
[ 77%] /data/local/tmp/benchmark/benchmark_inference
[ 77%] /data/local/tmp/benchmark/benchmark_inference
[ 77%] /data/local/tmp/benchmark/benchmark_inference
[ 77%] /data/local/tmp/benchmark/benchmark_inference
[ 78%] /data/local/tmp/benchmark/benchmark_inference
[ 78%] /data/local/tmp/benchmark/benchmark_inference
[ 78%] /data/local/tmp/benchmark/benchmark_inference
[ 78%] /data/local/tmp/benchmark/benchmark_inference
[ 78%] /data/local/tmp/benchmark/benchmark_inference
[ 79%] /data/local/tmp/benchmark/benchmark_inference
[ 79%] /data/local/tmp/benchmark/benchmark_inference
[ 79%] /data/local/tmp/benchmark/benchmark_inference
[ 79%] /data/local/tmp/benchmark/benchmark_inference
[ 79%] /data/local/tmp/benchmark/benchmark_inference
[ 79%] /data/local/tmp/benchmark/benchmark_inference
[ 80%] /data/local/tmp/benchmark/benchmark_inference
[ 80%] /data/local/tmp/benchmark/benchmark_inference
[ 80%] /data/local/tmp/benchmark/benchmark_inference
[ 80%] /data/local/tmp/benchmark/benchmark_inference
[ 80%] /data/local/tmp/benchmark/benchmark_inference
[ 81%] /data/local/tmp/benchmark/benchmark_inference
[ 81%] /data/local/tmp/benchmark/benchmark_inference
[ 81%] /data/local/tmp/benchmark/benchmark_inference
[ 81%] /data/local/tmp/benchmark/benchmark_inference
[ 81%] /data/local/tmp/benchmark/benchmark_inference
[ 82%] /data/local/tmp/benchmark/benchmark_inference
[ 82%] /data/local/tmp/benchmark/benchmark_inference
[ 82%] /data/local/tmp/benchmark/benchmark_inference
[ 82%] /data/local/tmp/benchmark/benchmark_inference
[ 82%] /data/local/tmp/benchmark/benchmark_inference
[ 83%] /data/local/tmp/benchmark/benchmark_inference
[ 83%] /data/local/tmp/benchmark/benchmark_inference
[ 83%] /data/local/tmp/benchmark/benchmark_inference
[ 83%] /data/local/tmp/benchmark/benchmark_inference
[ 83%] /data/local/tmp/benchmark/benchmark_inference
[ 84%] /data/local/tmp/benchmark/benchmark_inference
[ 84%] /data/local/tmp/benchmark/benchmark_inference
[ 84%] /data/local/tmp/benchmark/benchmark_inference
[ 84%] /data/local/tmp/benchmark/benchmark_inference
[ 84%] /data/local/tmp/benchmark/benchmark_inference
[ 85%] /data/local/tmp/benchmark/benchmark_inference
[ 85%] /data/local/tmp/benchmark/benchmark_inference
[ 85%] /data/local/tmp/benchmark/benchmark_inference
[ 85%] /data/local/tmp/benchmark/benchmark_inference
[ 85%] /data/local/tmp/benchmark/benchmark_inference
[ 85%] /data/local/tmp/benchmark/benchmark_inference
[ 86%] /data/local/tmp/benchmark/benchmark_inference
[ 86%] /data/local/tmp/benchmark/benchmark_inference
[ 86%] /data/local/tmp/benchmark/benchmark_inference
[ 86%] /data/local/tmp/benchmark/benchmark_inference
[ 86%] /data/local/tmp/benchmark/benchmark_inference
[ 87%] /data/local/tmp/benchmark/benchmark_inference
[ 87%] /data/local/tmp/benchmark/benchmark_inference
[ 87%] /data/local/tmp/benchmark/benchmark_inference
[ 87%] /data/local/tmp/benchmark/benchmark_inference
[ 87%] /data/local/tmp/benchmark/benchmark_inference
[ 88%] /data/local/tmp/benchmark/benchmark_inference
[ 88%] /data/local/tmp/benchmark/benchmark_inference
[ 88%] /data/local/tmp/benchmark/benchmark_inference
[ 88%] /data/local/tmp/benchmark/benchmark_inference
[ 88%] /data/local/tmp/benchmark/benchmark_inference
[ 89%] /data/local/tmp/benchmark/benchmark_inference
[ 89%] /data/local/tmp/benchmark/benchmark_inference
[ 89%] /data/local/tmp/benchmark/benchmark_inference
[ 89%] /data/local/tmp/benchmark/benchmark_inference
[ 89%] /data/local/tmp/benchmark/benchmark_inference
[ 90%] /data/local/tmp/benchmark/benchmark_inference
[ 90%] /data/local/tmp/benchmark/benchmark_inference
[ 90%] /data/local/tmp/benchmark/benchmark_inference
[ 90%] /data/local/tmp/benchmark/benchmark_inference
[ 90%] /data/local/tmp/benchmark/benchmark_inference
[ 91%] /data/local/tmp/benchmark/benchmark_inference
[ 91%] /data/local/tmp/benchmark/benchmark_inference
[ 91%] /data/local/tmp/benchmark/benchmark_inference
[ 91%] /data/local/tmp/benchmark/benchmark_inference
[ 91%] /data/local/tmp/benchmark/benchmark_inference
[ 91%] /data/local/tmp/benchmark/benchmark_inference
[ 92%] /data/local/tmp/benchmark/benchmark_inference
[ 92%] /data/local/tmp/benchmark/benchmark_inference
[ 92%] /data/local/tmp/benchmark/benchmark_inference
[ 92%] /data/local/tmp/benchmark/benchmark_inference
[ 92%] /data/local/tmp/benchmark/benchmark_inference
[ 93%] /data/local/tmp/benchmark/benchmark_inference
[ 93%] /data/local/tmp/benchmark/benchmark_inference
[ 93%] /data/local/tmp/benchmark/benchmark_inference
[ 93%] /data/local/tmp/benchmark/benchmark_inference
[ 93%] /data/local/tmp/benchmark/benchmark_inference
[ 94%] /data/local/tmp/benchmark/benchmark_inference
[ 94%] /data/local/tmp/benchmark/benchmark_inference
[ 94%] /data/local/tmp/benchmark/benchmark_inference
[ 94%] /data/local/tmp/benchmark/benchmark_inference
[ 94%] /data/local/tmp/benchmark/benchmark_inference
[ 95%] /data/local/tmp/benchmark/benchmark_inference
[ 95%] /data/local/tmp/benchmark/benchmark_inference
[ 95%] /data/local/tmp/benchmark/benchmark_inference
[ 95%] /data/local/tmp/benchmark/benchmark_inference
[ 95%] /data/local/tmp/benchmark/benchmark_inference
[ 96%] /data/local/tmp/benchmark/benchmark_inference
[ 96%] /data/local/tmp/benchmark/benchmark_inference
[ 96%] /data/local/tmp/benchmark/benchmark_inference
[ 96%] /data/local/tmp/benchmark/benchmark_inference
[ 96%] /data/local/tmp/benchmark/benchmark_inference
[ 97%] /data/local/tmp/benchmark/benchmark_inference
[ 97%] /data/local/tmp/benchmark/benchmark_inference
[ 97%] /data/local/tmp/benchmark/benchmark_inference
[ 97%] /data/local/tmp/benchmark/benchmark_inference
[ 97%] /data/local/tmp/benchmark/benchmark_inference
[ 97%] /data/local/tmp/benchmark/benchmark_inference
[ 98%] /data/local/tmp/benchmark/benchmark_inference
[ 98%] /data/local/tmp/benchmark/benchmark_inference
[ 98%] /data/local/tmp/benchmark/benchmark_inference
[ 98%] /data/local/tmp/benchmark/benchmark_inference
[ 98%] /data/local/tmp/benchmark/benchmark_inference
[ 99%] /data/local/tmp/benchmark/benchmark_inference
[ 99%] /data/local/tmp/benchmark/benchmark_inference
[ 99%] /data/local/tmp/benchmark/benchmark_inference
[ 99%] /data/local/tmp/benchmark/benchmark_inference
[ 99%] /data/local/tmp/benchmark/benchmark_inference
[100%] /data/local/tmp/benchmark/benchmark_inference
/home/liu/project/newwork/benchmark/build_android/src/benchmark_inference: 1 file pushed. 20.7 MB/s (33839664 bytes in 1.561s)
Pushing models...
[  0%] /data/local/tmp/benchmark/models/detection/yolov8n/yolov8n/yolov8n_ncnn.model: 100%
[  0%] /data/local/tmp/benchmark/models/detection/yolov8n/yolov8n/yolov8n.tflite: 0%
[  0%] /data/local/tmp/benchmark/models/detection/yolov8n/yolov8n/yolov8n.tflite: 1%
[  0%] /data/local/tmp/benchmark/models/detection/yolov8n/yolov8n/yolov8n.tflite: 1%
[  0%] /data/local/tmp/benchmark/models/detection/yolov8n/yolov8n/yolov8n.tflite: 2%
[  0%] /data/local/tmp/benchmark/models/detection/yolov8n/yolov8n/yolov8n.tflite: 2%
[  0%] /data/local/tmp/benchmark/models/detection/yolov8n/yolov8n/yolov8n.tflite: 3%
[  0%] /data/local/tmp/benchmark/models/detection/yolov8n/yolov8n/yolov8n.tflite: 3%
[  0%] /data/local/tmp/benchmark/models/detection/yolov8n/yolov8n/yolov8n.tflite: 4%
[  0%] /data/local/tmp/benchmark/models/detection/yolov8n/yolov8n/yolov8n.tflite: 4%
[  0%] /data/local/tmp/benchmark/models/detection/yolov8n/yolov8n/yolov8n.tflite: 5%
[  0%] /data/local/tmp/benchmark/models/detection/yolov8n/yolov8n/yolov8n.tflite: 5%
[  0%] /data/local/tmp/benchmark/models/detection/yolov8n/yolov8n/yolov8n.tflite: 6%
[  0%] /data/local/tmp/benchmark/models/detection/yolov8n/yolov8n/yolov8n.tflite: 6%
[  1%] /data/local/tmp/benchmark/models/detection/yolov8n/yolov8n/yolov8n.tflite: 7%
[  1%] /data/local/tmp/benchmark/models/detection/yolov8n/yolov8n/yolov8n.tflite: 7%
[  1%] /data/local/tmp/benchmark/models/detection/yolov8n/yolov8n/yolov8n.tflite: 8%
[  1%] /data/local/tmp/benchmark/models/detection/yolov8n/yolov8n/yolov8n.tflite: 8%
[  1%] /data/local/tmp/benchmark/models/detection/yolov8n/yolov8n/yolov8n.tflite: 9%
[  1%] /data/local/tmp/benchmark/models/detection/yolov8n/yolov8n/yolov8n.tflite: 9%
[  1%] /data/local/tmp/benchmark/models/detection/yolov8n/yolov8n/yolov8n.tflite: 10%
[  1%] /data/local/tmp/benchmark/models/detection/yolov8n/yolov8n/yolov8n.tflite: 10%
[  1%] /data/local/tmp/benchmark/models/detection/yolov8n/yolov8n/yolov8n.tflite: 11%
[  1%] /data/local/tmp/benchmark/models/detection/yolov8n/yolov8n/yolov8n.tflite: 11%
[  1%] /data/local/tmp/benchmark/models/detection/yolov8n/yolov8n/yolov8n.tflite: 12%
[  1%] /data/local/tmp/benchmark/models/detection/yolov8n/yolov8n/yolov8n.tflite: 12%
[  1%] /data/local/tmp/benchmark/models/detection/yolov8n/yolov8n/yolov8n.tflite: 13%
[  2%] /data/local/tmp/benchmark/models/detection/yolov8n/yolov8n/yolov8n.tflite: 13%
[  2%] /data/local/tmp/benchmark/models/detection/yolov8n/yolov8n/yolov8n.tflite: 14%
[  2%] /data/local/tmp/benchmark/models/detection/yolov8n/yolov8n/yolov8n.tflite: 14%
[  2%] /data/local/tmp/benchmark/models/detection/yolov8n/yolov8n/yolov8n.tflite: 15%
[  2%] /data/local/tmp/benchmark/models/detection/yolov8n/yolov8n/yolov8n.tflite: 15%
[  2%] /data/local/tmp/benchmark/models/detection/yolov8n/yolov8n/yolov8n.tflite: 16%
[  2%] /data/local/tmp/benchmark/models/detection/yolov8n/yolov8n/yolov8n.tflite: 16%
[  2%] /data/local/tmp/benchmark/models/detection/yolov8n/yolov8n/yolov8n.tflite: 17%
[  2%] /data/local/tmp/benchmark/models/detection/yolov8n/yolov8n/yolov8n.tflite: 17%
[  2%] /data/local/tmp/benchmark/models/detection/yolov8n/yolov8n/yolov8n.tflite: 18%
[  2%] /data/local/tmp/benchmark/models/detection/yolov8n/yolov8n/yolov8n.tflite: 18%
[  2%] /data/local/tmp/benchmark/models/detection/yolov8n/yolov8n/yolov8n.tflite: 19%
[  2%] /data/local/tmp/benchmark/models/detection/yolov8n/yolov8n/yolov8n.tflite: 19%
[  2%] /data/local/tmp/benchmark/models/detection/yolov8n/yolov8n/yolov8n.tflite: 20%
[  3%] /data/local/tmp/benchmark/models/detection/yolov8n/yolov8n/yolov8n.tflite: 20%
[  3%] /data/local/tmp/benchmark/models/detection/yolov8n/yolov8n/yolov8n.tflite: 21%
[  3%] /data/local/tmp/benchmark/models/detection/yolov8n/yolov8n/yolov8n.tflite: 21%
[  3%] /data/local/tmp/benchmark/models/detection/yolov8n/yolov8n/yolov8n.tflite: 22%
[  3%] /data/local/tmp/benchmark/models/detection/yolov8n/yolov8n/yolov8n.tflite: 22%
[  3%] /data/local/tmp/benchmark/models/detection/yolov8n/yolov8n/yolov8n.tflite: 23%
[  3%] /data/local/tmp/benchmark/models/detection/yolov8n/yolov8n/yolov8n.tflite: 23%
[  3%] /data/local/tmp/benchmark/models/detection/yolov8n/yolov8n/yolov8n.tflite: 24%
[  3%] /data/local/tmp/benchmark/models/detection/yolov8n/yolov8n/yolov8n.tflite: 24%
[  3%] /data/local/tmp/benchmark/models/detection/yolov8n/yolov8n/yolov8n.tflite: 25%
[  3%] /data/local/tmp/benchmark/models/detection/yolov8n/yolov8n/yolov8n.tflite: 25%
[  3%] /data/local/tmp/benchmark/models/detection/yolov8n/yolov8n/yolov8n.tflite: 26%
[  3%] /data/local/tmp/benchmark/models/detection/yolov8n/yolov8n/yolov8n.tflite: 26%
[  3%] /data/local/tmp/benchmark/models/detection/yolov8n/yolov8n/yolov8n.tflite: 27%
[  4%] /data/local/tmp/benchmark/models/detection/yolov8n/yolov8n/yolov8n.tflite: 27%
[  4%] /data/local/tmp/benchmark/models/detection/yolov8n/yolov8n/yolov8n.tflite: 28%
[  4%] /data/local/tmp/benchmark/models/detection/yolov8n/yolov8n/yolov8n.tflite: 29%
[  4%] /data/local/tmp/benchmark/models/detection/yolov8n/yolov8n/yolov8n.tflite: 29%
[  4%] /data/local/tmp/benchmark/models/detection/yolov8n/yolov8n/yolov8n.tflite: 30%
[  4%] /data/local/tmp/benchmark/models/detection/yolov8n/yolov8n/yolov8n.tflite: 30%
[  4%] /data/local/tmp/benchmark/models/detection/yolov8n/yolov8n/yolov8n.tflite: 31%
[  4%] /data/local/tmp/benchmark/models/detection/yolov8n/yolov8n/yolov8n.tflite: 31%
[  4%] /data/local/tmp/benchmark/models/detection/yolov8n/yolov8n/yolov8n.tflite: 32%
[  4%] /data/local/tmp/benchmark/models/detection/yolov8n/yolov8n/yolov8n.tflite: 32%
[  4%] /data/local/tmp/benchmark/models/detection/yolov8n/yolov8n/yolov8n.tflite: 33%
[  4%] /data/local/tmp/benchmark/models/detection/yolov8n/yolov8n/yolov8n.tflite: 33%
[  4%] /data/local/tmp/benchmark/models/detection/yolov8n/yolov8n/yolov8n.tflite: 34%
[  4%] /data/local/tmp/benchmark/models/detection/yolov8n/yolov8n/yolov8n.tflite: 34%
[  5%] /data/local/tmp/benchmark/models/detection/yolov8n/yolov8n/yolov8n.tflite: 35%
[  5%] /data/local/tmp/benchmark/models/detection/yolov8n/yolov8n/yolov8n.tflite: 35%
[  5%] /data/local/tmp/benchmark/models/detection/yolov8n/yolov8n/yolov8n.tflite: 36%
[  5%] /data/local/tmp/benchmark/models/detection/yolov8n/yolov8n/yolov8n.tflite: 36%
[  5%] /data/local/tmp/benchmark/models/detection/yolov8n/yolov8n/yolov8n.tflite: 37%
[  5%] /data/local/tmp/benchmark/models/detection/yolov8n/yolov8n/yolov8n.tflite: 37%
[  5%] /data/local/tmp/benchmark/models/detection/yolov8n/yolov8n/yolov8n.tflite: 38%
[  5%] /data/local/tmp/benchmark/models/detection/yolov8n/yolov8n/yolov8n.tflite: 38%
[  5%] /data/local/tmp/benchmark/models/detection/yolov8n/yolov8n/yolov8n.tflite: 39%
[  5%] /data/local/tmp/benchmark/models/detection/yolov8n/yolov8n/yolov8n.tflite: 39%
[  5%] /data/local/tmp/benchmark/models/detection/yolov8n/yolov8n/yolov8n.tflite: 40%
[  5%] /data/local/tmp/benchmark/models/detection/yolov8n/yolov8n/yolov8n.tflite: 40%
[  5%] /data/local/tmp/benchmark/models/detection/yolov8n/yolov8n/yolov8n.tflite: 41%
[  6%] /data/local/tmp/benchmark/models/detection/yolov8n/yolov8n/yolov8n.tflite: 41%
[  6%] /data/local/tmp/benchmark/models/detection/yolov8n/yolov8n/yolov8n.tflite: 42%
[  6%] /data/local/tmp/benchmark/models/detection/yolov8n/yolov8n/yolov8n.tflite: 42%
[  6%] /data/local/tmp/benchmark/models/detection/yolov8n/yolov8n/yolov8n.tflite: 43%
[  6%] /data/local/tmp/benchmark/models/detection/yolov8n/yolov8n/yolov8n.tflite: 43%
[  6%] /data/local/tmp/benchmark/models/detection/yolov8n/yolov8n/yolov8n.tflite: 44%
[  6%] /data/local/tmp/benchmark/models/detection/yolov8n/yolov8n/yolov8n.tflite: 44%
[  6%] /data/local/tmp/benchmark/models/detection/yolov8n/yolov8n/yolov8n.tflite: 45%
[  6%] /data/local/tmp/benchmark/models/detection/yolov8n/yolov8n/yolov8n.tflite: 45%
[  6%] /data/local/tmp/benchmark/models/detection/yolov8n/yolov8n/yolov8n.tflite: 46%
[  6%] /data/local/tmp/benchmark/models/detection/yolov8n/yolov8n/yolov8n.tflite: 46%
[  6%] /data/local/tmp/benchmark/models/detection/yolov8n/yolov8n/yolov8n.tflite: 47%
[  6%] /data/local/tmp/benchmark/models/detection/yolov8n/yolov8n/yolov8n.tflite: 47%
[  6%] /data/local/tmp/benchmark/models/detection/yolov8n/yolov8n/yolov8n.tflite: 48%
[  7%] /data/local/tmp/benchmark/models/detection/yolov8n/yolov8n/yolov8n.tflite: 48%
[  7%] /data/local/tmp/benchmark/models/detection/yolov8n/yolov8n/yolov8n.tflite: 49%
[  7%] /data/local/tmp/benchmark/models/detection/yolov8n/yolov8n/yolov8n.tflite: 49%
[  7%] /data/local/tmp/benchmark/models/detection/yolov8n/yolov8n/yolov8n.tflite: 50%
[  7%] /data/local/tmp/benchmark/models/detection/yolov8n/yolov8n/yolov8n.tflite: 50%
[  7%] /data/local/tmp/benchmark/models/detection/yolov8n/yolov8n/yolov8n.tflite: 51%
[  7%] /data/local/tmp/benchmark/models/detection/yolov8n/yolov8n/yolov8n.tflite: 51%
[  7%] /data/local/tmp/benchmark/models/detection/yolov8n/yolov8n/yolov8n.tflite: 52%
[  7%] /data/local/tmp/benchmark/models/detection/yolov8n/yolov8n/yolov8n.tflite: 52%
[  7%] /data/local/tmp/benchmark/models/detection/yolov8n/yolov8n/yolov8n.tflite: 53%
[  7%] /data/local/tmp/benchmark/models/detection/yolov8n/yolov8n/yolov8n.tflite: 53%
[  7%] /data/local/tmp/benchmark/models/detection/yolov8n/yolov8n/yolov8n.tflite: 54%
[  7%] /data/local/tmp/benchmark/models/detection/yolov8n/yolov8n/yolov8n.tflite: 54%
[  7%] /data/local/tmp/benchmark/models/detection/yolov8n/yolov8n/yolov8n.tflite: 55%
[  8%] /data/local/tmp/benchmark/models/detection/yolov8n/yolov8n/yolov8n.tflite: 55%
[  8%] /data/local/tmp/benchmark/models/detection/yolov8n/yolov8n/yolov8n.tflite: 56%
[  8%] /data/local/tmp/benchmark/models/detection/yolov8n/yolov8n/yolov8n.tflite: 57%
[  8%] /data/local/tmp/benchmark/models/detection/yolov8n/yolov8n/yolov8n.tflite: 57%
[  8%] /data/local/tmp/benchmark/models/detection/yolov8n/yolov8n/yolov8n.tflite: 58%
[  8%] /data/local/tmp/benchmark/models/detection/yolov8n/yolov8n/yolov8n.tflite: 58%
[  8%] /data/local/tmp/benchmark/models/detection/yolov8n/yolov8n/yolov8n.tflite: 59%
[  8%] /data/local/tmp/benchmark/models/detection/yolov8n/yolov8n/yolov8n.tflite: 59%
[  8%] /data/local/tmp/benchmark/models/detection/yolov8n/yolov8n/yolov8n.tflite: 60%
[  8%] /data/local/tmp/benchmark/models/detection/yolov8n/yolov8n/yolov8n.tflite: 60%
[  8%] /data/local/tmp/benchmark/models/detection/yolov8n/yolov8n/yolov8n.tflite: 61%
[  8%] /data/local/tmp/benchmark/models/detection/yolov8n/yolov8n/yolov8n.tflite: 61%
[  8%] /data/local/tmp/benchmark/models/detection/yolov8n/yolov8n/yolov8n.tflite: 62%
[  9%] /data/local/tmp/benchmark/models/detection/yolov8n/yolov8n/yolov8n.tflite: 62%
[  9%] /data/local/tmp/benchmark/models/detection/yolov8n/yolov8n/yolov8n.tflite: 63%
[  9%] /data/local/tmp/benchmark/models/detection/yolov8n/yolov8n/yolov8n.tflite: 63%
[  9%] /data/local/tmp/benchmark/models/detection/yolov8n/yolov8n/yolov8n.tflite: 64%
[  9%] /data/local/tmp/benchmark/models/detection/yolov8n/yolov8n/yolov8n.tflite: 64%
[  9%] /data/local/tmp/benchmark/models/detection/yolov8n/yolov8n/yolov8n.tflite: 65%
[  9%] /data/local/tmp/benchmark/models/detection/yolov8n/yolov8n/yolov8n.tflite: 65%
[  9%] /data/local/tmp/benchmark/models/detection/yolov8n/yolov8n/yolov8n.tflite: 66%
[  9%] /data/local/tmp/benchmark/models/detection/yolov8n/yolov8n/yolov8n.tflite: 66%
[  9%] /data/local/tmp/benchmark/models/detection/yolov8n/yolov8n/yolov8n.tflite: 67%
[  9%] /data/local/tmp/benchmark/models/detection/yolov8n/yolov8n/yolov8n.tflite: 67%
[  9%] /data/local/tmp/benchmark/models/detection/yolov8n/yolov8n/yolov8n.tflite: 68%
[  9%] /data/local/tmp/benchmark/models/detection/yolov8n/yolov8n/yolov8n.tflite: 68%
[  9%] /data/local/tmp/benchmark/models/detection/yolov8n/yolov8n/yolov8n.tflite: 69%
[ 10%] /data/local/tmp/benchmark/models/detection/yolov8n/yolov8n/yolov8n.tflite: 69%
[ 10%] /data/local/tmp/benchmark/models/detection/yolov8n/yolov8n/yolov8n.tflite: 70%
[ 10%] /data/local/tmp/benchmark/models/detection/yolov8n/yolov8n/yolov8n.tflite: 70%
[ 10%] /data/local/tmp/benchmark/models/detection/yolov8n/yolov8n/yolov8n.tflite: 71%
[ 10%] /data/local/tmp/benchmark/models/detection/yolov8n/yolov8n/yolov8n.tflite: 71%
[ 10%] /data/local/tmp/benchmark/models/detection/yolov8n/yolov8n/yolov8n.tflite: 72%
[ 10%] /data/local/tmp/benchmark/models/detection/yolov8n/yolov8n/yolov8n.tflite: 72%
[ 10%] /data/local/tmp/benchmark/models/detection/yolov8n/yolov8n/yolov8n.tflite: 73%
[ 10%] /data/local/tmp/benchmark/models/detection/yolov8n/yolov8n/yolov8n.tflite: 73%
[ 10%] /data/local/tmp/benchmark/models/detection/yolov8n/yolov8n/yolov8n.tflite: 74%
[ 10%] /data/local/tmp/benchmark/models/detection/yolov8n/yolov8n/yolov8n.tflite: 74%
[ 10%] /data/local/tmp/benchmark/models/detection/yolov8n/yolov8n/yolov8n.tflite: 75%
[ 10%] /data/local/tmp/benchmark/models/detection/yolov8n/yolov8n/yolov8n.tflite: 75%
[ 10%] /data/local/tmp/benchmark/models/detection/yolov8n/yolov8n/yolov8n.tflite: 76%
[ 11%] /data/local/tmp/benchmark/models/detection/yolov8n/yolov8n/yolov8n.tflite: 76%
[ 11%] /data/local/tmp/benchmark/models/detection/yolov8n/yolov8n/yolov8n.tflite: 77%
[ 11%] /data/local/tmp/benchmark/models/detection/yolov8n/yolov8n/yolov8n.tflite: 77%
[ 11%] /data/local/tmp/benchmark/models/detection/yolov8n/yolov8n/yolov8n.tflite: 78%
[ 11%] /data/local/tmp/benchmark/models/detection/yolov8n/yolov8n/yolov8n.tflite: 78%
[ 11%] /data/local/tmp/benchmark/models/detection/yolov8n/yolov8n/yolov8n.tflite: 79%
[ 11%] /data/local/tmp/benchmark/models/detection/yolov8n/yolov8n/yolov8n.tflite: 79%
[ 11%] /data/local/tmp/benchmark/models/detection/yolov8n/yolov8n/yolov8n.tflite: 80%
[ 11%] /data/local/tmp/benchmark/models/detection/yolov8n/yolov8n/yolov8n.tflite: 80%
[ 11%] /data/local/tmp/benchmark/models/detection/yolov8n/yolov8n/yolov8n.tflite: 81%
[ 11%] /data/local/tmp/benchmark/models/detection/yolov8n/yolov8n/yolov8n.tflite: 81%
[ 11%] /data/local/tmp/benchmark/models/detection/yolov8n/yolov8n/yolov8n.tflite: 82%
[ 11%] /data/local/tmp/benchmark/models/detection/yolov8n/yolov8n/yolov8n.tflite: 82%
[ 11%] /data/local/tmp/benchmark/models/detection/yolov8n/yolov8n/yolov8n.tflite: 83%
[ 12%] /data/local/tmp/benchmark/models/detection/yolov8n/yolov8n/yolov8n.tflite: 83%
[ 12%] /data/local/tmp/benchmark/models/detection/yolov8n/yolov8n/yolov8n.tflite: 84%
[ 12%] /data/local/tmp/benchmark/models/detection/yolov8n/yolov8n/yolov8n.tflite: 85%
[ 12%] /data/local/tmp/benchmark/models/detection/yolov8n/yolov8n/yolov8n.tflite: 85%
[ 12%] /data/local/tmp/benchmark/models/detection/yolov8n/yolov8n/yolov8n.tflite: 86%
[ 12%] /data/local/tmp/benchmark/models/detection/yolov8n/yolov8n/yolov8n.tflite: 86%
[ 12%] /data/local/tmp/benchmark/models/detection/yolov8n/yolov8n/yolov8n.tflite: 87%
[ 12%] /data/local/tmp/benchmark/models/detection/yolov8n/yolov8n/yolov8n.tflite: 87%
[ 12%] /data/local/tmp/benchmark/models/detection/yolov8n/yolov8n/yolov8n.tflite: 88%
[ 12%] /data/local/tmp/benchmark/models/detection/yolov8n/yolov8n/yolov8n.tflite: 88%
[ 12%] /data/local/tmp/benchmark/models/detection/yolov8n/yolov8n/yolov8n.tflite: 89%
[ 12%] /data/local/tmp/benchmark/models/detection/yolov8n/yolov8n/yolov8n.tflite: 89%
[ 12%] /data/local/tmp/benchmark/models/detection/yolov8n/yolov8n/yolov8n.tflite: 90%
[ 13%] /data/local/tmp/benchmark/models/detection/yolov8n/yolov8n/yolov8n.tflite: 90%
[ 13%] /data/local/tmp/benchmark/models/detection/yolov8n/yolov8n/yolov8n.tflite: 91%
[ 13%] /data/local/tmp/benchmark/models/detection/yolov8n/yolov8n/yolov8n.tflite: 91%
[ 13%] /data/local/tmp/benchmark/models/detection/yolov8n/yolov8n/yolov8n.tflite: 92%
[ 13%] /data/local/tmp/benchmark/models/detection/yolov8n/yolov8n/yolov8n.tflite: 92%
[ 13%] /data/local/tmp/benchmark/models/detection/yolov8n/yolov8n/yolov8n.tflite: 93%
[ 13%] /data/local/tmp/benchmark/models/detection/yolov8n/yolov8n/yolov8n.tflite: 93%
[ 13%] /data/local/tmp/benchmark/models/detection/yolov8n/yolov8n/yolov8n.tflite: 94%
[ 13%] /data/local/tmp/benchmark/models/detection/yolov8n/yolov8n/yolov8n.tflite: 94%
[ 13%] /data/local/tmp/benchmark/models/detection/yolov8n/yolov8n/yolov8n.tflite: 95%
[ 13%] /data/local/tmp/benchmark/models/detection/yolov8n/yolov8n/yolov8n.tflite: 95%
[ 13%] /data/local/tmp/benchmark/models/detection/yolov8n/yolov8n/yolov8n.tflite: 96%
[ 13%] /data/local/tmp/benchmark/models/detection/yolov8n/yolov8n/yolov8n.tflite: 96%
[ 13%] /data/local/tmp/benchmark/models/detection/yolov8n/yolov8n/yolov8n.tflite: 97%
[ 14%] /data/local/tmp/benchmark/models/detection/yolov8n/yolov8n/yolov8n.tflite: 97%
[ 14%] /data/local/tmp/benchmark/models/detection/yolov8n/yolov8n/yolov8n.tflite: 98%
[ 14%] /data/local/tmp/benchmark/models/detection/yolov8n/yolov8n/yolov8n.tflite: 98%
[ 14%] /data/local/tmp/benchmark/models/detection/yolov8n/yolov8n/yolov8n.tflite: 99%
[ 14%] /data/local/tmp/benchmark/models/detection/yolov8n/yolov8n/yolov8n.tflite: 99%
[ 14%] /data/local/tmp/benchmark/models/detection/yolov8n/yolov8n/yolov8n.tflite: 100%
[ 14%] /data/local/tmp/benchmark/models/detection/yolov8n/yolov8n/yolov8n.onnx: 0%
[ 14%] /data/local/tmp/benchmark/models/detection/yolov8n/yolov8n/yolov8n.onnx: 1%
[ 14%] /data/local/tmp/benchmark/models/detection/yolov8n/yolov8n/yolov8n.onnx: 1%
[ 14%] /data/local/tmp/benchmark/models/detection/yolov8n/yolov8n/yolov8n.onnx: 2%
[ 14%] /data/local/tmp/benchmark/models/detection/yolov8n/yolov8n/yolov8n.onnx: 2%
[ 14%] /data/local/tmp/benchmark/models/detection/yolov8n/yolov8n/yolov8n.onnx: 3%
[ 14%] /data/local/tmp/benchmark/models/detection/yolov8n/yolov8n/yolov8n.onnx: 3%
[ 14%] /data/local/tmp/benchmark/models/detection/yolov8n/yolov8n/yolov8n.onnx: 4%
[ 15%] /data/local/tmp/benchmark/models/detection/yolov8n/yolov8n/yolov8n.onnx: 4%
[ 15%] /data/local/tmp/benchmark/models/detection/yolov8n/yolov8n/yolov8n.onnx: 5%
[ 15%] /data/local/tmp/benchmark/models/detection/yolov8n/yolov8n/yolov8n.onnx: 5%
[ 15%] /data/local/tmp/benchmark/models/detection/yolov8n/yolov8n/yolov8n.onnx: 6%
[ 15%] /data/local/tmp/benchmark/models/detection/yolov8n/yolov8n/yolov8n.onnx: 6%
[ 15%] /data/local/tmp/benchmark/models/detection/yolov8n/yolov8n/yolov8n.onnx: 7%
[ 15%] /data/local/tmp/benchmark/models/detection/yolov8n/yolov8n/yolov8n.onnx: 7%
[ 15%] /data/local/tmp/benchmark/models/detection/yolov8n/yolov8n/yolov8n.onnx: 8%
[ 15%] /data/local/tmp/benchmark/models/detection/yolov8n/yolov8n/yolov8n.onnx: 8%
[ 15%] /data/local/tmp/benchmark/models/detection/yolov8n/yolov8n/yolov8n.onnx: 9%
[ 15%] /data/local/tmp/benchmark/models/detection/yolov8n/yolov8n/yolov8n.onnx: 9%
[ 15%] /data/local/tmp/benchmark/models/detection/yolov8n/yolov8n/yolov8n.onnx: 10%
[ 15%] /data/local/tmp/benchmark/models/detection/yolov8n/yolov8n/yolov8n.onnx: 10%
[ 15%] /data/local/tmp/benchmark/models/detection/yolov8n/yolov8n/yolov8n.onnx: 11%
[ 16%] /data/local/tmp/benchmark/models/detection/yolov8n/yolov8n/yolov8n.onnx: 11%
[ 16%] /data/local/tmp/benchmark/models/detection/yolov8n/yolov8n/yolov8n.onnx: 12%
[ 16%] /data/local/tmp/benchmark/models/detection/yolov8n/yolov8n/yolov8n.onnx: 12%
[ 16%] /data/local/tmp/benchmark/models/detection/yolov8n/yolov8n/yolov8n.onnx: 13%
[ 16%] /data/local/tmp/benchmark/models/detection/yolov8n/yolov8n/yolov8n.onnx: 13%
[ 16%] /data/local/tmp/benchmark/models/detection/yolov8n/yolov8n/yolov8n.onnx: 14%
[ 16%] /data/local/tmp/benchmark/models/detection/yolov8n/yolov8n/yolov8n.onnx: 14%
[ 16%] /data/local/tmp/benchmark/models/detection/yolov8n/yolov8n/yolov8n.onnx: 15%
[ 16%] /data/local/tmp/benchmark/models/detection/yolov8n/yolov8n/yolov8n.onnx: 15%
[ 16%] /data/local/tmp/benchmark/models/detection/yolov8n/yolov8n/yolov8n.onnx: 16%
[ 16%] /data/local/tmp/benchmark/models/detection/yolov8n/yolov8n/yolov8n.onnx: 16%
[ 16%] /data/local/tmp/benchmark/models/detection/yolov8n/yolov8n/yolov8n.onnx: 17%
[ 16%] /data/local/tmp/benchmark/models/detection/yolov8n/yolov8n/yolov8n.onnx: 17%
[ 16%] /data/local/tmp/benchmark/models/detection/yolov8n/yolov8n/yolov8n.onnx: 18%
[ 17%] /data/local/tmp/benchmark/models/detection/yolov8n/yolov8n/yolov8n.onnx: 18%
[ 17%] /data/local/tmp/benchmark/models/detection/yolov8n/yolov8n/yolov8n.onnx: 19%
[ 17%] /data/local/tmp/benchmark/models/detection/yolov8n/yolov8n/yolov8n.onnx: 19%
[ 17%] /data/local/tmp/benchmark/models/detection/yolov8n/yolov8n/yolov8n.onnx: 20%
[ 17%] /data/local/tmp/benchmark/models/detection/yolov8n/yolov8n/yolov8n.onnx: 20%
[ 17%] /data/local/tmp/benchmark/models/detection/yolov8n/yolov8n/yolov8n.onnx: 21%
[ 17%] /data/local/tmp/benchmark/models/detection/yolov8n/yolov8n/yolov8n.onnx: 21%
[ 17%] /data/local/tmp/benchmark/models/detection/yolov8n/yolov8n/yolov8n.onnx: 22%
[ 17%] /data/local/tmp/benchmark/models/detection/yolov8n/yolov8n/yolov8n.onnx: 22%
[ 17%] /data/local/tmp/benchmark/models/detection/yolov8n/yolov8n/yolov8n.onnx: 23%
[ 17%] /data/local/tmp/benchmark/models/detection/yolov8n/yolov8n/yolov8n.onnx: 23%
[ 17%] /data/local/tmp/benchmark/models/detection/yolov8n/yolov8n/yolov8n.onnx: 24%
[ 17%] /data/local/tmp/benchmark/models/detection/yolov8n/yolov8n/yolov8n.onnx: 24%
[ 18%] /data/local/tmp/benchmark/models/detection/yolov8n/yolov8n/yolov8n.onnx: 25%
[ 18%] /data/local/tmp/benchmark/models/detection/yolov8n/yolov8n/yolov8n.onnx: 26%
[ 18%] /data/local/tmp/benchmark/models/detection/yolov8n/yolov8n/yolov8n.onnx: 26%
[ 18%] /data/local/tmp/benchmark/models/detection/yolov8n/yolov8n/yolov8n.onnx: 27%
[ 18%] /data/local/tmp/benchmark/models/detection/yolov8n/yolov8n/yolov8n.onnx: 27%
[ 18%] /data/local/tmp/benchmark/models/detection/yolov8n/yolov8n/yolov8n.onnx: 28%
[ 18%] /data/local/tmp/benchmark/models/detection/yolov8n/yolov8n/yolov8n.onnx: 28%
[ 18%] /data/local/tmp/benchmark/models/detection/yolov8n/yolov8n/yolov8n.onnx: 29%
[ 18%] /data/local/tmp/benchmark/models/detection/yolov8n/yolov8n/yolov8n.onnx: 29%
[ 18%] /data/local/tmp/benchmark/models/detection/yolov8n/yolov8n/yolov8n.onnx: 30%
[ 18%] /data/local/tmp/benchmark/models/detection/yolov8n/yolov8n/yolov8n.onnx: 30%
[ 18%] /data/local/tmp/benchmark/models/detection/yolov8n/yolov8n/yolov8n.onnx: 31%
[ 18%] /data/local/tmp/benchmark/models/detection/yolov8n/yolov8n/yolov8n.onnx: 31%
[ 18%] /data/local/tmp/benchmark/models/detection/yolov8n/yolov8n/yolov8n.onnx: 32%
[ 19%] /data/local/tmp/benchmark/models/detection/yolov8n/yolov8n/yolov8n.onnx: 32%
[ 19%] /data/local/tmp/benchmark/models/detection/yolov8n/yolov8n/yolov8n.onnx: 33%
[ 19%] /data/local/tmp/benchmark/models/detection/yolov8n/yolov8n/yolov8n.onnx: 33%
[ 19%] /data/local/tmp/benchmark/models/detection/yolov8n/yolov8n/yolov8n.onnx: 34%
[ 19%] /data/local/tmp/benchmark/models/detection/yolov8n/yolov8n/yolov8n.onnx: 34%
[ 19%] /data/local/tmp/benchmark/models/detection/yolov8n/yolov8n/yolov8n.onnx: 35%
[ 19%] /data/local/tmp/benchmark/models/detection/yolov8n/yolov8n/yolov8n.onnx: 35%
[ 19%] /data/local/tmp/benchmark/models/detection/yolov8n/yolov8n/yolov8n.onnx: 36%
[ 19%] /data/local/tmp/benchmark/models/detection/yolov8n/yolov8n/yolov8n.onnx: 36%
[ 19%] /data/local/tmp/benchmark/models/detection/yolov8n/yolov8n/yolov8n.onnx: 37%
[ 19%] /data/local/tmp/benchmark/models/detection/yolov8n/yolov8n/yolov8n.onnx: 37%
[ 19%] /data/local/tmp/benchmark/models/detection/yolov8n/yolov8n/yolov8n.onnx: 38%
[ 19%] /data/local/tmp/benchmark/models/detection/yolov8n/yolov8n/yolov8n.onnx: 38%
[ 19%] /data/local/tmp/benchmark/models/detection/yolov8n/yolov8n/yolov8n.onnx: 39%
[ 20%] /data/local/tmp/benchmark/models/detection/yolov8n/yolov8n/yolov8n.onnx: 39%
[ 20%] /data/local/tmp/benchmark/models/detection/yolov8n/yolov8n/yolov8n.onnx: 40%
[ 20%] /data/local/tmp/benchmark/models/detection/yolov8n/yolov8n/yolov8n.onnx: 40%
[ 20%] /data/local/tmp/benchmark/models/detection/yolov8n/yolov8n/yolov8n.onnx: 41%
[ 20%] /data/local/tmp/benchmark/models/detection/yolov8n/yolov8n/yolov8n.onnx: 41%
[ 20%] /data/local/tmp/benchmark/models/detection/yolov8n/yolov8n/yolov8n.onnx: 42%
[ 20%] /data/local/tmp/benchmark/models/detection/yolov8n/yolov8n/yolov8n.onnx: 42%
[ 20%] /data/local/tmp/benchmark/models/detection/yolov8n/yolov8n/yolov8n.onnx: 43%
[ 20%] /data/local/tmp/benchmark/models/detection/yolov8n/yolov8n/yolov8n.onnx: 43%
[ 20%] /data/local/tmp/benchmark/models/detection/yolov8n/yolov8n/yolov8n.onnx: 44%
[ 20%] /data/local/tmp/benchmark/models/detection/yolov8n/yolov8n/yolov8n.onnx: 44%
[ 20%] /data/local/tmp/benchmark/models/detection/yolov8n/yolov8n/yolov8n.onnx: 45%
[ 20%] /data/local/tmp/benchmark/models/detection/yolov8n/yolov8n/yolov8n.onnx: 45%
[ 20%] /data/local/tmp/benchmark/models/detection/yolov8n/yolov8n/yolov8n.onnx: 46%
[ 21%] /data/local/tmp/benchmark/models/detection/yolov8n/yolov8n/yolov8n.onnx: 46%
[ 21%] /data/local/tmp/benchmark/models/detection/yolov8n/yolov8n/yolov8n.onnx: 47%
[ 21%] /data/local/tmp/benchmark/models/detection/yolov8n/yolov8n/yolov8n.onnx: 47%
[ 21%] /data/local/tmp/benchmark/models/detection/yolov8n/yolov8n/yolov8n.onnx: 48%
[ 21%] /data/local/tmp/benchmark/models/detection/yolov8n/yolov8n/yolov8n.onnx: 48%
[ 21%] /data/local/tmp/benchmark/models/detection/yolov8n/yolov8n/yolov8n.onnx: 49%
[ 21%] /data/local/tmp/benchmark/models/detection/yolov8n/yolov8n/yolov8n.onnx: 49%
[ 21%] /data/local/tmp/benchmark/models/detection/yolov8n/yolov8n/yolov8n.onnx: 50%
[ 21%] /data/local/tmp/benchmark/models/detection/yolov8n/yolov8n/yolov8n.onnx: 50%
[ 21%] /data/local/tmp/benchmark/models/detection/yolov8n/yolov8n/yolov8n.onnx: 51%
[ 21%] /data/local/tmp/benchmark/models/detection/yolov8n/yolov8n/yolov8n.onnx: 52%
[ 21%] /data/local/tmp/benchmark/models/detection/yolov8n/yolov8n/yolov8n.onnx: 52%
[ 21%] /data/local/tmp/benchmark/models/detection/yolov8n/yolov8n/yolov8n.onnx: 53%
[ 22%] /data/local/tmp/benchmark/models/detection/yolov8n/yolov8n/yolov8n.onnx: 53%
[ 22%] /data/local/tmp/benchmark/models/detection/yolov8n/yolov8n/yolov8n.onnx: 54%
[ 22%] /data/local/tmp/benchmark/models/detection/yolov8n/yolov8n/yolov8n.onnx: 54%
[ 22%] /data/local/tmp/benchmark/models/detection/yolov8n/yolov8n/yolov8n.onnx: 55%
[ 22%] /data/local/tmp/benchmark/models/detection/yolov8n/yolov8n/yolov8n.onnx: 55%
[ 22%] /data/local/tmp/benchmark/models/detection/yolov8n/yolov8n/yolov8n.onnx: 56%
[ 22%] /data/local/tmp/benchmark/models/detection/yolov8n/yolov8n/yolov8n.onnx: 56%
[ 22%] /data/local/tmp/benchmark/models/detection/yolov8n/yolov8n/yolov8n.onnx: 57%
[ 22%] /data/local/tmp/benchmark/models/detection/yolov8n/yolov8n/yolov8n.onnx: 57%
[ 22%] /data/local/tmp/benchmark/models/detection/yolov8n/yolov8n/yolov8n.onnx: 58%
[ 22%] /data/local/tmp/benchmark/models/detection/yolov8n/yolov8n/yolov8n.onnx: 58%
[ 22%] /data/local/tmp/benchmark/models/detection/yolov8n/yolov8n/yolov8n.onnx: 59%
[ 22%] /data/local/tmp/benchmark/models/detection/yolov8n/yolov8n/yolov8n.onnx: 59%
[ 22%] /data/local/tmp/benchmark/models/detection/yolov8n/yolov8n/yolov8n.onnx: 60%
[ 23%] /data/local/tmp/benchmark/models/detection/yolov8n/yolov8n/yolov8n.onnx: 60%
[ 23%] /data/local/tmp/benchmark/models/detection/yolov8n/yolov8n/yolov8n.onnx: 61%
[ 23%] /data/local/tmp/benchmark/models/detection/yolov8n/yolov8n/yolov8n.onnx: 61%
[ 23%] /data/local/tmp/benchmark/models/detection/yolov8n/yolov8n/yolov8n.onnx: 62%
[ 23%] /data/local/tmp/benchmark/models/detection/yolov8n/yolov8n/yolov8n.onnx: 62%
[ 23%] /data/local/tmp/benchmark/models/detection/yolov8n/yolov8n/yolov8n.onnx: 63%
[ 23%] /data/local/tmp/benchmark/models/detection/yolov8n/yolov8n/yolov8n.onnx: 63%
[ 23%] /data/local/tmp/benchmark/models/detection/yolov8n/yolov8n/yolov8n.onnx: 64%
[ 23%] /data/local/tmp/benchmark/models/detection/yolov8n/yolov8n/yolov8n.onnx: 64%
[ 23%] /data/local/tmp/benchmark/models/detection/yolov8n/yolov8n/yolov8n.onnx: 65%
[ 23%] /data/local/tmp/benchmark/models/detection/yolov8n/yolov8n/yolov8n.onnx: 65%
[ 23%] /data/local/tmp/benchmark/models/detection/yolov8n/yolov8n/yolov8n.onnx: 66%
[ 23%] /data/local/tmp/benchmark/models/detection/yolov8n/yolov8n/yolov8n.onnx: 66%
[ 23%] /data/local/tmp/benchmark/models/detection/yolov8n/yolov8n/yolov8n.onnx: 67%
[ 24%] /data/local/tmp/benchmark/models/detection/yolov8n/yolov8n/yolov8n.onnx: 67%
[ 24%] /data/local/tmp/benchmark/models/detection/yolov8n/yolov8n/yolov8n.onnx: 68%
[ 24%] /data/local/tmp/benchmark/models/detection/yolov8n/yolov8n/yolov8n.onnx: 68%
[ 24%] /data/local/tmp/benchmark/models/detection/yolov8n/yolov8n/yolov8n.onnx: 69%
[ 24%] /data/local/tmp/benchmark/models/detection/yolov8n/yolov8n/yolov8n.onnx: 69%
[ 24%] /data/local/tmp/benchmark/models/detection/yolov8n/yolov8n/yolov8n.onnx: 70%
[ 24%] /data/local/tmp/benchmark/models/detection/yolov8n/yolov8n/yolov8n.onnx: 70%
[ 24%] /data/local/tmp/benchmark/models/detection/yolov8n/yolov8n/yolov8n.onnx: 71%
[ 24%] /data/local/tmp/benchmark/models/detection/yolov8n/yolov8n/yolov8n.onnx: 71%
[ 24%] /data/local/tmp/benchmark/models/detection/yolov8n/yolov8n/yolov8n.onnx: 72%
[ 24%] /data/local/tmp/benchmark/models/detection/yolov8n/yolov8n/yolov8n.onnx: 72%
[ 24%] /data/local/tmp/benchmark/models/detection/yolov8n/yolov8n/yolov8n.onnx: 73%
[ 24%] /data/local/tmp/benchmark/models/detection/yolov8n/yolov8n/yolov8n.onnx: 73%
[ 25%] /data/local/tmp/benchmark/models/detection/yolov8n/yolov8n/yolov8n.onnx: 74%
[ 25%] /data/local/tmp/benchmark/models/detection/yolov8n/yolov8n/yolov8n.onnx: 74%
[ 25%] /data/local/tmp/benchmark/models/detection/yolov8n/yolov8n/yolov8n.onnx: 75%
[ 25%] /data/local/tmp/benchmark/models/detection/yolov8n/yolov8n/yolov8n.onnx: 75%
[ 25%] /data/local/tmp/benchmark/models/detection/yolov8n/yolov8n/yolov8n.onnx: 76%
[ 25%] /data/local/tmp/benchmark/models/detection/yolov8n/yolov8n/yolov8n.onnx: 77%
[ 25%] /data/local/tmp/benchmark/models/detection/yolov8n/yolov8n/yolov8n.onnx: 77%
[ 25%] /data/local/tmp/benchmark/models/detection/yolov8n/yolov8n/yolov8n.onnx: 78%
[ 25%] /data/local/tmp/benchmark/models/detection/yolov8n/yolov8n/yolov8n.onnx: 78%
[ 25%] /data/local/tmp/benchmark/models/detection/yolov8n/yolov8n/yolov8n.onnx: 79%
[ 25%] /data/local/tmp/benchmark/models/detection/yolov8n/yolov8n/yolov8n.onnx: 79%
[ 25%] /data/local/tmp/benchmark/models/detection/yolov8n/yolov8n/yolov8n.onnx: 80%
[ 25%] /data/local/tmp/benchmark/models/detection/yolov8n/yolov8n/yolov8n.onnx: 80%
[ 25%] /data/local/tmp/benchmark/models/detection/yolov8n/yolov8n/yolov8n.onnx: 81%
[ 26%] /data/local/tmp/benchmark/models/detection/yolov8n/yolov8n/yolov8n.onnx: 81%
[ 26%] /data/local/tmp/benchmark/models/detection/yolov8n/yolov8n/yolov8n.onnx: 82%
[ 26%] /data/local/tmp/benchmark/models/detection/yolov8n/yolov8n/yolov8n.onnx: 82%
[ 26%] /data/local/tmp/benchmark/models/detection/yolov8n/yolov8n/yolov8n.onnx: 83%
[ 26%] /data/local/tmp/benchmark/models/detection/yolov8n/yolov8n/yolov8n.onnx: 83%
[ 26%] /data/local/tmp/benchmark/models/detection/yolov8n/yolov8n/yolov8n.onnx: 84%
[ 26%] /data/local/tmp/benchmark/models/detection/yolov8n/yolov8n/yolov8n.onnx: 84%
[ 26%] /data/local/tmp/benchmark/models/detection/yolov8n/yolov8n/yolov8n.onnx: 85%
[ 26%] /data/local/tmp/benchmark/models/detection/yolov8n/yolov8n/yolov8n.onnx: 85%
[ 26%] /data/local/tmp/benchmark/models/detection/yolov8n/yolov8n/yolov8n.onnx: 86%
[ 26%] /data/local/tmp/benchmark/models/detection/yolov8n/yolov8n/yolov8n.onnx: 86%
[ 26%] /data/local/tmp/benchmark/models/detection/yolov8n/yolov8n/yolov8n.onnx: 87%
[ 26%] /data/local/tmp/benchmark/models/detection/yolov8n/yolov8n/yolov8n.onnx: 87%
[ 26%] /data/local/tmp/benchmark/models/detection/yolov8n/yolov8n/yolov8n.onnx: 88%
[ 27%] /data/local/tmp/benchmark/models/detection/yolov8n/yolov8n/yolov8n.onnx: 88%
[ 27%] /data/local/tmp/benchmark/models/detection/yolov8n/yolov8n/yolov8n.onnx: 89%
[ 27%] /data/local/tmp/benchmark/models/detection/yolov8n/yolov8n/yolov8n.onnx: 89%
[ 27%] /data/local/tmp/benchmark/models/detection/yolov8n/yolov8n/yolov8n.onnx: 90%
[ 27%] /data/local/tmp/benchmark/models/detection/yolov8n/yolov8n/yolov8n.onnx: 90%
[ 27%] /data/local/tmp/benchmark/models/detection/yolov8n/yolov8n/yolov8n.onnx: 91%
[ 27%] /data/local/tmp/benchmark/models/detection/yolov8n/yolov8n/yolov8n.onnx: 91%
[ 27%] /data/local/tmp/benchmark/models/detection/yolov8n/yolov8n/yolov8n.onnx: 92%
[ 27%] /data/local/tmp/benchmark/models/detection/yolov8n/yolov8n/yolov8n.onnx: 92%
[ 27%] /data/local/tmp/benchmark/models/detection/yolov8n/yolov8n/yolov8n.onnx: 93%
[ 27%] /data/local/tmp/benchmark/models/detection/yolov8n/yolov8n/yolov8n.onnx: 93%
[ 27%] /data/local/tmp/benchmark/models/detection/yolov8n/yolov8n/yolov8n.onnx: 94%
[ 27%] /data/local/tmp/benchmark/models/detection/yolov8n/yolov8n/yolov8n.onnx: 94%
[ 27%] /data/local/tmp/benchmark/models/detection/yolov8n/yolov8n/yolov8n.onnx: 95%
[ 28%] /data/local/tmp/benchmark/models/detection/yolov8n/yolov8n/yolov8n.onnx: 95%
[ 28%] /data/local/tmp/benchmark/models/detection/yolov8n/yolov8n/yolov8n.onnx: 96%
[ 28%] /data/local/tmp/benchmark/models/detection/yolov8n/yolov8n/yolov8n.onnx: 96%
[ 28%] /data/local/tmp/benchmark/models/detection/yolov8n/yolov8n/yolov8n.onnx: 97%
[ 28%] /data/local/tmp/benchmark/models/detection/yolov8n/yolov8n/yolov8n.onnx: 97%
[ 28%] /data/local/tmp/benchmark/models/detection/yolov8n/yolov8n/yolov8n.onnx: 98%
[ 28%] /data/local/tmp/benchmark/models/detection/yolov8n/yolov8n/yolov8n.onnx: 98%
[ 28%] /data/local/tmp/benchmark/models/detection/yolov8n/yolov8n/yolov8n.onnx: 99%
[ 28%] /data/local/tmp/benchmark/models/detection/yolov8n/yolov8n/yolov8n.onnx: 99%
[ 28%] /data/local/tmp/benchmark/models/detection/yolov8n/yolov8n/yolov8n.onnx: 100%
[ 28%] /data/local/tmp/benchmark/models/detection/yolov8n/yolov8n/yolov8n.ms: 0%
[ 28%] /data/local/tmp/benchmark/models/detection/yolov8n/yolov8n/yolov8n.ms: 1%
[ 28%] /data/local/tmp/benchmark/models/detection/yolov8n/yolov8n/yolov8n.ms: 1%
[ 28%] /data/local/tmp/benchmark/models/detection/yolov8n/yolov8n/yolov8n.ms: 2%
[ 29%] /data/local/tmp/benchmark/models/detection/yolov8n/yolov8n/yolov8n.ms: 2%
[ 29%] /data/local/tmp/benchmark/models/detection/yolov8n/yolov8n/yolov8n.ms: 3%
[ 29%] /data/local/tmp/benchmark/models/detection/yolov8n/yolov8n/yolov8n.ms: 3%
[ 29%] /data/local/tmp/benchmark/models/detection/yolov8n/yolov8n/yolov8n.ms: 4%
[ 29%] /data/local/tmp/benchmark/models/detection/yolov8n/yolov8n/yolov8n.ms: 4%
[ 29%] /data/local/tmp/benchmark/models/detection/yolov8n/yolov8n/yolov8n.ms: 5%
[ 29%] /data/local/tmp/benchmark/models/detection/yolov8n/yolov8n/yolov8n.ms: 5%
[ 29%] /data/local/tmp/benchmark/models/detection/yolov8n/yolov8n/yolov8n.ms: 6%
[ 29%] /data/local/tmp/benchmark/models/detection/yolov8n/yolov8n/yolov8n.ms: 6%
[ 29%] /data/local/tmp/benchmark/models/detection/yolov8n/yolov8n/yolov8n.ms: 7%
[ 29%] /data/local/tmp/benchmark/models/detection/yolov8n/yolov8n/yolov8n.ms: 7%
[ 29%] /data/local/tmp/benchmark/models/detection/yolov8n/yolov8n/yolov8n.ms: 8%
[ 29%] /data/local/tmp/benchmark/models/detection/yolov8n/yolov8n/yolov8n.ms: 8%
[ 29%] /data/local/tmp/benchmark/models/detection/yolov8n/yolov8n/yolov8n.ms: 9%
[ 30%] /data/local/tmp/benchmark/models/detection/yolov8n/yolov8n/yolov8n.ms: 9%
[ 30%] /data/local/tmp/benchmark/models/detection/yolov8n/yolov8n/yolov8n.ms: 10%
[ 30%] /data/local/tmp/benchmark/models/detection/yolov8n/yolov8n/yolov8n.ms: 10%
[ 30%] /data/local/tmp/benchmark/models/detection/yolov8n/yolov8n/yolov8n.ms: 11%
[ 30%] /data/local/tmp/benchmark/models/detection/yolov8n/yolov8n/yolov8n.ms: 11%
[ 30%] /data/local/tmp/benchmark/models/detection/yolov8n/yolov8n/yolov8n.ms: 12%
[ 30%] /data/local/tmp/benchmark/models/detection/yolov8n/yolov8n/yolov8n.ms: 12%
[ 30%] /data/local/tmp/benchmark/models/detection/yolov8n/yolov8n/yolov8n.ms: 13%
[ 30%] /data/local/tmp/benchmark/models/detection/yolov8n/yolov8n/yolov8n.ms: 13%
[ 30%] /data/local/tmp/benchmark/models/detection/yolov8n/yolov8n/yolov8n.ms: 14%
[ 30%] /data/local/tmp/benchmark/models/detection/yolov8n/yolov8n/yolov8n.ms: 14%
[ 30%] /data/local/tmp/benchmark/models/detection/yolov8n/yolov8n/yolov8n.ms: 15%
[ 30%] /data/local/tmp/benchmark/models/detection/yolov8n/yolov8n/yolov8n.ms: 15%
[ 30%] /data/local/tmp/benchmark/models/detection/yolov8n/yolov8n/yolov8n.ms: 16%
[ 31%] /data/local/tmp/benchmark/models/detection/yolov8n/yolov8n/yolov8n.ms: 16%
[ 31%] /data/local/tmp/benchmark/models/detection/yolov8n/yolov8n/yolov8n.ms: 17%
[ 31%] /data/local/tmp/benchmark/models/detection/yolov8n/yolov8n/yolov8n.ms: 17%
[ 31%] /data/local/tmp/benchmark/models/detection/yolov8n/yolov8n/yolov8n.ms: 18%
[ 31%] /data/local/tmp/benchmark/models/detection/yolov8n/yolov8n/yolov8n.ms: 18%
[ 31%] /data/local/tmp/benchmark/models/detection/yolov8n/yolov8n/yolov8n.ms: 19%
[ 31%] /data/local/tmp/benchmark/models/detection/yolov8n/yolov8n/yolov8n.ms: 19%
[ 31%] /data/local/tmp/benchmark/models/detection/yolov8n/yolov8n/yolov8n.ms: 20%
[ 31%] /data/local/tmp/benchmark/models/detection/yolov8n/yolov8n/yolov8n.ms: 20%
[ 31%] /data/local/tmp/benchmark/models/detection/yolov8n/yolov8n/yolov8n.ms: 21%
[ 31%] /data/local/tmp/benchmark/models/detection/yolov8n/yolov8n/yolov8n.ms: 21%
[ 31%] /data/local/tmp/benchmark/models/detection/yolov8n/yolov8n/yolov8n.ms: 22%
[ 31%] /data/local/tmp/benchmark/models/detection/yolov8n/yolov8n/yolov8n.ms: 22%
[ 32%] /data/local/tmp/benchmark/models/detection/yolov8n/yolov8n/yolov8n.ms: 23%
[ 32%] /data/local/tmp/benchmark/models/detection/yolov8n/yolov8n/yolov8n.ms: 24%
[ 32%] /data/local/tmp/benchmark/models/detection/yolov8n/yolov8n/yolov8n.ms: 24%
[ 32%] /data/local/tmp/benchmark/models/detection/yolov8n/yolov8n/yolov8n.ms: 25%
[ 32%] /data/local/tmp/benchmark/models/detection/yolov8n/yolov8n/yolov8n.ms: 25%
[ 32%] /data/local/tmp/benchmark/models/detection/yolov8n/yolov8n/yolov8n.ms: 26%
[ 32%] /data/local/tmp/benchmark/models/detection/yolov8n/yolov8n/yolov8n.ms: 26%
[ 32%] /data/local/tmp/benchmark/models/detection/yolov8n/yolov8n/yolov8n.ms: 27%
[ 32%] /data/local/tmp/benchmark/models/detection/yolov8n/yolov8n/yolov8n.ms: 27%
[ 32%] /data/local/tmp/benchmark/models/detection/yolov8n/yolov8n/yolov8n.ms: 28%
[ 32%] /data/local/tmp/benchmark/models/detection/yolov8n/yolov8n/yolov8n.ms: 28%
[ 32%] /data/local/tmp/benchmark/models/detection/yolov8n/yolov8n/yolov8n.ms: 29%
[ 32%] /data/local/tmp/benchmark/models/detection/yolov8n/yolov8n/yolov8n.ms: 29%
[ 32%] /data/local/tmp/benchmark/models/detection/yolov8n/yolov8n/yolov8n.ms: 30%
[ 33%] /data/local/tmp/benchmark/models/detection/yolov8n/yolov8n/yolov8n.ms: 30%
[ 33%] /data/local/tmp/benchmark/models/detection/yolov8n/yolov8n/yolov8n.ms: 31%
[ 33%] /data/local/tmp/benchmark/models/detection/yolov8n/yolov8n/yolov8n.ms: 31%
[ 33%] /data/local/tmp/benchmark/models/detection/yolov8n/yolov8n/yolov8n.ms: 32%
[ 33%] /data/local/tmp/benchmark/models/detection/yolov8n/yolov8n/yolov8n.ms: 32%
[ 33%] /data/local/tmp/benchmark/models/detection/yolov8n/yolov8n/yolov8n.ms: 33%
[ 33%] /data/local/tmp/benchmark/models/detection/yolov8n/yolov8n/yolov8n.ms: 33%
[ 33%] /data/local/tmp/benchmark/models/detection/yolov8n/yolov8n/yolov8n.ms: 34%
[ 33%] /data/local/tmp/benchmark/models/detection/yolov8n/yolov8n/yolov8n.ms: 34%
[ 33%] /data/local/tmp/benchmark/models/detection/yolov8n/yolov8n/yolov8n.ms: 35%
[ 33%] /data/local/tmp/benchmark/models/detection/yolov8n/yolov8n/yolov8n.ms: 35%
[ 33%] /data/local/tmp/benchmark/models/detection/yolov8n/yolov8n/yolov8n.ms: 36%
[ 33%] /data/local/tmp/benchmark/models/detection/yolov8n/yolov8n/yolov8n.ms: 36%
[ 33%] /data/local/tmp/benchmark/models/detection/yolov8n/yolov8n/yolov8n.ms: 37%
[ 34%] /data/local/tmp/benchmark/models/detection/yolov8n/yolov8n/yolov8n.ms: 37%
[ 34%] /data/local/tmp/benchmark/models/detection/yolov8n/yolov8n/yolov8n.ms: 38%
[ 34%] /data/local/tmp/benchmark/models/detection/yolov8n/yolov8n/yolov8n.ms: 38%
[ 34%] /data/local/tmp/benchmark/models/detection/yolov8n/yolov8n/yolov8n.ms: 39%
[ 34%] /data/local/tmp/benchmark/models/detection/yolov8n/yolov8n/yolov8n.ms: 39%
[ 34%] /data/local/tmp/benchmark/models/detection/yolov8n/yolov8n/yolov8n.ms: 40%
[ 34%] /data/local/tmp/benchmark/models/detection/yolov8n/yolov8n/yolov8n.ms: 40%
[ 34%] /data/local/tmp/benchmark/models/detection/yolov8n/yolov8n/yolov8n.ms: 41%
[ 34%] /data/local/tmp/benchmark/models/detection/yolov8n/yolov8n/yolov8n.ms: 41%
[ 34%] /data/local/tmp/benchmark/models/detection/yolov8n/yolov8n/yolov8n.ms: 42%
[ 34%] /data/local/tmp/benchmark/models/detection/yolov8n/yolov8n/yolov8n.ms: 42%
[ 34%] /data/local/tmp/benchmark/models/detection/yolov8n/yolov8n/yolov8n.ms: 43%
[ 34%] /data/local/tmp/benchmark/models/detection/yolov8n/yolov8n/yolov8n.ms: 43%
[ 34%] /data/local/tmp/benchmark/models/detection/yolov8n/yolov8n/yolov8n.ms: 44%
[ 35%] /data/local/tmp/benchmark/models/detection/yolov8n/yolov8n/yolov8n.ms: 44%
[ 35%] /data/local/tmp/benchmark/models/detection/yolov8n/yolov8n/yolov8n.ms: 45%
[ 35%] /data/local/tmp/benchmark/models/detection/yolov8n/yolov8n/yolov8n.ms: 45%
[ 35%] /data/local/tmp/benchmark/models/detection/yolov8n/yolov8n/yolov8n.ms: 46%
[ 35%] /data/local/tmp/benchmark/models/detection/yolov8n/yolov8n/yolov8n.ms: 46%
[ 35%] /data/local/tmp/benchmark/models/detection/yolov8n/yolov8n/yolov8n.ms: 47%
[ 35%] /data/local/tmp/benchmark/models/detection/yolov8n/yolov8n/yolov8n.ms: 48%
[ 35%] /data/local/tmp/benchmark/models/detection/yolov8n/yolov8n/yolov8n.ms: 48%
[ 35%] /data/local/tmp/benchmark/models/detection/yolov8n/yolov8n/yolov8n.ms: 49%
[ 35%] /data/local/tmp/benchmark/models/detection/yolov8n/yolov8n/yolov8n.ms: 49%
[ 35%] /data/local/tmp/benchmark/models/detection/yolov8n/yolov8n/yolov8n.ms: 50%
[ 35%] /data/local/tmp/benchmark/models/detection/yolov8n/yolov8n/yolov8n.ms: 50%
[ 35%] /data/local/tmp/benchmark/models/detection/yolov8n/yolov8n/yolov8n.ms: 51%
[ 36%] /data/local/tmp/benchmark/models/detection/yolov8n/yolov8n/yolov8n.ms: 51%
[ 36%] /data/local/tmp/benchmark/models/detection/yolov8n/yolov8n/yolov8n.ms: 52%
[ 36%] /data/local/tmp/benchmark/models/detection/yolov8n/yolov8n/yolov8n.ms: 52%
[ 36%] /data/local/tmp/benchmark/models/detection/yolov8n/yolov8n/yolov8n.ms: 53%
[ 36%] /data/local/tmp/benchmark/models/detection/yolov8n/yolov8n/yolov8n.ms: 53%
[ 36%] /data/local/tmp/benchmark/models/detection/yolov8n/yolov8n/yolov8n.ms: 54%
[ 36%] /data/local/tmp/benchmark/models/detection/yolov8n/yolov8n/yolov8n.ms: 54%
[ 36%] /data/local/tmp/benchmark/models/detection/yolov8n/yolov8n/yolov8n.ms: 55%
[ 36%] /data/local/tmp/benchmark/models/detection/yolov8n/yolov8n/yolov8n.ms: 55%
[ 36%] /data/local/tmp/benchmark/models/detection/yolov8n/yolov8n/yolov8n.ms: 56%
[ 36%] /data/local/tmp/benchmark/models/detection/yolov8n/yolov8n/yolov8n.ms: 56%
[ 36%] /data/local/tmp/benchmark/models/detection/yolov8n/yolov8n/yolov8n.ms: 57%
[ 36%] /data/local/tmp/benchmark/models/detection/yolov8n/yolov8n/yolov8n.ms: 57%
[ 36%] /data/local/tmp/benchmark/models/detection/yolov8n/yolov8n/yolov8n.ms: 58%
[ 37%] /data/local/tmp/benchmark/models/detection/yolov8n/yolov8n/yolov8n.ms: 58%
[ 37%] /data/local/tmp/benchmark/models/detection/yolov8n/yolov8n/yolov8n.ms: 59%
[ 37%] /data/local/tmp/benchmark/models/detection/yolov8n/yolov8n/yolov8n.ms: 59%
[ 37%] /data/local/tmp/benchmark/models/detection/yolov8n/yolov8n/yolov8n.ms: 60%
[ 37%] /data/local/tmp/benchmark/models/detection/yolov8n/yolov8n/yolov8n.ms: 60%
[ 37%] /data/local/tmp/benchmark/models/detection/yolov8n/yolov8n/yolov8n.ms: 61%
[ 37%] /data/local/tmp/benchmark/models/detection/yolov8n/yolov8n/yolov8n.ms: 61%
[ 37%] /data/local/tmp/benchmark/models/detection/yolov8n/yolov8n/yolov8n.ms: 62%
[ 37%] /data/local/tmp/benchmark/models/detection/yolov8n/yolov8n/yolov8n.ms: 62%
[ 37%] /data/local/tmp/benchmark/models/detection/yolov8n/yolov8n/yolov8n.ms: 63%
[ 37%] /data/local/tmp/benchmark/models/detection/yolov8n/yolov8n/yolov8n.ms: 63%
[ 37%] /data/local/tmp/benchmark/models/detection/yolov8n/yolov8n/yolov8n.ms: 64%
[ 37%] /data/local/tmp/benchmark/models/detection/yolov8n/yolov8n/yolov8n.ms: 64%
[ 37%] /data/local/tmp/benchmark/models/detection/yolov8n/yolov8n/yolov8n.ms: 65%
[ 38%] /data/local/tmp/benchmark/models/detection/yolov8n/yolov8n/yolov8n.ms: 65%
[ 38%] /data/local/tmp/benchmark/models/detection/yolov8n/yolov8n/yolov8n.ms: 66%
[ 38%] /data/local/tmp/benchmark/models/detection/yolov8n/yolov8n/yolov8n.ms: 66%
[ 38%] /data/local/tmp/benchmark/models/detection/yolov8n/yolov8n/yolov8n.ms: 67%
[ 38%] /data/local/tmp/benchmark/models/detection/yolov8n/yolov8n/yolov8n.ms: 67%
[ 38%] /data/local/tmp/benchmark/models/detection/yolov8n/yolov8n/yolov8n.ms: 68%
[ 38%] /data/local/tmp/benchmark/models/detection/yolov8n/yolov8n/yolov8n.ms: 68%
[ 38%] /data/local/tmp/benchmark/models/detection/yolov8n/yolov8n/yolov8n.ms: 69%
[ 38%] /data/local/tmp/benchmark/models/detection/yolov8n/yolov8n/yolov8n.ms: 69%
[ 38%] /data/local/tmp/benchmark/models/detection/yolov8n/yolov8n/yolov8n.ms: 70%
[ 38%] /data/local/tmp/benchmark/models/detection/yolov8n/yolov8n/yolov8n.ms: 70%
[ 38%] /data/local/tmp/benchmark/models/detection/yolov8n/yolov8n/yolov8n.ms: 71%
[ 38%] /data/local/tmp/benchmark/models/detection/yolov8n/yolov8n/yolov8n.ms: 72%
[ 39%] /data/local/tmp/benchmark/models/detection/yolov8n/yolov8n/yolov8n.ms: 72%
[ 39%] /data/local/tmp/benchmark/models/detection/yolov8n/yolov8n/yolov8n.ms: 73%
[ 39%] /data/local/tmp/benchmark/models/detection/yolov8n/yolov8n/yolov8n.ms: 73%
[ 39%] /data/local/tmp/benchmark/models/detection/yolov8n/yolov8n/yolov8n.ms: 74%
[ 39%] /data/local/tmp/benchmark/models/detection/yolov8n/yolov8n/yolov8n.ms: 74%
[ 39%] /data/local/tmp/benchmark/models/detection/yolov8n/yolov8n/yolov8n.ms: 75%
[ 39%] /data/local/tmp/benchmark/models/detection/yolov8n/yolov8n/yolov8n.ms: 75%
[ 39%] /data/local/tmp/benchmark/models/detection/yolov8n/yolov8n/yolov8n.ms: 76%
[ 39%] /data/local/tmp/benchmark/models/detection/yolov8n/yolov8n/yolov8n.ms: 76%
[ 39%] /data/local/tmp/benchmark/models/detection/yolov8n/yolov8n/yolov8n.ms: 77%
[ 39%] /data/local/tmp/benchmark/models/detection/yolov8n/yolov8n/yolov8n.ms: 77%
[ 39%] /data/local/tmp/benchmark/models/detection/yolov8n/yolov8n/yolov8n.ms: 78%
[ 39%] /data/local/tmp/benchmark/models/detection/yolov8n/yolov8n/yolov8n.ms: 78%
[ 39%] /data/local/tmp/benchmark/models/detection/yolov8n/yolov8n/yolov8n.ms: 79%
[ 40%] /data/local/tmp/benchmark/models/detection/yolov8n/yolov8n/yolov8n.ms: 79%
[ 40%] /data/local/tmp/benchmark/models/detection/yolov8n/yolov8n/yolov8n.ms: 80%
[ 40%] /data/local/tmp/benchmark/models/detection/yolov8n/yolov8n/yolov8n.ms: 80%
[ 40%] /data/local/tmp/benchmark/models/detection/yolov8n/yolov8n/yolov8n.ms: 81%
[ 40%] /data/local/tmp/benchmark/models/detection/yolov8n/yolov8n/yolov8n.ms: 81%
[ 40%] /data/local/tmp/benchmark/models/detection/yolov8n/yolov8n/yolov8n.ms: 82%
[ 40%] /data/local/tmp/benchmark/models/detection/yolov8n/yolov8n/yolov8n.ms: 82%
[ 40%] /data/local/tmp/benchmark/models/detection/yolov8n/yolov8n/yolov8n.ms: 83%
[ 40%] /data/local/tmp/benchmark/models/detection/yolov8n/yolov8n/yolov8n.ms: 83%
[ 40%] /data/local/tmp/benchmark/models/detection/yolov8n/yolov8n/yolov8n.ms: 84%
[ 40%] /data/local/tmp/benchmark/models/detection/yolov8n/yolov8n/yolov8n.ms: 84%
[ 40%] /data/local/tmp/benchmark/models/detection/yolov8n/yolov8n/yolov8n.ms: 85%
[ 40%] /data/local/tmp/benchmark/models/detection/yolov8n/yolov8n/yolov8n.ms: 85%
[ 40%] /data/local/tmp/benchmark/models/detection/yolov8n/yolov8n/yolov8n.ms: 86%
[ 41%] /data/local/tmp/benchmark/models/detection/yolov8n/yolov8n/yolov8n.ms: 86%
[ 41%] /data/local/tmp/benchmark/models/detection/yolov8n/yolov8n/yolov8n.ms: 87%
[ 41%] /data/local/tmp/benchmark/models/detection/yolov8n/yolov8n/yolov8n.ms: 87%
[ 41%] /data/local/tmp/benchmark/models/detection/yolov8n/yolov8n/yolov8n.ms: 88%
[ 41%] /data/local/tmp/benchmark/models/detection/yolov8n/yolov8n/yolov8n.ms: 88%
[ 41%] /data/local/tmp/benchmark/models/detection/yolov8n/yolov8n/yolov8n.ms: 89%
[ 41%] /data/local/tmp/benchmark/models/detection/yolov8n/yolov8n/yolov8n.ms: 89%
[ 41%] /data/local/tmp/benchmark/models/detection/yolov8n/yolov8n/yolov8n.ms: 90%
[ 41%] /data/local/tmp/benchmark/models/detection/yolov8n/yolov8n/yolov8n.ms: 90%
[ 41%] /data/local/tmp/benchmark/models/detection/yolov8n/yolov8n/yolov8n.ms: 91%
[ 41%] /data/local/tmp/benchmark/models/detection/yolov8n/yolov8n/yolov8n.ms: 91%
[ 41%] /data/local/tmp/benchmark/models/detection/yolov8n/yolov8n/yolov8n.ms: 92%
[ 41%] /data/local/tmp/benchmark/models/detection/yolov8n/yolov8n/yolov8n.ms: 92%
[ 41%] /data/local/tmp/benchmark/models/detection/yolov8n/yolov8n/yolov8n.ms: 93%
[ 42%] /data/local/tmp/benchmark/models/detection/yolov8n/yolov8n/yolov8n.ms: 93%
[ 42%] /data/local/tmp/benchmark/models/detection/yolov8n/yolov8n/yolov8n.ms: 94%
[ 42%] /data/local/tmp/benchmark/models/detection/yolov8n/yolov8n/yolov8n.ms: 94%
[ 42%] /data/local/tmp/benchmark/models/detection/yolov8n/yolov8n/yolov8n.ms: 95%
[ 42%] /data/local/tmp/benchmark/models/detection/yolov8n/yolov8n/yolov8n.ms: 96%
[ 42%] /data/local/tmp/benchmark/models/detection/yolov8n/yolov8n/yolov8n.ms: 96%
[ 42%] /data/local/tmp/benchmark/models/detection/yolov8n/yolov8n/yolov8n.ms: 97%
[ 42%] /data/local/tmp/benchmark/models/detection/yolov8n/yolov8n/yolov8n.ms: 97%
[ 42%] /data/local/tmp/benchmark/models/detection/yolov8n/yolov8n/yolov8n.ms: 98%
[ 42%] /data/local/tmp/benchmark/models/detection/yolov8n/yolov8n/yolov8n.ms: 98%
[ 42%] /data/local/tmp/benchmark/models/detection/yolov8n/yolov8n/yolov8n.ms: 99%
[ 42%] /data/local/tmp/benchmark/models/detection/yolov8n/yolov8n/yolov8n.ms: 99%
[ 42%] /data/local/tmp/benchmark/models/detection/yolov8n/yolov8n/yolov8n.ms: 100%
[ 42%] /data/local/tmp/benchmark/models/detection/yolov8n/yolov8n/yolov8n_ncnn.param: 100%
[ 42%] /data/local/tmp/benchmark/models/detection/yolov8n/yolov8n/yolov8n.required_operators.config: 100%
[ 43%] /data/local/tmp/benchmark/models/detection/yolov8n/yolov8n/yolov8n_ncnn.bin: 0%
[ 43%] /data/local/tmp/benchmark/models/detection/yolov8n/yolov8n/yolov8n_ncnn.bin: 1%
[ 43%] /data/local/tmp/benchmark/models/detection/yolov8n/yolov8n/yolov8n_ncnn.bin: 1%
[ 43%] /data/local/tmp/benchmark/models/detection/yolov8n/yolov8n/yolov8n_ncnn.bin: 2%
[ 43%] /data/local/tmp/benchmark/models/detection/yolov8n/yolov8n/yolov8n_ncnn.bin: 2%
[ 43%] /data/local/tmp/benchmark/models/detection/yolov8n/yolov8n/yolov8n_ncnn.bin: 3%
[ 43%] /data/local/tmp/benchmark/models/detection/yolov8n/yolov8n/yolov8n_ncnn.bin: 3%
[ 43%] /data/local/tmp/benchmark/models/detection/yolov8n/yolov8n/yolov8n_ncnn.bin: 4%
[ 43%] /data/local/tmp/benchmark/models/detection/yolov8n/yolov8n/yolov8n_ncnn.bin: 4%
[ 43%] /data/local/tmp/benchmark/models/detection/yolov8n/yolov8n/yolov8n_ncnn.bin: 5%
[ 43%] /data/local/tmp/benchmark/models/detection/yolov8n/yolov8n/yolov8n_ncnn.bin: 5%
[ 43%] /data/local/tmp/benchmark/models/detection/yolov8n/yolov8n/yolov8n_ncnn.bin: 6%
[ 43%] /data/local/tmp/benchmark/models/detection/yolov8n/yolov8n/yolov8n_ncnn.bin: 6%
[ 43%] /data/local/tmp/benchmark/models/detection/yolov8n/yolov8n/yolov8n_ncnn.bin: 7%
[ 44%] /data/local/tmp/benchmark/models/detection/yolov8n/yolov8n/yolov8n_ncnn.bin: 7%
[ 44%] /data/local/tmp/benchmark/models/detection/yolov8n/yolov8n/yolov8n_ncnn.bin: 8%
[ 44%] /data/local/tmp/benchmark/models/detection/yolov8n/yolov8n/yolov8n_ncnn.bin: 8%
[ 44%] /data/local/tmp/benchmark/models/detection/yolov8n/yolov8n/yolov8n_ncnn.bin: 9%
[ 44%] /data/local/tmp/benchmark/models/detection/yolov8n/yolov8n/yolov8n_ncnn.bin: 9%
[ 44%] /data/local/tmp/benchmark/models/detection/yolov8n/yolov8n/yolov8n_ncnn.bin: 10%
[ 44%] /data/local/tmp/benchmark/models/detection/yolov8n/yolov8n/yolov8n_ncnn.bin: 10%
[ 44%] /data/local/tmp/benchmark/models/detection/yolov8n/yolov8n/yolov8n_ncnn.bin: 11%
[ 44%] /data/local/tmp/benchmark/models/detection/yolov8n/yolov8n/yolov8n_ncnn.bin: 11%
[ 44%] /data/local/tmp/benchmark/models/detection/yolov8n/yolov8n/yolov8n_ncnn.bin: 12%
[ 44%] /data/local/tmp/benchmark/models/detection/yolov8n/yolov8n/yolov8n_ncnn.bin: 12%
[ 44%] /data/local/tmp/benchmark/models/detection/yolov8n/yolov8n/yolov8n_ncnn.bin: 13%
[ 44%] /data/local/tmp/benchmark/models/detection/yolov8n/yolov8n/yolov8n_ncnn.bin: 13%
[ 45%] /data/local/tmp/benchmark/models/detection/yolov8n/yolov8n/yolov8n_ncnn.bin: 14%
[ 45%] /data/local/tmp/benchmark/models/detection/yolov8n/yolov8n/yolov8n_ncnn.bin: 14%
[ 45%] /data/local/tmp/benchmark/models/detection/yolov8n/yolov8n/yolov8n_ncnn.bin: 15%
[ 45%] /data/local/tmp/benchmark/models/detection/yolov8n/yolov8n/yolov8n_ncnn.bin: 15%
[ 45%] /data/local/tmp/benchmark/models/detection/yolov8n/yolov8n/yolov8n_ncnn.bin: 16%
[ 45%] /data/local/tmp/benchmark/models/detection/yolov8n/yolov8n/yolov8n_ncnn.bin: 16%
[ 45%] /data/local/tmp/benchmark/models/detection/yolov8n/yolov8n/yolov8n_ncnn.bin: 17%
[ 45%] /data/local/tmp/benchmark/models/detection/yolov8n/yolov8n/yolov8n_ncnn.bin: 17%
[ 45%] /data/local/tmp/benchmark/models/detection/yolov8n/yolov8n/yolov8n_ncnn.bin: 18%
[ 45%] /data/local/tmp/benchmark/models/detection/yolov8n/yolov8n/yolov8n_ncnn.bin: 18%
[ 45%] /data/local/tmp/benchmark/models/detection/yolov8n/yolov8n/yolov8n_ncnn.bin: 19%
[ 45%] /data/local/tmp/benchmark/models/detection/yolov8n/yolov8n/yolov8n_ncnn.bin: 20%
[ 45%] /data/local/tmp/benchmark/models/detection/yolov8n/yolov8n/yolov8n_ncnn.bin: 20%
[ 45%] /data/local/tmp/benchmark/models/detection/yolov8n/yolov8n/yolov8n_ncnn.bin: 21%
[ 46%] /data/local/tmp/benchmark/models/detection/yolov8n/yolov8n/yolov8n_ncnn.bin: 21%
[ 46%] /data/local/tmp/benchmark/models/detection/yolov8n/yolov8n/yolov8n_ncnn.bin: 22%
[ 46%] /data/local/tmp/benchmark/models/detection/yolov8n/yolov8n/yolov8n_ncnn.bin: 22%
[ 46%] /data/local/tmp/benchmark/models/detection/yolov8n/yolov8n/yolov8n_ncnn.bin: 23%
[ 46%] /data/local/tmp/benchmark/models/detection/yolov8n/yolov8n/yolov8n_ncnn.bin: 23%
[ 46%] /data/local/tmp/benchmark/models/detection/yolov8n/yolov8n/yolov8n_ncnn.bin: 24%
[ 46%] /data/local/tmp/benchmark/models/detection/yolov8n/yolov8n/yolov8n_ncnn.bin: 24%
[ 46%] /data/local/tmp/benchmark/models/detection/yolov8n/yolov8n/yolov8n_ncnn.bin: 25%
[ 46%] /data/local/tmp/benchmark/models/detection/yolov8n/yolov8n/yolov8n_ncnn.bin: 25%
[ 46%] /data/local/tmp/benchmark/models/detection/yolov8n/yolov8n/yolov8n_ncnn.bin: 26%
[ 46%] /data/local/tmp/benchmark/models/detection/yolov8n/yolov8n/yolov8n_ncnn.bin: 26%
[ 46%] /data/local/tmp/benchmark/models/detection/yolov8n/yolov8n/yolov8n_ncnn.bin: 27%
[ 46%] /data/local/tmp/benchmark/models/detection/yolov8n/yolov8n/yolov8n_ncnn.bin: 27%
[ 46%] /data/local/tmp/benchmark/models/detection/yolov8n/yolov8n/yolov8n_ncnn.bin: 28%
[ 47%] /data/local/tmp/benchmark/models/detection/yolov8n/yolov8n/yolov8n_ncnn.bin: 28%
[ 47%] /data/local/tmp/benchmark/models/detection/yolov8n/yolov8n/yolov8n_ncnn.bin: 29%
[ 47%] /data/local/tmp/benchmark/models/detection/yolov8n/yolov8n/yolov8n_ncnn.bin: 29%
[ 47%] /data/local/tmp/benchmark/models/detection/yolov8n/yolov8n/yolov8n_ncnn.bin: 30%
[ 47%] /data/local/tmp/benchmark/models/detection/yolov8n/yolov8n/yolov8n_ncnn.bin: 30%
[ 47%] /data/local/tmp/benchmark/models/detection/yolov8n/yolov8n/yolov8n_ncnn.bin: 31%
[ 47%] /data/local/tmp/benchmark/models/detection/yolov8n/yolov8n/yolov8n_ncnn.bin: 31%
[ 47%] /data/local/tmp/benchmark/models/detection/yolov8n/yolov8n/yolov8n_ncnn.bin: 32%
[ 47%] /data/local/tmp/benchmark/models/detection/yolov8n/yolov8n/yolov8n_ncnn.bin: 32%
[ 47%] /data/local/tmp/benchmark/models/detection/yolov8n/yolov8n/yolov8n_ncnn.bin: 33%
[ 47%] /data/local/tmp/benchmark/models/detection/yolov8n/yolov8n/yolov8n_ncnn.bin: 33%
[ 47%] /data/local/tmp/benchmark/models/detection/yolov8n/yolov8n/yolov8n_ncnn.bin: 34%
[ 47%] /data/local/tmp/benchmark/models/detection/yolov8n/yolov8n/yolov8n_ncnn.bin: 34%
[ 48%] /data/local/tmp/benchmark/models/detection/yolov8n/yolov8n/yolov8n_ncnn.bin: 35%
[ 48%] /data/local/tmp/benchmark/models/detection/yolov8n/yolov8n/yolov8n_ncnn.bin: 35%
[ 48%] /data/local/tmp/benchmark/models/detection/yolov8n/yolov8n/yolov8n_ncnn.bin: 36%
[ 48%] /data/local/tmp/benchmark/models/detection/yolov8n/yolov8n/yolov8n_ncnn.bin: 36%
[ 48%] /data/local/tmp/benchmark/models/detection/yolov8n/yolov8n/yolov8n_ncnn.bin: 37%
[ 48%] /data/local/tmp/benchmark/models/detection/yolov8n/yolov8n/yolov8n_ncnn.bin: 37%
[ 48%] /data/local/tmp/benchmark/models/detection/yolov8n/yolov8n/yolov8n_ncnn.bin: 38%
[ 48%] /data/local/tmp/benchmark/models/detection/yolov8n/yolov8n/yolov8n_ncnn.bin: 38%
[ 48%] /data/local/tmp/benchmark/models/detection/yolov8n/yolov8n/yolov8n_ncnn.bin: 39%
[ 48%] /data/local/tmp/benchmark/models/detection/yolov8n/yolov8n/yolov8n_ncnn.bin: 40%
[ 48%] /data/local/tmp/benchmark/models/detection/yolov8n/yolov8n/yolov8n_ncnn.bin: 40%
[ 48%] /data/local/tmp/benchmark/models/detection/yolov8n/yolov8n/yolov8n_ncnn.bin: 41%
[ 48%] /data/local/tmp/benchmark/models/detection/yolov8n/yolov8n/yolov8n_ncnn.bin: 41%
[ 48%] /data/local/tmp/benchmark/models/detection/yolov8n/yolov8n/yolov8n_ncnn.bin: 42%
[ 49%] /data/local/tmp/benchmark/models/detection/yolov8n/yolov8n/yolov8n_ncnn.bin: 42%
[ 49%] /data/local/tmp/benchmark/models/detection/yolov8n/yolov8n/yolov8n_ncnn.bin: 43%
[ 49%] /data/local/tmp/benchmark/models/detection/yolov8n/yolov8n/yolov8n_ncnn.bin: 43%
[ 49%] /data/local/tmp/benchmark/models/detection/yolov8n/yolov8n/yolov8n_ncnn.bin: 44%
[ 49%] /data/local/tmp/benchmark/models/detection/yolov8n/yolov8n/yolov8n_ncnn.bin: 44%
[ 49%] /data/local/tmp/benchmark/models/detection/yolov8n/yolov8n/yolov8n_ncnn.bin: 45%
[ 49%] /data/local/tmp/benchmark/models/detection/yolov8n/yolov8n/yolov8n_ncnn.bin: 45%
[ 49%] /data/local/tmp/benchmark/models/detection/yolov8n/yolov8n/yolov8n_ncnn.bin: 46%
[ 49%] /data/local/tmp/benchmark/models/detection/yolov8n/yolov8n/yolov8n_ncnn.bin: 46%
[ 49%] /data/local/tmp/benchmark/models/detection/yolov8n/yolov8n/yolov8n_ncnn.bin: 47%
[ 49%] /data/local/tmp/benchmark/models/detection/yolov8n/yolov8n/yolov8n_ncnn.bin: 47%
[ 49%] /data/local/tmp/benchmark/models/detection/yolov8n/yolov8n/yolov8n_ncnn.bin: 48%
[ 49%] /data/local/tmp/benchmark/models/detection/yolov8n/yolov8n/yolov8n_ncnn.bin: 48%
[ 49%] /data/local/tmp/benchmark/models/detection/yolov8n/yolov8n/yolov8n_ncnn.bin: 49%
[ 50%] /data/local/tmp/benchmark/models/detection/yolov8n/yolov8n/yolov8n_ncnn.bin: 49%
[ 50%] /data/local/tmp/benchmark/models/detection/yolov8n/yolov8n/yolov8n_ncnn.bin: 50%
[ 50%] /data/local/tmp/benchmark/models/detection/yolov8n/yolov8n/yolov8n_ncnn.bin: 50%
[ 50%] /data/local/tmp/benchmark/models/detection/yolov8n/yolov8n/yolov8n_ncnn.bin: 51%
[ 50%] /data/local/tmp/benchmark/models/detection/yolov8n/yolov8n/yolov8n_ncnn.bin: 51%
[ 50%] /data/local/tmp/benchmark/models/detection/yolov8n/yolov8n/yolov8n_ncnn.bin: 52%
[ 50%] /data/local/tmp/benchmark/models/detection/yolov8n/yolov8n/yolov8n_ncnn.bin: 52%
[ 50%] /data/local/tmp/benchmark/models/detection/yolov8n/yolov8n/yolov8n_ncnn.bin: 53%
[ 50%] /data/local/tmp/benchmark/models/detection/yolov8n/yolov8n/yolov8n_ncnn.bin: 53%
[ 50%] /data/local/tmp/benchmark/models/detection/yolov8n/yolov8n/yolov8n_ncnn.bin: 54%
[ 50%] /data/local/tmp/benchmark/models/detection/yolov8n/yolov8n/yolov8n_ncnn.bin: 54%
[ 50%] /data/local/tmp/benchmark/models/detection/yolov8n/yolov8n/yolov8n_ncnn.bin: 55%
[ 50%] /data/local/tmp/benchmark/models/detection/yolov8n/yolov8n/yolov8n_ncnn.bin: 55%
[ 50%] /data/local/tmp/benchmark/models/detection/yolov8n/yolov8n/yolov8n_ncnn.bin: 56%
[ 51%] /data/local/tmp/benchmark/models/detection/yolov8n/yolov8n/yolov8n_ncnn.bin: 56%
[ 51%] /data/local/tmp/benchmark/models/detection/yolov8n/yolov8n/yolov8n_ncnn.bin: 57%
[ 51%] /data/local/tmp/benchmark/models/detection/yolov8n/yolov8n/yolov8n_ncnn.bin: 57%
[ 51%] /data/local/tmp/benchmark/models/detection/yolov8n/yolov8n/yolov8n_ncnn.bin: 58%
[ 51%] /data/local/tmp/benchmark/models/detection/yolov8n/yolov8n/yolov8n_ncnn.bin: 58%
[ 51%] /data/local/tmp/benchmark/models/detection/yolov8n/yolov8n/yolov8n_ncnn.bin: 59%
[ 51%] /data/local/tmp/benchmark/models/detection/yolov8n/yolov8n/yolov8n_ncnn.bin: 60%
[ 51%] /data/local/tmp/benchmark/models/detection/yolov8n/yolov8n/yolov8n_ncnn.bin: 60%
[ 51%] /data/local/tmp/benchmark/models/detection/yolov8n/yolov8n/yolov8n_ncnn.bin: 61%
[ 51%] /data/local/tmp/benchmark/models/detection/yolov8n/yolov8n/yolov8n_ncnn.bin: 61%
[ 51%] /data/local/tmp/benchmark/models/detection/yolov8n/yolov8n/yolov8n_ncnn.bin: 62%
[ 51%] /data/local/tmp/benchmark/models/detection/yolov8n/yolov8n/yolov8n_ncnn.bin: 62%
[ 51%] /data/local/tmp/benchmark/models/detection/yolov8n/yolov8n/yolov8n_ncnn.bin: 63%
[ 52%] /data/local/tmp/benchmark/models/detection/yolov8n/yolov8n/yolov8n_ncnn.bin: 63%
[ 52%] /data/local/tmp/benchmark/models/detection/yolov8n/yolov8n/yolov8n_ncnn.bin: 64%
[ 52%] /data/local/tmp/benchmark/models/detection/yolov8n/yolov8n/yolov8n_ncnn.bin: 64%
[ 52%] /data/local/tmp/benchmark/models/detection/yolov8n/yolov8n/yolov8n_ncnn.bin: 65%
[ 52%] /data/local/tmp/benchmark/models/detection/yolov8n/yolov8n/yolov8n_ncnn.bin: 65%
[ 52%] /data/local/tmp/benchmark/models/detection/yolov8n/yolov8n/yolov8n_ncnn.bin: 66%
[ 52%] /data/local/tmp/benchmark/models/detection/yolov8n/yolov8n/yolov8n_ncnn.bin: 66%
[ 52%] /data/local/tmp/benchmark/models/detection/yolov8n/yolov8n/yolov8n_ncnn.bin: 67%
[ 52%] /data/local/tmp/benchmark/models/detection/yolov8n/yolov8n/yolov8n_ncnn.bin: 67%
[ 52%] /data/local/tmp/benchmark/models/detection/yolov8n/yolov8n/yolov8n_ncnn.bin: 68%
[ 52%] /data/local/tmp/benchmark/models/detection/yolov8n/yolov8n/yolov8n_ncnn.bin: 68%
[ 52%] /data/local/tmp/benchmark/models/detection/yolov8n/yolov8n/yolov8n_ncnn.bin: 69%
[ 52%] /data/local/tmp/benchmark/models/detection/yolov8n/yolov8n/yolov8n_ncnn.bin: 69%
[ 52%] /data/local/tmp/benchmark/models/detection/yolov8n/yolov8n/yolov8n_ncnn.bin: 70%
[ 53%] /data/local/tmp/benchmark/models/detection/yolov8n/yolov8n/yolov8n_ncnn.bin: 70%
[ 53%] /data/local/tmp/benchmark/models/detection/yolov8n/yolov8n/yolov8n_ncnn.bin: 71%
[ 53%] /data/local/tmp/benchmark/models/detection/yolov8n/yolov8n/yolov8n_ncnn.bin: 71%
[ 53%] /data/local/tmp/benchmark/models/detection/yolov8n/yolov8n/yolov8n_ncnn.bin: 72%
[ 53%] /data/local/tmp/benchmark/models/detection/yolov8n/yolov8n/yolov8n_ncnn.bin: 72%
[ 53%] /data/local/tmp/benchmark/models/detection/yolov8n/yolov8n/yolov8n_ncnn.bin: 73%
[ 53%] /data/local/tmp/benchmark/models/detection/yolov8n/yolov8n/yolov8n_ncnn.bin: 73%
[ 53%] /data/local/tmp/benchmark/models/detection/yolov8n/yolov8n/yolov8n_ncnn.bin: 74%
[ 53%] /data/local/tmp/benchmark/models/detection/yolov8n/yolov8n/yolov8n_ncnn.bin: 74%
[ 53%] /data/local/tmp/benchmark/models/detection/yolov8n/yolov8n/yolov8n_ncnn.bin: 75%
[ 53%] /data/local/tmp/benchmark/models/detection/yolov8n/yolov8n/yolov8n_ncnn.bin: 75%
[ 53%] /data/local/tmp/benchmark/models/detection/yolov8n/yolov8n/yolov8n_ncnn.bin: 76%
[ 53%] /data/local/tmp/benchmark/models/detection/yolov8n/yolov8n/yolov8n_ncnn.bin: 76%
[ 53%] /data/local/tmp/benchmark/models/detection/yolov8n/yolov8n/yolov8n_ncnn.bin: 77%
[ 54%] /data/local/tmp/benchmark/models/detection/yolov8n/yolov8n/yolov8n_ncnn.bin: 77%
[ 54%] /data/local/tmp/benchmark/models/detection/yolov8n/yolov8n/yolov8n_ncnn.bin: 78%
[ 54%] /data/local/tmp/benchmark/models/detection/yolov8n/yolov8n/yolov8n_ncnn.bin: 78%
[ 54%] /data/local/tmp/benchmark/models/detection/yolov8n/yolov8n/yolov8n_ncnn.bin: 79%
[ 54%] /data/local/tmp/benchmark/models/detection/yolov8n/yolov8n/yolov8n_ncnn.bin: 80%
[ 54%] /data/local/tmp/benchmark/models/detection/yolov8n/yolov8n/yolov8n_ncnn.bin: 80%
[ 54%] /data/local/tmp/benchmark/models/detection/yolov8n/yolov8n/yolov8n_ncnn.bin: 81%
[ 54%] /data/local/tmp/benchmark/models/detection/yolov8n/yolov8n/yolov8n_ncnn.bin: 81%
[ 54%] /data/local/tmp/benchmark/models/detection/yolov8n/yolov8n/yolov8n_ncnn.bin: 82%
[ 54%] /data/local/tmp/benchmark/models/detection/yolov8n/yolov8n/yolov8n_ncnn.bin: 82%
[ 54%] /data/local/tmp/benchmark/models/detection/yolov8n/yolov8n/yolov8n_ncnn.bin: 83%
[ 54%] /data/local/tmp/benchmark/models/detection/yolov8n/yolov8n/yolov8n_ncnn.bin: 83%
[ 54%] /data/local/tmp/benchmark/models/detection/yolov8n/yolov8n/yolov8n_ncnn.bin: 84%
[ 55%] /data/local/tmp/benchmark/models/detection/yolov8n/yolov8n/yolov8n_ncnn.bin: 84%
[ 55%] /data/local/tmp/benchmark/models/detection/yolov8n/yolov8n/yolov8n_ncnn.bin: 85%
[ 55%] /data/local/tmp/benchmark/models/detection/yolov8n/yolov8n/yolov8n_ncnn.bin: 85%
[ 55%] /data/local/tmp/benchmark/models/detection/yolov8n/yolov8n/yolov8n_ncnn.bin: 86%
[ 55%] /data/local/tmp/benchmark/models/detection/yolov8n/yolov8n/yolov8n_ncnn.bin: 86%
[ 55%] /data/local/tmp/benchmark/models/detection/yolov8n/yolov8n/yolov8n_ncnn.bin: 87%
[ 55%] /data/local/tmp/benchmark/models/detection/yolov8n/yolov8n/yolov8n_ncnn.bin: 87%
[ 55%] /data/local/tmp/benchmark/models/detection/yolov8n/yolov8n/yolov8n_ncnn.bin: 88%
[ 55%] /data/local/tmp/benchmark/models/detection/yolov8n/yolov8n/yolov8n_ncnn.bin: 88%
[ 55%] /data/local/tmp/benchmark/models/detection/yolov8n/yolov8n/yolov8n_ncnn.bin: 89%
[ 55%] /data/local/tmp/benchmark/models/detection/yolov8n/yolov8n/yolov8n_ncnn.bin: 89%
[ 55%] /data/local/tmp/benchmark/models/detection/yolov8n/yolov8n/yolov8n_ncnn.bin: 90%
[ 55%] /data/local/tmp/benchmark/models/detection/yolov8n/yolov8n/yolov8n_ncnn.bin: 90%
[ 55%] /data/local/tmp/benchmark/models/detection/yolov8n/yolov8n/yolov8n_ncnn.bin: 91%
[ 56%] /data/local/tmp/benchmark/models/detection/yolov8n/yolov8n/yolov8n_ncnn.bin: 91%
[ 56%] /data/local/tmp/benchmark/models/detection/yolov8n/yolov8n/yolov8n_ncnn.bin: 92%
[ 56%] /data/local/tmp/benchmark/models/detection/yolov8n/yolov8n/yolov8n_ncnn.bin: 92%
[ 56%] /data/local/tmp/benchmark/models/detection/yolov8n/yolov8n/yolov8n_ncnn.bin: 93%
[ 56%] /data/local/tmp/benchmark/models/detection/yolov8n/yolov8n/yolov8n_ncnn.bin: 93%
[ 56%] /data/local/tmp/benchmark/models/detection/yolov8n/yolov8n/yolov8n_ncnn.bin: 94%
[ 56%] /data/local/tmp/benchmark/models/detection/yolov8n/yolov8n/yolov8n_ncnn.bin: 94%
[ 56%] /data/local/tmp/benchmark/models/detection/yolov8n/yolov8n/yolov8n_ncnn.bin: 95%
[ 56%] /data/local/tmp/benchmark/models/detection/yolov8n/yolov8n/yolov8n_ncnn.bin: 95%
[ 56%] /data/local/tmp/benchmark/models/detection/yolov8n/yolov8n/yolov8n_ncnn.bin: 96%
[ 56%] /data/local/tmp/benchmark/models/detection/yolov8n/yolov8n/yolov8n_ncnn.bin: 96%
[ 56%] /data/local/tmp/benchmark/models/detection/yolov8n/yolov8n/yolov8n_ncnn.bin: 97%
[ 56%] /data/local/tmp/benchmark/models/detection/yolov8n/yolov8n/yolov8n_ncnn.bin: 97%
[ 56%] /data/local/tmp/benchmark/models/detection/yolov8n/yolov8n/yolov8n_ncnn.bin: 98%
[ 57%] /data/local/tmp/benchmark/models/detection/yolov8n/yolov8n/yolov8n_ncnn.bin: 99%
[ 57%] /data/local/tmp/benchmark/models/detection/yolov8n/yolov8n/yolov8n_ncnn.bin: 99%
[ 57%] /data/local/tmp/benchmark/models/detection/yolov8n/yolov8n/yolov8n_ncnn.bin: 100%
[ 57%] /data/local/tmp/benchmark/models/detection/yolov8n/yolov8n/yolov8n_MNN.mnn: 0%
[ 57%] /data/local/tmp/benchmark/models/detection/yolov8n/yolov8n/yolov8n_MNN.mnn: 1%
[ 57%] /data/local/tmp/benchmark/models/detection/yolov8n/yolov8n/yolov8n_MNN.mnn: 1%
[ 57%] /data/local/tmp/benchmark/models/detection/yolov8n/yolov8n/yolov8n_MNN.mnn: 2%
[ 57%] /data/local/tmp/benchmark/models/detection/yolov8n/yolov8n/yolov8n_MNN.mnn: 2%
[ 57%] /data/local/tmp/benchmark/models/detection/yolov8n/yolov8n/yolov8n_MNN.mnn: 3%
[ 57%] /data/local/tmp/benchmark/models/detection/yolov8n/yolov8n/yolov8n_MNN.mnn: 3%
[ 57%] /data/local/tmp/benchmark/models/detection/yolov8n/yolov8n/yolov8n_MNN.mnn: 4%
[ 57%] /data/local/tmp/benchmark/models/detection/yolov8n/yolov8n/yolov8n_MNN.mnn: 4%
[ 57%] /data/local/tmp/benchmark/models/detection/yolov8n/yolov8n/yolov8n_MNN.mnn: 5%
[ 57%] /data/local/tmp/benchmark/models/detection/yolov8n/yolov8n/yolov8n_MNN.mnn: 5%
[ 58%] /data/local/tmp/benchmark/models/detection/yolov8n/yolov8n/yolov8n_MNN.mnn: 6%
[ 58%] /data/local/tmp/benchmark/models/detection/yolov8n/yolov8n/yolov8n_MNN.mnn: 6%
[ 58%] /data/local/tmp/benchmark/models/detection/yolov8n/yolov8n/yolov8n_MNN.mnn: 7%
[ 58%] /data/local/tmp/benchmark/models/detection/yolov8n/yolov8n/yolov8n_MNN.mnn: 7%
[ 58%] /data/local/tmp/benchmark/models/detection/yolov8n/yolov8n/yolov8n_MNN.mnn: 8%
[ 58%] /data/local/tmp/benchmark/models/detection/yolov8n/yolov8n/yolov8n_MNN.mnn: 8%
[ 58%] /data/local/tmp/benchmark/models/detection/yolov8n/yolov8n/yolov8n_MNN.mnn: 9%
[ 58%] /data/local/tmp/benchmark/models/detection/yolov8n/yolov8n/yolov8n_MNN.mnn: 9%
[ 58%] /data/local/tmp/benchmark/models/detection/yolov8n/yolov8n/yolov8n_MNN.mnn: 10%
[ 58%] /data/local/tmp/benchmark/models/detection/yolov8n/yolov8n/yolov8n_MNN.mnn: 10%
[ 58%] /data/local/tmp/benchmark/models/detection/yolov8n/yolov8n/yolov8n_MNN.mnn: 11%
[ 58%] /data/local/tmp/benchmark/models/detection/yolov8n/yolov8n/yolov8n_MNN.mnn: 11%
[ 58%] /data/local/tmp/benchmark/models/detection/yolov8n/yolov8n/yolov8n_MNN.mnn: 12%
[ 59%] /data/local/tmp/benchmark/models/detection/yolov8n/yolov8n/yolov8n_MNN.mnn: 12%
[ 59%] /data/local/tmp/benchmark/models/detection/yolov8n/yolov8n/yolov8n_MNN.mnn: 13%
[ 59%] /data/local/tmp/benchmark/models/detection/yolov8n/yolov8n/yolov8n_MNN.mnn: 13%
[ 59%] /data/local/tmp/benchmark/models/detection/yolov8n/yolov8n/yolov8n_MNN.mnn: 14%
[ 59%] /data/local/tmp/benchmark/models/detection/yolov8n/yolov8n/yolov8n_MNN.mnn: 14%
[ 59%] /data/local/tmp/benchmark/models/detection/yolov8n/yolov8n/yolov8n_MNN.mnn: 15%
[ 59%] /data/local/tmp/benchmark/models/detection/yolov8n/yolov8n/yolov8n_MNN.mnn: 15%
[ 59%] /data/local/tmp/benchmark/models/detection/yolov8n/yolov8n/yolov8n_MNN.mnn: 16%
[ 59%] /data/local/tmp/benchmark/models/detection/yolov8n/yolov8n/yolov8n_MNN.mnn: 16%
[ 59%] /data/local/tmp/benchmark/models/detection/yolov8n/yolov8n/yolov8n_MNN.mnn: 17%
[ 59%] /data/local/tmp/benchmark/models/detection/yolov8n/yolov8n/yolov8n_MNN.mnn: 17%
[ 59%] /data/local/tmp/benchmark/models/detection/yolov8n/yolov8n/yolov8n_MNN.mnn: 18%
[ 59%] /data/local/tmp/benchmark/models/detection/yolov8n/yolov8n/yolov8n_MNN.mnn: 19%
[ 59%] /data/local/tmp/benchmark/models/detection/yolov8n/yolov8n/yolov8n_MNN.mnn: 19%
[ 60%] /data/local/tmp/benchmark/models/detection/yolov8n/yolov8n/yolov8n_MNN.mnn: 20%
[ 60%] /data/local/tmp/benchmark/models/detection/yolov8n/yolov8n/yolov8n_MNN.mnn: 20%
[ 60%] /data/local/tmp/benchmark/models/detection/yolov8n/yolov8n/yolov8n_MNN.mnn: 21%
[ 60%] /data/local/tmp/benchmark/models/detection/yolov8n/yolov8n/yolov8n_MNN.mnn: 21%
[ 60%] /data/local/tmp/benchmark/models/detection/yolov8n/yolov8n/yolov8n_MNN.mnn: 22%
[ 60%] /data/local/tmp/benchmark/models/detection/yolov8n/yolov8n/yolov8n_MNN.mnn: 22%
[ 60%] /data/local/tmp/benchmark/models/detection/yolov8n/yolov8n/yolov8n_MNN.mnn: 23%
[ 60%] /data/local/tmp/benchmark/models/detection/yolov8n/yolov8n/yolov8n_MNN.mnn: 23%
[ 60%] /data/local/tmp/benchmark/models/detection/yolov8n/yolov8n/yolov8n_MNN.mnn: 24%
[ 60%] /data/local/tmp/benchmark/models/detection/yolov8n/yolov8n/yolov8n_MNN.mnn: 24%
[ 60%] /data/local/tmp/benchmark/models/detection/yolov8n/yolov8n/yolov8n_MNN.mnn: 25%
[ 60%] /data/local/tmp/benchmark/models/detection/yolov8n/yolov8n/yolov8n_MNN.mnn: 25%
[ 60%] /data/local/tmp/benchmark/models/detection/yolov8n/yolov8n/yolov8n_MNN.mnn: 26%
[ 60%] /data/local/tmp/benchmark/models/detection/yolov8n/yolov8n/yolov8n_MNN.mnn: 26%
[ 61%] /data/local/tmp/benchmark/models/detection/yolov8n/yolov8n/yolov8n_MNN.mnn: 27%
[ 61%] /data/local/tmp/benchmark/models/detection/yolov8n/yolov8n/yolov8n_MNN.mnn: 27%
[ 61%] /data/local/tmp/benchmark/models/detection/yolov8n/yolov8n/yolov8n_MNN.mnn: 28%
[ 61%] /data/local/tmp/benchmark/models/detection/yolov8n/yolov8n/yolov8n_MNN.mnn: 28%
[ 61%] /data/local/tmp/benchmark/models/detection/yolov8n/yolov8n/yolov8n_MNN.mnn: 29%
[ 61%] /data/local/tmp/benchmark/models/detection/yolov8n/yolov8n/yolov8n_MNN.mnn: 29%
[ 61%] /data/local/tmp/benchmark/models/detection/yolov8n/yolov8n/yolov8n_MNN.mnn: 30%
[ 61%] /data/local/tmp/benchmark/models/detection/yolov8n/yolov8n/yolov8n_MNN.mnn: 30%
[ 61%] /data/local/tmp/benchmark/models/detection/yolov8n/yolov8n/yolov8n_MNN.mnn: 31%
[ 61%] /data/local/tmp/benchmark/models/detection/yolov8n/yolov8n/yolov8n_MNN.mnn: 31%
[ 61%] /data/local/tmp/benchmark/models/detection/yolov8n/yolov8n/yolov8n_MNN.mnn: 32%
[ 61%] /data/local/tmp/benchmark/models/detection/yolov8n/yolov8n/yolov8n_MNN.mnn: 32%
[ 61%] /data/local/tmp/benchmark/models/detection/yolov8n/yolov8n/yolov8n_MNN.mnn: 33%
[ 61%] /data/local/tmp/benchmark/models/detection/yolov8n/yolov8n/yolov8n_MNN.mnn: 33%
[ 62%] /data/local/tmp/benchmark/models/detection/yolov8n/yolov8n/yolov8n_MNN.mnn: 34%
[ 62%] /data/local/tmp/benchmark/models/detection/yolov8n/yolov8n/yolov8n_MNN.mnn: 34%
[ 62%] /data/local/tmp/benchmark/models/detection/yolov8n/yolov8n/yolov8n_MNN.mnn: 35%
[ 62%] /data/local/tmp/benchmark/models/detection/yolov8n/yolov8n/yolov8n_MNN.mnn: 35%
[ 62%] /data/local/tmp/benchmark/models/detection/yolov8n/yolov8n/yolov8n_MNN.mnn: 36%
[ 62%] /data/local/tmp/benchmark/models/detection/yolov8n/yolov8n/yolov8n_MNN.mnn: 37%
[ 62%] /data/local/tmp/benchmark/models/detection/yolov8n/yolov8n/yolov8n_MNN.mnn: 37%
[ 62%] /data/local/tmp/benchmark/models/detection/yolov8n/yolov8n/yolov8n_MNN.mnn: 38%
[ 62%] /data/local/tmp/benchmark/models/detection/yolov8n/yolov8n/yolov8n_MNN.mnn: 38%
[ 62%] /data/local/tmp/benchmark/models/detection/yolov8n/yolov8n/yolov8n_MNN.mnn: 39%
[ 62%] /data/local/tmp/benchmark/models/detection/yolov8n/yolov8n/yolov8n_MNN.mnn: 39%
[ 62%] /data/local/tmp/benchmark/models/detection/yolov8n/yolov8n/yolov8n_MNN.mnn: 40%
[ 62%] /data/local/tmp/benchmark/models/detection/yolov8n/yolov8n/yolov8n_MNN.mnn: 40%
[ 63%] /data/local/tmp/benchmark/models/detection/yolov8n/yolov8n/yolov8n_MNN.mnn: 41%
[ 63%] /data/local/tmp/benchmark/models/detection/yolov8n/yolov8n/yolov8n_MNN.mnn: 41%
[ 63%] /data/local/tmp/benchmark/models/detection/yolov8n/yolov8n/yolov8n_MNN.mnn: 42%
[ 63%] /data/local/tmp/benchmark/models/detection/yolov8n/yolov8n/yolov8n_MNN.mnn: 42%
[ 63%] /data/local/tmp/benchmark/models/detection/yolov8n/yolov8n/yolov8n_MNN.mnn: 43%
[ 63%] /data/local/tmp/benchmark/models/detection/yolov8n/yolov8n/yolov8n_MNN.mnn: 43%
[ 63%] /data/local/tmp/benchmark/models/detection/yolov8n/yolov8n/yolov8n_MNN.mnn: 44%
[ 63%] /data/local/tmp/benchmark/models/detection/yolov8n/yolov8n/yolov8n_MNN.mnn: 44%
[ 63%] /data/local/tmp/benchmark/models/detection/yolov8n/yolov8n/yolov8n_MNN.mnn: 45%
[ 63%] /data/local/tmp/benchmark/models/detection/yolov8n/yolov8n/yolov8n_MNN.mnn: 45%
[ 63%] /data/local/tmp/benchmark/models/detection/yolov8n/yolov8n/yolov8n_MNN.mnn: 46%
[ 63%] /data/local/tmp/benchmark/models/detection/yolov8n/yolov8n/yolov8n_MNN.mnn: 46%
[ 63%] /data/local/tmp/benchmark/models/detection/yolov8n/yolov8n/yolov8n_MNN.mnn: 47%
[ 63%] /data/local/tmp/benchmark/models/detection/yolov8n/yolov8n/yolov8n_MNN.mnn: 47%
[ 64%] /data/local/tmp/benchmark/models/detection/yolov8n/yolov8n/yolov8n_MNN.mnn: 48%
[ 64%] /data/local/tmp/benchmark/models/detection/yolov8n/yolov8n/yolov8n_MNN.mnn: 48%
[ 64%] /data/local/tmp/benchmark/models/detection/yolov8n/yolov8n/yolov8n_MNN.mnn: 49%
[ 64%] /data/local/tmp/benchmark/models/detection/yolov8n/yolov8n/yolov8n_MNN.mnn: 49%
[ 64%] /data/local/tmp/benchmark/models/detection/yolov8n/yolov8n/yolov8n_MNN.mnn: 50%
[ 64%] /data/local/tmp/benchmark/models/detection/yolov8n/yolov8n/yolov8n_MNN.mnn: 50%
[ 64%] /data/local/tmp/benchmark/models/detection/yolov8n/yolov8n/yolov8n_MNN.mnn: 51%
[ 64%] /data/local/tmp/benchmark/models/detection/yolov8n/yolov8n/yolov8n_MNN.mnn: 51%
[ 64%] /data/local/tmp/benchmark/models/detection/yolov8n/yolov8n/yolov8n_MNN.mnn: 52%
[ 64%] /data/local/tmp/benchmark/models/detection/yolov8n/yolov8n/yolov8n_MNN.mnn: 52%
[ 64%] /data/local/tmp/benchmark/models/detection/yolov8n/yolov8n/yolov8n_MNN.mnn: 53%
[ 64%] /data/local/tmp/benchmark/models/detection/yolov8n/yolov8n/yolov8n_MNN.mnn: 53%
[ 64%] /data/local/tmp/benchmark/models/detection/yolov8n/yolov8n/yolov8n_MNN.mnn: 54%
[ 64%] /data/local/tmp/benchmark/models/detection/yolov8n/yolov8n/yolov8n_MNN.mnn: 55%
[ 65%] /data/local/tmp/benchmark/models/detection/yolov8n/yolov8n/yolov8n_MNN.mnn: 55%
[ 65%] /data/local/tmp/benchmark/models/detection/yolov8n/yolov8n/yolov8n_MNN.mnn: 56%
[ 65%] /data/local/tmp/benchmark/models/detection/yolov8n/yolov8n/yolov8n_MNN.mnn: 56%
[ 65%] /data/local/tmp/benchmark/models/detection/yolov8n/yolov8n/yolov8n_MNN.mnn: 57%
[ 65%] /data/local/tmp/benchmark/models/detection/yolov8n/yolov8n/yolov8n_MNN.mnn: 57%
[ 65%] /data/local/tmp/benchmark/models/detection/yolov8n/yolov8n/yolov8n_MNN.mnn: 58%
[ 65%] /data/local/tmp/benchmark/models/detection/yolov8n/yolov8n/yolov8n_MNN.mnn: 58%
[ 65%] /data/local/tmp/benchmark/models/detection/yolov8n/yolov8n/yolov8n_MNN.mnn: 59%
[ 65%] /data/local/tmp/benchmark/models/detection/yolov8n/yolov8n/yolov8n_MNN.mnn: 59%
[ 65%] /data/local/tmp/benchmark/models/detection/yolov8n/yolov8n/yolov8n_MNN.mnn: 60%
[ 65%] /data/local/tmp/benchmark/models/detection/yolov8n/yolov8n/yolov8n_MNN.mnn: 60%
[ 65%] /data/local/tmp/benchmark/models/detection/yolov8n/yolov8n/yolov8n_MNN.mnn: 61%
[ 65%] /data/local/tmp/benchmark/models/detection/yolov8n/yolov8n/yolov8n_MNN.mnn: 61%
[ 66%] /data/local/tmp/benchmark/models/detection/yolov8n/yolov8n/yolov8n_MNN.mnn: 62%
[ 66%] /data/local/tmp/benchmark/models/detection/yolov8n/yolov8n/yolov8n_MNN.mnn: 62%
[ 66%] /data/local/tmp/benchmark/models/detection/yolov8n/yolov8n/yolov8n_MNN.mnn: 63%
[ 66%] /data/local/tmp/benchmark/models/detection/yolov8n/yolov8n/yolov8n_MNN.mnn: 63%
[ 66%] /data/local/tmp/benchmark/models/detection/yolov8n/yolov8n/yolov8n_MNN.mnn: 64%
[ 66%] /data/local/tmp/benchmark/models/detection/yolov8n/yolov8n/yolov8n_MNN.mnn: 64%
[ 66%] /data/local/tmp/benchmark/models/detection/yolov8n/yolov8n/yolov8n_MNN.mnn: 65%
[ 66%] /data/local/tmp/benchmark/models/detection/yolov8n/yolov8n/yolov8n_MNN.mnn: 65%
[ 66%] /data/local/tmp/benchmark/models/detection/yolov8n/yolov8n/yolov8n_MNN.mnn: 66%
[ 66%] /data/local/tmp/benchmark/models/detection/yolov8n/yolov8n/yolov8n_MNN.mnn: 66%
[ 66%] /data/local/tmp/benchmark/models/detection/yolov8n/yolov8n/yolov8n_MNN.mnn: 67%
[ 66%] /data/local/tmp/benchmark/models/detection/yolov8n/yolov8n/yolov8n_MNN.mnn: 67%
[ 66%] /data/local/tmp/benchmark/models/detection/yolov8n/yolov8n/yolov8n_MNN.mnn: 68%
[ 66%] /data/local/tmp/benchmark/models/detection/yolov8n/yolov8n/yolov8n_MNN.mnn: 68%
[ 67%] /data/local/tmp/benchmark/models/detection/yolov8n/yolov8n/yolov8n_MNN.mnn: 69%
[ 67%] /data/local/tmp/benchmark/models/detection/yolov8n/yolov8n/yolov8n_MNN.mnn: 69%
[ 67%] /data/local/tmp/benchmark/models/detection/yolov8n/yolov8n/yolov8n_MNN.mnn: 70%
[ 67%] /data/local/tmp/benchmark/models/detection/yolov8n/yolov8n/yolov8n_MNN.mnn: 70%
[ 67%] /data/local/tmp/benchmark/models/detection/yolov8n/yolov8n/yolov8n_MNN.mnn: 71%
[ 67%] /data/local/tmp/benchmark/models/detection/yolov8n/yolov8n/yolov8n_MNN.mnn: 71%
[ 67%] /data/local/tmp/benchmark/models/detection/yolov8n/yolov8n/yolov8n_MNN.mnn: 72%
[ 67%] /data/local/tmp/benchmark/models/detection/yolov8n/yolov8n/yolov8n_MNN.mnn: 73%
[ 67%] /data/local/tmp/benchmark/models/detection/yolov8n/yolov8n/yolov8n_MNN.mnn: 73%
[ 67%] /data/local/tmp/benchmark/models/detection/yolov8n/yolov8n/yolov8n_MNN.mnn: 74%
[ 67%] /data/local/tmp/benchmark/models/detection/yolov8n/yolov8n/yolov8n_MNN.mnn: 74%
[ 67%] /data/local/tmp/benchmark/models/detection/yolov8n/yolov8n/yolov8n_MNN.mnn: 75%
[ 67%] /data/local/tmp/benchmark/models/detection/yolov8n/yolov8n/yolov8n_MNN.mnn: 75%
[ 67%] /data/local/tmp/benchmark/models/detection/yolov8n/yolov8n/yolov8n_MNN.mnn: 76%
[ 68%] /data/local/tmp/benchmark/models/detection/yolov8n/yolov8n/yolov8n_MNN.mnn: 76%
[ 68%] /data/local/tmp/benchmark/models/detection/yolov8n/yolov8n/yolov8n_MNN.mnn: 77%
[ 68%] /data/local/tmp/benchmark/models/detection/yolov8n/yolov8n/yolov8n_MNN.mnn: 77%
[ 68%] /data/local/tmp/benchmark/models/detection/yolov8n/yolov8n/yolov8n_MNN.mnn: 78%
[ 68%] /data/local/tmp/benchmark/models/detection/yolov8n/yolov8n/yolov8n_MNN.mnn: 78%
[ 68%] /data/local/tmp/benchmark/models/detection/yolov8n/yolov8n/yolov8n_MNN.mnn: 79%
[ 68%] /data/local/tmp/benchmark/models/detection/yolov8n/yolov8n/yolov8n_MNN.mnn: 79%
[ 68%] /data/local/tmp/benchmark/models/detection/yolov8n/yolov8n/yolov8n_MNN.mnn: 80%
[ 68%] /data/local/tmp/benchmark/models/detection/yolov8n/yolov8n/yolov8n_MNN.mnn: 80%
[ 68%] /data/local/tmp/benchmark/models/detection/yolov8n/yolov8n/yolov8n_MNN.mnn: 81%
[ 68%] /data/local/tmp/benchmark/models/detection/yolov8n/yolov8n/yolov8n_MNN.mnn: 81%
[ 68%] /data/local/tmp/benchmark/models/detection/yolov8n/yolov8n/yolov8n_MNN.mnn: 82%
[ 68%] /data/local/tmp/benchmark/models/detection/yolov8n/yolov8n/yolov8n_MNN.mnn: 82%
[ 68%] /data/local/tmp/benchmark/models/detection/yolov8n/yolov8n/yolov8n_MNN.mnn: 83%
[ 69%] /data/local/tmp/benchmark/models/detection/yolov8n/yolov8n/yolov8n_MNN.mnn: 83%
[ 69%] /data/local/tmp/benchmark/models/detection/yolov8n/yolov8n/yolov8n_MNN.mnn: 84%
[ 69%] /data/local/tmp/benchmark/models/detection/yolov8n/yolov8n/yolov8n_MNN.mnn: 84%
[ 69%] /data/local/tmp/benchmark/models/detection/yolov8n/yolov8n/yolov8n_MNN.mnn: 85%
[ 69%] /data/local/tmp/benchmark/models/detection/yolov8n/yolov8n/yolov8n_MNN.mnn: 85%
[ 69%] /data/local/tmp/benchmark/models/detection/yolov8n/yolov8n/yolov8n_MNN.mnn: 86%
[ 69%] /data/local/tmp/benchmark/models/detection/yolov8n/yolov8n/yolov8n_MNN.mnn: 86%
[ 69%] /data/local/tmp/benchmark/models/detection/yolov8n/yolov8n/yolov8n_MNN.mnn: 87%
[ 69%] /data/local/tmp/benchmark/models/detection/yolov8n/yolov8n/yolov8n_MNN.mnn: 87%
[ 69%] /data/local/tmp/benchmark/models/detection/yolov8n/yolov8n/yolov8n_MNN.mnn: 88%
[ 69%] /data/local/tmp/benchmark/models/detection/yolov8n/yolov8n/yolov8n_MNN.mnn: 88%
[ 69%] /data/local/tmp/benchmark/models/detection/yolov8n/yolov8n/yolov8n_MNN.mnn: 89%
[ 69%] /data/local/tmp/benchmark/models/detection/yolov8n/yolov8n/yolov8n_MNN.mnn: 89%
[ 70%] /data/local/tmp/benchmark/models/detection/yolov8n/yolov8n/yolov8n_MNN.mnn: 90%
[ 70%] /data/local/tmp/benchmark/models/detection/yolov8n/yolov8n/yolov8n_MNN.mnn: 91%
[ 70%] /data/local/tmp/benchmark/models/detection/yolov8n/yolov8n/yolov8n_MNN.mnn: 91%
[ 70%] /data/local/tmp/benchmark/models/detection/yolov8n/yolov8n/yolov8n_MNN.mnn: 92%
[ 70%] /data/local/tmp/benchmark/models/detection/yolov8n/yolov8n/yolov8n_MNN.mnn: 92%
[ 70%] /data/local/tmp/benchmark/models/detection/yolov8n/yolov8n/yolov8n_MNN.mnn: 93%
[ 70%] /data/local/tmp/benchmark/models/detection/yolov8n/yolov8n/yolov8n_MNN.mnn: 93%
[ 70%] /data/local/tmp/benchmark/models/detection/yolov8n/yolov8n/yolov8n_MNN.mnn: 94%
[ 70%] /data/local/tmp/benchmark/models/detection/yolov8n/yolov8n/yolov8n_MNN.mnn: 94%
[ 70%] /data/local/tmp/benchmark/models/detection/yolov8n/yolov8n/yolov8n_MNN.mnn: 95%
[ 70%] /data/local/tmp/benchmark/models/detection/yolov8n/yolov8n/yolov8n_MNN.mnn: 95%
[ 70%] /data/local/tmp/benchmark/models/detection/yolov8n/yolov8n/yolov8n_MNN.mnn: 96%
[ 70%] /data/local/tmp/benchmark/models/detection/yolov8n/yolov8n/yolov8n_MNN.mnn: 96%
[ 70%] /data/local/tmp/benchmark/models/detection/yolov8n/yolov8n/yolov8n_MNN.mnn: 97%
[ 71%] /data/local/tmp/benchmark/models/detection/yolov8n/yolov8n/yolov8n_MNN.mnn: 97%
[ 71%] /data/local/tmp/benchmark/models/detection/yolov8n/yolov8n/yolov8n_MNN.mnn: 98%
[ 71%] /data/local/tmp/benchmark/models/detection/yolov8n/yolov8n/yolov8n_MNN.mnn: 98%
[ 71%] /data/local/tmp/benchmark/models/detection/yolov8n/yolov8n/yolov8n_MNN.mnn: 99%
[ 71%] /data/local/tmp/benchmark/models/detection/yolov8n/yolov8n/yolov8n_MNN.mnn: 99%
[ 71%] /data/local/tmp/benchmark/models/detection/yolov8n/yolov8n/yolov8n_MNN.mnn: 100%
[ 71%] /data/local/tmp/benchmark/models/detection/yolov8n/yolov8n/yolov8n.ort: 0%
[ 71%] /data/local/tmp/benchmark/models/detection/yolov8n/yolov8n/yolov8n.ort: 1%
[ 71%] /data/local/tmp/benchmark/models/detection/yolov8n/yolov8n/yolov8n.ort: 1%
[ 71%] /data/local/tmp/benchmark/models/detection/yolov8n/yolov8n/yolov8n.ort: 2%
[ 71%] /data/local/tmp/benchmark/models/detection/yolov8n/yolov8n/yolov8n.ort: 2%
[ 71%] /data/local/tmp/benchmark/models/detection/yolov8n/yolov8n/yolov8n.ort: 3%
[ 71%] /data/local/tmp/benchmark/models/detection/yolov8n/yolov8n/yolov8n.ort: 3%
[ 71%] /data/local/tmp/benchmark/models/detection/yolov8n/yolov8n/yolov8n.ort: 4%
[ 72%] /data/local/tmp/benchmark/models/detection/yolov8n/yolov8n/yolov8n.ort: 4%
[ 72%] /data/local/tmp/benchmark/models/detection/yolov8n/yolov8n/yolov8n.ort: 5%
[ 72%] /data/local/tmp/benchmark/models/detection/yolov8n/yolov8n/yolov8n.ort: 5%
[ 72%] /data/local/tmp/benchmark/models/detection/yolov8n/yolov8n/yolov8n.ort: 6%
[ 72%] /data/local/tmp/benchmark/models/detection/yolov8n/yolov8n/yolov8n.ort: 6%
[ 72%] /data/local/tmp/benchmark/models/detection/yolov8n/yolov8n/yolov8n.ort: 7%
[ 72%] /data/local/tmp/benchmark/models/detection/yolov8n/yolov8n/yolov8n.ort: 7%
[ 72%] /data/local/tmp/benchmark/models/detection/yolov8n/yolov8n/yolov8n.ort: 8%
[ 72%] /data/local/tmp/benchmark/models/detection/yolov8n/yolov8n/yolov8n.ort: 8%
[ 72%] /data/local/tmp/benchmark/models/detection/yolov8n/yolov8n/yolov8n.ort: 9%
[ 72%] /data/local/tmp/benchmark/models/detection/yolov8n/yolov8n/yolov8n.ort: 9%
[ 72%] /data/local/tmp/benchmark/models/detection/yolov8n/yolov8n/yolov8n.ort: 10%
[ 72%] /data/local/tmp/benchmark/models/detection/yolov8n/yolov8n/yolov8n.ort: 10%
[ 72%] /data/local/tmp/benchmark/models/detection/yolov8n/yolov8n/yolov8n.ort: 11%
[ 73%] /data/local/tmp/benchmark/models/detection/yolov8n/yolov8n/yolov8n.ort: 11%
[ 73%] /data/local/tmp/benchmark/models/detection/yolov8n/yolov8n/yolov8n.ort: 12%
[ 73%] /data/local/tmp/benchmark/models/detection/yolov8n/yolov8n/yolov8n.ort: 12%
[ 73%] /data/local/tmp/benchmark/models/detection/yolov8n/yolov8n/yolov8n.ort: 13%
[ 73%] /data/local/tmp/benchmark/models/detection/yolov8n/yolov8n/yolov8n.ort: 13%
[ 73%] /data/local/tmp/benchmark/models/detection/yolov8n/yolov8n/yolov8n.ort: 14%
[ 73%] /data/local/tmp/benchmark/models/detection/yolov8n/yolov8n/yolov8n.ort: 14%
[ 73%] /data/local/tmp/benchmark/models/detection/yolov8n/yolov8n/yolov8n.ort: 15%
[ 73%] /data/local/tmp/benchmark/models/detection/yolov8n/yolov8n/yolov8n.ort: 15%
[ 73%] /data/local/tmp/benchmark/models/detection/yolov8n/yolov8n/yolov8n.ort: 16%
[ 73%] /data/local/tmp/benchmark/models/detection/yolov8n/yolov8n/yolov8n.ort: 16%
[ 73%] /data/local/tmp/benchmark/models/detection/yolov8n/yolov8n/yolov8n.ort: 17%
[ 73%] /data/local/tmp/benchmark/models/detection/yolov8n/yolov8n/yolov8n.ort: 17%
[ 73%] /data/local/tmp/benchmark/models/detection/yolov8n/yolov8n/yolov8n.ort: 18%
[ 74%] /data/local/tmp/benchmark/models/detection/yolov8n/yolov8n/yolov8n.ort: 18%
[ 74%] /data/local/tmp/benchmark/models/detection/yolov8n/yolov8n/yolov8n.ort: 19%
[ 74%] /data/local/tmp/benchmark/models/detection/yolov8n/yolov8n/yolov8n.ort: 19%
[ 74%] /data/local/tmp/benchmark/models/detection/yolov8n/yolov8n/yolov8n.ort: 20%
[ 74%] /data/local/tmp/benchmark/models/detection/yolov8n/yolov8n/yolov8n.ort: 20%
[ 74%] /data/local/tmp/benchmark/models/detection/yolov8n/yolov8n/yolov8n.ort: 21%
[ 74%] /data/local/tmp/benchmark/models/detection/yolov8n/yolov8n/yolov8n.ort: 21%
[ 74%] /data/local/tmp/benchmark/models/detection/yolov8n/yolov8n/yolov8n.ort: 22%
[ 74%] /data/local/tmp/benchmark/models/detection/yolov8n/yolov8n/yolov8n.ort: 22%
[ 74%] /data/local/tmp/benchmark/models/detection/yolov8n/yolov8n/yolov8n.ort: 23%
[ 74%] /data/local/tmp/benchmark/models/detection/yolov8n/yolov8n/yolov8n.ort: 23%
[ 74%] /data/local/tmp/benchmark/models/detection/yolov8n/yolov8n/yolov8n.ort: 24%
[ 74%] /data/local/tmp/benchmark/models/detection/yolov8n/yolov8n/yolov8n.ort: 24%
[ 75%] /data/local/tmp/benchmark/models/detection/yolov8n/yolov8n/yolov8n.ort: 25%
[ 75%] /data/local/tmp/benchmark/models/detection/yolov8n/yolov8n/yolov8n.ort: 25%
[ 75%] /data/local/tmp/benchmark/models/detection/yolov8n/yolov8n/yolov8n.ort: 26%
[ 75%] /data/local/tmp/benchmark/models/detection/yolov8n/yolov8n/yolov8n.ort: 26%
[ 75%] /data/local/tmp/benchmark/models/detection/yolov8n/yolov8n/yolov8n.ort: 27%
[ 75%] /data/local/tmp/benchmark/models/detection/yolov8n/yolov8n/yolov8n.ort: 27%
[ 75%] /data/local/tmp/benchmark/models/detection/yolov8n/yolov8n/yolov8n.ort: 28%
[ 75%] /data/local/tmp/benchmark/models/detection/yolov8n/yolov8n/yolov8n.ort: 28%
[ 75%] /data/local/tmp/benchmark/models/detection/yolov8n/yolov8n/yolov8n.ort: 29%
[ 75%] /data/local/tmp/benchmark/models/detection/yolov8n/yolov8n/yolov8n.ort: 29%
[ 75%] /data/local/tmp/benchmark/models/detection/yolov8n/yolov8n/yolov8n.ort: 30%
[ 75%] /data/local/tmp/benchmark/models/detection/yolov8n/yolov8n/yolov8n.ort: 30%
[ 75%] /data/local/tmp/benchmark/models/detection/yolov8n/yolov8n/yolov8n.ort: 31%
[ 75%] /data/local/tmp/benchmark/models/detection/yolov8n/yolov8n/yolov8n.ort: 31%
[ 76%] /data/local/tmp/benchmark/models/detection/yolov8n/yolov8n/yolov8n.ort: 32%
[ 76%] /data/local/tmp/benchmark/models/detection/yolov8n/yolov8n/yolov8n.ort: 32%
[ 76%] /data/local/tmp/benchmark/models/detection/yolov8n/yolov8n/yolov8n.ort: 33%
[ 76%] /data/local/tmp/benchmark/models/detection/yolov8n/yolov8n/yolov8n.ort: 33%
[ 76%] /data/local/tmp/benchmark/models/detection/yolov8n/yolov8n/yolov8n.ort: 34%
[ 76%] /data/local/tmp/benchmark/models/detection/yolov8n/yolov8n/yolov8n.ort: 34%
[ 76%] /data/local/tmp/benchmark/models/detection/yolov8n/yolov8n/yolov8n.ort: 35%
[ 76%] /data/local/tmp/benchmark/models/detection/yolov8n/yolov8n/yolov8n.ort: 36%
[ 76%] /data/local/tmp/benchmark/models/detection/yolov8n/yolov8n/yolov8n.ort: 36%
[ 76%] /data/local/tmp/benchmark/models/detection/yolov8n/yolov8n/yolov8n.ort: 37%
[ 76%] /data/local/tmp/benchmark/models/detection/yolov8n/yolov8n/yolov8n.ort: 37%
[ 76%] /data/local/tmp/benchmark/models/detection/yolov8n/yolov8n/yolov8n.ort: 38%
[ 76%] /data/local/tmp/benchmark/models/detection/yolov8n/yolov8n/yolov8n.ort: 38%
[ 76%] /data/local/tmp/benchmark/models/detection/yolov8n/yolov8n/yolov8n.ort: 39%
[ 77%] /data/local/tmp/benchmark/models/detection/yolov8n/yolov8n/yolov8n.ort: 39%
[ 77%] /data/local/tmp/benchmark/models/detection/yolov8n/yolov8n/yolov8n.ort: 40%
[ 77%] /data/local/tmp/benchmark/models/detection/yolov8n/yolov8n/yolov8n.ort: 40%
[ 77%] /data/local/tmp/benchmark/models/detection/yolov8n/yolov8n/yolov8n.ort: 41%
[ 77%] /data/local/tmp/benchmark/models/detection/yolov8n/yolov8n/yolov8n.ort: 41%
[ 77%] /data/local/tmp/benchmark/models/detection/yolov8n/yolov8n/yolov8n.ort: 42%
[ 77%] /data/local/tmp/benchmark/models/detection/yolov8n/yolov8n/yolov8n.ort: 42%
[ 77%] /data/local/tmp/benchmark/models/detection/yolov8n/yolov8n/yolov8n.ort: 43%
[ 77%] /data/local/tmp/benchmark/models/detection/yolov8n/yolov8n/yolov8n.ort: 43%
[ 77%] /data/local/tmp/benchmark/models/detection/yolov8n/yolov8n/yolov8n.ort: 44%
[ 77%] /data/local/tmp/benchmark/models/detection/yolov8n/yolov8n/yolov8n.ort: 44%
[ 77%] /data/local/tmp/benchmark/models/detection/yolov8n/yolov8n/yolov8n.ort: 45%
[ 77%] /data/local/tmp/benchmark/models/detection/yolov8n/yolov8n/yolov8n.ort: 45%
[ 77%] /data/local/tmp/benchmark/models/detection/yolov8n/yolov8n/yolov8n.ort: 46%
[ 78%] /data/local/tmp/benchmark/models/detection/yolov8n/yolov8n/yolov8n.ort: 46%
[ 78%] /data/local/tmp/benchmark/models/detection/yolov8n/yolov8n/yolov8n.ort: 47%
[ 78%] /data/local/tmp/benchmark/models/detection/yolov8n/yolov8n/yolov8n.ort: 47%
[ 78%] /data/local/tmp/benchmark/models/detection/yolov8n/yolov8n/yolov8n.ort: 48%
[ 78%] /data/local/tmp/benchmark/models/detection/yolov8n/yolov8n/yolov8n.ort: 48%
[ 78%] /data/local/tmp/benchmark/models/detection/yolov8n/yolov8n/yolov8n.ort: 49%
[ 78%] /data/local/tmp/benchmark/models/detection/yolov8n/yolov8n/yolov8n.ort: 49%
[ 78%] /data/local/tmp/benchmark/models/detection/yolov8n/yolov8n/yolov8n.ort: 50%
[ 78%] /data/local/tmp/benchmark/models/detection/yolov8n/yolov8n/yolov8n.ort: 50%
[ 78%] /data/local/tmp/benchmark/models/detection/yolov8n/yolov8n/yolov8n.ort: 51%
[ 78%] /data/local/tmp/benchmark/models/detection/yolov8n/yolov8n/yolov8n.ort: 51%
[ 78%] /data/local/tmp/benchmark/models/detection/yolov8n/yolov8n/yolov8n.ort: 52%
[ 78%] /data/local/tmp/benchmark/models/detection/yolov8n/yolov8n/yolov8n.ort: 52%
[ 79%] /data/local/tmp/benchmark/models/detection/yolov8n/yolov8n/yolov8n.ort: 53%
[ 79%] /data/local/tmp/benchmark/models/detection/yolov8n/yolov8n/yolov8n.ort: 53%
[ 79%] /data/local/tmp/benchmark/models/detection/yolov8n/yolov8n/yolov8n.ort: 54%
[ 79%] /data/local/tmp/benchmark/models/detection/yolov8n/yolov8n/yolov8n.ort: 54%
[ 79%] /data/local/tmp/benchmark/models/detection/yolov8n/yolov8n/yolov8n.ort: 55%
[ 79%] /data/local/tmp/benchmark/models/detection/yolov8n/yolov8n/yolov8n.ort: 55%
[ 79%] /data/local/tmp/benchmark/models/detection/yolov8n/yolov8n/yolov8n.ort: 56%
[ 79%] /data/local/tmp/benchmark/models/detection/yolov8n/yolov8n/yolov8n.ort: 56%
[ 79%] /data/local/tmp/benchmark/models/detection/yolov8n/yolov8n/yolov8n.ort: 57%
[ 79%] /data/local/tmp/benchmark/models/detection/yolov8n/yolov8n/yolov8n.ort: 57%
[ 79%] /data/local/tmp/benchmark/models/detection/yolov8n/yolov8n/yolov8n.ort: 58%
[ 79%] /data/local/tmp/benchmark/models/detection/yolov8n/yolov8n/yolov8n.ort: 58%
[ 79%] /data/local/tmp/benchmark/models/detection/yolov8n/yolov8n/yolov8n.ort: 59%
[ 79%] /data/local/tmp/benchmark/models/detection/yolov8n/yolov8n/yolov8n.ort: 59%
[ 80%] /data/local/tmp/benchmark/models/detection/yolov8n/yolov8n/yolov8n.ort: 60%
[ 80%] /data/local/tmp/benchmark/models/detection/yolov8n/yolov8n/yolov8n.ort: 60%
[ 80%] /data/local/tmp/benchmark/models/detection/yolov8n/yolov8n/yolov8n.ort: 61%
[ 80%] /data/local/tmp/benchmark/models/detection/yolov8n/yolov8n/yolov8n.ort: 61%
[ 80%] /data/local/tmp/benchmark/models/detection/yolov8n/yolov8n/yolov8n.ort: 62%
[ 80%] /data/local/tmp/benchmark/models/detection/yolov8n/yolov8n/yolov8n.ort: 62%
[ 80%] /data/local/tmp/benchmark/models/detection/yolov8n/yolov8n/yolov8n.ort: 63%
[ 80%] /data/local/tmp/benchmark/models/detection/yolov8n/yolov8n/yolov8n.ort: 63%
[ 80%] /data/local/tmp/benchmark/models/detection/yolov8n/yolov8n/yolov8n.ort: 64%
[ 80%] /data/local/tmp/benchmark/models/detection/yolov8n/yolov8n/yolov8n.ort: 64%
[ 80%] /data/local/tmp/benchmark/models/detection/yolov8n/yolov8n/yolov8n.ort: 65%
[ 80%] /data/local/tmp/benchmark/models/detection/yolov8n/yolov8n/yolov8n.ort: 65%
[ 80%] /data/local/tmp/benchmark/models/detection/yolov8n/yolov8n/yolov8n.ort: 66%
[ 80%] /data/local/tmp/benchmark/models/detection/yolov8n/yolov8n/yolov8n.ort: 66%
[ 81%] /data/local/tmp/benchmark/models/detection/yolov8n/yolov8n/yolov8n.ort: 67%
[ 81%] /data/local/tmp/benchmark/models/detection/yolov8n/yolov8n/yolov8n.ort: 67%
[ 81%] /data/local/tmp/benchmark/models/detection/yolov8n/yolov8n/yolov8n.ort: 68%
[ 81%] /data/local/tmp/benchmark/models/detection/yolov8n/yolov8n/yolov8n.ort: 68%
[ 81%] /data/local/tmp/benchmark/models/detection/yolov8n/yolov8n/yolov8n.ort: 69%
[ 81%] /data/local/tmp/benchmark/models/detection/yolov8n/yolov8n/yolov8n.ort: 69%
[ 81%] /data/local/tmp/benchmark/models/detection/yolov8n/yolov8n/yolov8n.ort: 70%
[ 81%] /data/local/tmp/benchmark/models/detection/yolov8n/yolov8n/yolov8n.ort: 70%
[ 81%] /data/local/tmp/benchmark/models/detection/yolov8n/yolov8n/yolov8n.ort: 71%
[ 81%] /data/local/tmp/benchmark/models/detection/yolov8n/yolov8n/yolov8n.ort: 72%
[ 81%] /data/local/tmp/benchmark/models/detection/yolov8n/yolov8n/yolov8n.ort: 72%
[ 81%] /data/local/tmp/benchmark/models/detection/yolov8n/yolov8n/yolov8n.ort: 73%
[ 81%] /data/local/tmp/benchmark/models/detection/yolov8n/yolov8n/yolov8n.ort: 73%
[ 82%] /data/local/tmp/benchmark/models/detection/yolov8n/yolov8n/yolov8n.ort: 74%
[ 82%] /data/local/tmp/benchmark/models/detection/yolov8n/yolov8n/yolov8n.ort: 74%
[ 82%] /data/local/tmp/benchmark/models/detection/yolov8n/yolov8n/yolov8n.ort: 75%
[ 82%] /data/local/tmp/benchmark/models/detection/yolov8n/yolov8n/yolov8n.ort: 75%
[ 82%] /data/local/tmp/benchmark/models/detection/yolov8n/yolov8n/yolov8n.ort: 76%
[ 82%] /data/local/tmp/benchmark/models/detection/yolov8n/yolov8n/yolov8n.ort: 76%
[ 82%] /data/local/tmp/benchmark/models/detection/yolov8n/yolov8n/yolov8n.ort: 77%
[ 82%] /data/local/tmp/benchmark/models/detection/yolov8n/yolov8n/yolov8n.ort: 77%
[ 82%] /data/local/tmp/benchmark/models/detection/yolov8n/yolov8n/yolov8n.ort: 78%
[ 82%] /data/local/tmp/benchmark/models/detection/yolov8n/yolov8n/yolov8n.ort: 78%
[ 82%] /data/local/tmp/benchmark/models/detection/yolov8n/yolov8n/yolov8n.ort: 79%
[ 82%] /data/local/tmp/benchmark/models/detection/yolov8n/yolov8n/yolov8n.ort: 79%
[ 82%] /data/local/tmp/benchmark/models/detection/yolov8n/yolov8n/yolov8n.ort: 80%
[ 82%] /data/local/tmp/benchmark/models/detection/yolov8n/yolov8n/yolov8n.ort: 80%
[ 83%] /data/local/tmp/benchmark/models/detection/yolov8n/yolov8n/yolov8n.ort: 81%
[ 83%] /data/local/tmp/benchmark/models/detection/yolov8n/yolov8n/yolov8n.ort: 81%
[ 83%] /data/local/tmp/benchmark/models/detection/yolov8n/yolov8n/yolov8n.ort: 82%
[ 83%] /data/local/tmp/benchmark/models/detection/yolov8n/yolov8n/yolov8n.ort: 82%
[ 83%] /data/local/tmp/benchmark/models/detection/yolov8n/yolov8n/yolov8n.ort: 83%
[ 83%] /data/local/tmp/benchmark/models/detection/yolov8n/yolov8n/yolov8n.ort: 83%
[ 83%] /data/local/tmp/benchmark/models/detection/yolov8n/yolov8n/yolov8n.ort: 84%
[ 83%] /data/local/tmp/benchmark/models/detection/yolov8n/yolov8n/yolov8n.ort: 84%
[ 83%] /data/local/tmp/benchmark/models/detection/yolov8n/yolov8n/yolov8n.ort: 85%
[ 83%] /data/local/tmp/benchmark/models/detection/yolov8n/yolov8n/yolov8n.ort: 85%
[ 83%] /data/local/tmp/benchmark/models/detection/yolov8n/yolov8n/yolov8n.ort: 86%
[ 83%] /data/local/tmp/benchmark/models/detection/yolov8n/yolov8n/yolov8n.ort: 86%
[ 83%] /data/local/tmp/benchmark/models/detection/yolov8n/yolov8n/yolov8n.ort: 87%
[ 83%] /data/local/tmp/benchmark/models/detection/yolov8n/yolov8n/yolov8n.ort: 87%
[ 84%] /data/local/tmp/benchmark/models/detection/yolov8n/yolov8n/yolov8n.ort: 88%
[ 84%] /data/local/tmp/benchmark/models/detection/yolov8n/yolov8n/yolov8n.ort: 88%
[ 84%] /data/local/tmp/benchmark/models/detection/yolov8n/yolov8n/yolov8n.ort: 89%
[ 84%] /data/local/tmp/benchmark/models/detection/yolov8n/yolov8n/yolov8n.ort: 89%
[ 84%] /data/local/tmp/benchmark/models/detection/yolov8n/yolov8n/yolov8n.ort: 90%
[ 84%] /data/local/tmp/benchmark/models/detection/yolov8n/yolov8n/yolov8n.ort: 90%
[ 84%] /data/local/tmp/benchmark/models/detection/yolov8n/yolov8n/yolov8n.ort: 91%
[ 84%] /data/local/tmp/benchmark/models/detection/yolov8n/yolov8n/yolov8n.ort: 91%
[ 84%] /data/local/tmp/benchmark/models/detection/yolov8n/yolov8n/yolov8n.ort: 92%
[ 84%] /data/local/tmp/benchmark/models/detection/yolov8n/yolov8n/yolov8n.ort: 92%
[ 84%] /data/local/tmp/benchmark/models/detection/yolov8n/yolov8n/yolov8n.ort: 93%
[ 84%] /data/local/tmp/benchmark/models/detection/yolov8n/yolov8n/yolov8n.ort: 93%
[ 84%] /data/local/tmp/benchmark/models/detection/yolov8n/yolov8n/yolov8n.ort: 94%
[ 84%] /data/local/tmp/benchmark/models/detection/yolov8n/yolov8n/yolov8n.ort: 94%
[ 85%] /data/local/tmp/benchmark/models/detection/yolov8n/yolov8n/yolov8n.ort: 95%
[ 85%] /data/local/tmp/benchmark/models/detection/yolov8n/yolov8n/yolov8n.ort: 95%
[ 85%] /data/local/tmp/benchmark/models/detection/yolov8n/yolov8n/yolov8n.ort: 96%
[ 85%] /data/local/tmp/benchmark/models/detection/yolov8n/yolov8n/yolov8n.ort: 96%
[ 85%] /data/local/tmp/benchmark/models/detection/yolov8n/yolov8n/yolov8n.ort: 97%
[ 85%] /data/local/tmp/benchmark/models/detection/yolov8n/yolov8n/yolov8n.ort: 97%
[ 85%] /data/local/tmp/benchmark/models/detection/yolov8n/yolov8n/yolov8n.ort: 98%
[ 85%] /data/local/tmp/benchmark/models/detection/yolov8n/yolov8n/yolov8n.ort: 98%
[ 85%] /data/local/tmp/benchmark/models/detection/yolov8n/yolov8n/yolov8n.ort: 99%
[ 85%] /data/local/tmp/benchmark/models/detection/yolov8n/yolov8n/yolov8n.ort: 99%
[ 85%] /data/local/tmp/benchmark/models/detection/yolov8n/yolov8n/yolov8n.ort: 100%
[ 85%] /data/local/tmp/benchmark/models/detection/yolov8n/yolov8n/yolov8n_op11.onnx: 0%
[ 85%] /data/local/tmp/benchmark/models/detection/yolov8n/yolov8n/yolov8n_op11.onnx: 1%
[ 85%] /data/local/tmp/benchmark/models/detection/yolov8n/yolov8n/yolov8n_op11.onnx: 1%
[ 86%] /data/local/tmp/benchmark/models/detection/yolov8n/yolov8n/yolov8n_op11.onnx: 2%
[ 86%] /data/local/tmp/benchmark/models/detection/yolov8n/yolov8n/yolov8n_op11.onnx: 2%
[ 86%] /data/local/tmp/benchmark/models/detection/yolov8n/yolov8n/yolov8n_op11.onnx: 3%
[ 86%] /data/local/tmp/benchmark/models/detection/yolov8n/yolov8n/yolov8n_op11.onnx: 3%
[ 86%] /data/local/tmp/benchmark/models/detection/yolov8n/yolov8n/yolov8n_op11.onnx: 4%
[ 86%] /data/local/tmp/benchmark/models/detection/yolov8n/yolov8n/yolov8n_op11.onnx: 4%
[ 86%] /data/local/tmp/benchmark/models/detection/yolov8n/yolov8n/yolov8n_op11.onnx: 5%
[ 86%] /data/local/tmp/benchmark/models/detection/yolov8n/yolov8n/yolov8n_op11.onnx: 5%
[ 86%] /data/local/tmp/benchmark/models/detection/yolov8n/yolov8n/yolov8n_op11.onnx: 6%
[ 86%] /data/local/tmp/benchmark/models/detection/yolov8n/yolov8n/yolov8n_op11.onnx: 6%
[ 86%] /data/local/tmp/benchmark/models/detection/yolov8n/yolov8n/yolov8n_op11.onnx: 7%
[ 86%] /data/local/tmp/benchmark/models/detection/yolov8n/yolov8n/yolov8n_op11.onnx: 7%
[ 86%] /data/local/tmp/benchmark/models/detection/yolov8n/yolov8n/yolov8n_op11.onnx: 8%
[ 86%] /data/local/tmp/benchmark/models/detection/yolov8n/yolov8n/yolov8n_op11.onnx: 8%
[ 87%] /data/local/tmp/benchmark/models/detection/yolov8n/yolov8n/yolov8n_op11.onnx: 9%
[ 87%] /data/local/tmp/benchmark/models/detection/yolov8n/yolov8n/yolov8n_op11.onnx: 9%
[ 87%] /data/local/tmp/benchmark/models/detection/yolov8n/yolov8n/yolov8n_op11.onnx: 10%
[ 87%] /data/local/tmp/benchmark/models/detection/yolov8n/yolov8n/yolov8n_op11.onnx: 10%
[ 87%] /data/local/tmp/benchmark/models/detection/yolov8n/yolov8n/yolov8n_op11.onnx: 11%
[ 87%] /data/local/tmp/benchmark/models/detection/yolov8n/yolov8n/yolov8n_op11.onnx: 11%
[ 87%] /data/local/tmp/benchmark/models/detection/yolov8n/yolov8n/yolov8n_op11.onnx: 12%
[ 87%] /data/local/tmp/benchmark/models/detection/yolov8n/yolov8n/yolov8n_op11.onnx: 12%
[ 87%] /data/local/tmp/benchmark/models/detection/yolov8n/yolov8n/yolov8n_op11.onnx: 13%
[ 87%] /data/local/tmp/benchmark/models/detection/yolov8n/yolov8n/yolov8n_op11.onnx: 13%
[ 87%] /data/local/tmp/benchmark/models/detection/yolov8n/yolov8n/yolov8n_op11.onnx: 14%
[ 87%] /data/local/tmp/benchmark/models/detection/yolov8n/yolov8n/yolov8n_op11.onnx: 14%
[ 87%] /data/local/tmp/benchmark/models/detection/yolov8n/yolov8n/yolov8n_op11.onnx: 15%
[ 87%] /data/local/tmp/benchmark/models/detection/yolov8n/yolov8n/yolov8n_op11.onnx: 15%
[ 88%] /data/local/tmp/benchmark/models/detection/yolov8n/yolov8n/yolov8n_op11.onnx: 16%
[ 88%] /data/local/tmp/benchmark/models/detection/yolov8n/yolov8n/yolov8n_op11.onnx: 16%
[ 88%] /data/local/tmp/benchmark/models/detection/yolov8n/yolov8n/yolov8n_op11.onnx: 17%
[ 88%] /data/local/tmp/benchmark/models/detection/yolov8n/yolov8n/yolov8n_op11.onnx: 17%
[ 88%] /data/local/tmp/benchmark/models/detection/yolov8n/yolov8n/yolov8n_op11.onnx: 18%
[ 88%] /data/local/tmp/benchmark/models/detection/yolov8n/yolov8n/yolov8n_op11.onnx: 18%
[ 88%] /data/local/tmp/benchmark/models/detection/yolov8n/yolov8n/yolov8n_op11.onnx: 19%
[ 88%] /data/local/tmp/benchmark/models/detection/yolov8n/yolov8n/yolov8n_op11.onnx: 19%
[ 88%] /data/local/tmp/benchmark/models/detection/yolov8n/yolov8n/yolov8n_op11.onnx: 20%
[ 88%] /data/local/tmp/benchmark/models/detection/yolov8n/yolov8n/yolov8n_op11.onnx: 20%
[ 88%] /data/local/tmp/benchmark/models/detection/yolov8n/yolov8n/yolov8n_op11.onnx: 21%
[ 88%] /data/local/tmp/benchmark/models/detection/yolov8n/yolov8n/yolov8n_op11.onnx: 21%
[ 88%] /data/local/tmp/benchmark/models/detection/yolov8n/yolov8n/yolov8n_op11.onnx: 22%
[ 89%] /data/local/tmp/benchmark/models/detection/yolov8n/yolov8n/yolov8n_op11.onnx: 22%
[ 89%] /data/local/tmp/benchmark/models/detection/yolov8n/yolov8n/yolov8n_op11.onnx: 23%
[ 89%] /data/local/tmp/benchmark/models/detection/yolov8n/yolov8n/yolov8n_op11.onnx: 24%
[ 89%] /data/local/tmp/benchmark/models/detection/yolov8n/yolov8n/yolov8n_op11.onnx: 24%
[ 89%] /data/local/tmp/benchmark/models/detection/yolov8n/yolov8n/yolov8n_op11.onnx: 25%
[ 89%] /data/local/tmp/benchmark/models/detection/yolov8n/yolov8n/yolov8n_op11.onnx: 25%
[ 89%] /data/local/tmp/benchmark/models/detection/yolov8n/yolov8n/yolov8n_op11.onnx: 26%
[ 89%] /data/local/tmp/benchmark/models/detection/yolov8n/yolov8n/yolov8n_op11.onnx: 26%
[ 89%] /data/local/tmp/benchmark/models/detection/yolov8n/yolov8n/yolov8n_op11.onnx: 27%
[ 89%] /data/local/tmp/benchmark/models/detection/yolov8n/yolov8n/yolov8n_op11.onnx: 27%
[ 89%] /data/local/tmp/benchmark/models/detection/yolov8n/yolov8n/yolov8n_op11.onnx: 28%
[ 89%] /data/local/tmp/benchmark/models/detection/yolov8n/yolov8n/yolov8n_op11.onnx: 28%
[ 89%] /data/local/tmp/benchmark/models/detection/yolov8n/yolov8n/yolov8n_op11.onnx: 29%
[ 89%] /data/local/tmp/benchmark/models/detection/yolov8n/yolov8n/yolov8n_op11.onnx: 29%
[ 90%] /data/local/tmp/benchmark/models/detection/yolov8n/yolov8n/yolov8n_op11.onnx: 30%
[ 90%] /data/local/tmp/benchmark/models/detection/yolov8n/yolov8n/yolov8n_op11.onnx: 30%
[ 90%] /data/local/tmp/benchmark/models/detection/yolov8n/yolov8n/yolov8n_op11.onnx: 31%
[ 90%] /data/local/tmp/benchmark/models/detection/yolov8n/yolov8n/yolov8n_op11.onnx: 31%
[ 90%] /data/local/tmp/benchmark/models/detection/yolov8n/yolov8n/yolov8n_op11.onnx: 32%
[ 90%] /data/local/tmp/benchmark/models/detection/yolov8n/yolov8n/yolov8n_op11.onnx: 32%
[ 90%] /data/local/tmp/benchmark/models/detection/yolov8n/yolov8n/yolov8n_op11.onnx: 33%
[ 90%] /data/local/tmp/benchmark/models/detection/yolov8n/yolov8n/yolov8n_op11.onnx: 33%
[ 90%] /data/local/tmp/benchmark/models/detection/yolov8n/yolov8n/yolov8n_op11.onnx: 34%
[ 90%] /data/local/tmp/benchmark/models/detection/yolov8n/yolov8n/yolov8n_op11.onnx: 34%
[ 90%] /data/local/tmp/benchmark/models/detection/yolov8n/yolov8n/yolov8n_op11.onnx: 35%
[ 90%] /data/local/tmp/benchmark/models/detection/yolov8n/yolov8n/yolov8n_op11.onnx: 35%
[ 90%] /data/local/tmp/benchmark/models/detection/yolov8n/yolov8n/yolov8n_op11.onnx: 36%
[ 90%] /data/local/tmp/benchmark/models/detection/yolov8n/yolov8n/yolov8n_op11.onnx: 36%
[ 91%] /data/local/tmp/benchmark/models/detection/yolov8n/yolov8n/yolov8n_op11.onnx: 37%
[ 91%] /data/local/tmp/benchmark/models/detection/yolov8n/yolov8n/yolov8n_op11.onnx: 37%
[ 91%] /data/local/tmp/benchmark/models/detection/yolov8n/yolov8n/yolov8n_op11.onnx: 38%
[ 91%] /data/local/tmp/benchmark/models/detection/yolov8n/yolov8n/yolov8n_op11.onnx: 38%
[ 91%] /data/local/tmp/benchmark/models/detection/yolov8n/yolov8n/yolov8n_op11.onnx: 39%
[ 91%] /data/local/tmp/benchmark/models/detection/yolov8n/yolov8n/yolov8n_op11.onnx: 39%
[ 91%] /data/local/tmp/benchmark/models/detection/yolov8n/yolov8n/yolov8n_op11.onnx: 40%
[ 91%] /data/local/tmp/benchmark/models/detection/yolov8n/yolov8n/yolov8n_op11.onnx: 40%
[ 91%] /data/local/tmp/benchmark/models/detection/yolov8n/yolov8n/yolov8n_op11.onnx: 41%
[ 91%] /data/local/tmp/benchmark/models/detection/yolov8n/yolov8n/yolov8n_op11.onnx: 41%
[ 91%] /data/local/tmp/benchmark/models/detection/yolov8n/yolov8n/yolov8n_op11.onnx: 42%
[ 91%] /data/local/tmp/benchmark/models/detection/yolov8n/yolov8n/yolov8n_op11.onnx: 42%
[ 91%] /data/local/tmp/benchmark/models/detection/yolov8n/yolov8n/yolov8n_op11.onnx: 43%
[ 92%] /data/local/tmp/benchmark/models/detection/yolov8n/yolov8n/yolov8n_op11.onnx: 43%
[ 92%] /data/local/tmp/benchmark/models/detection/yolov8n/yolov8n/yolov8n_op11.onnx: 44%
[ 92%] /data/local/tmp/benchmark/models/detection/yolov8n/yolov8n/yolov8n_op11.onnx: 44%
[ 92%] /data/local/tmp/benchmark/models/detection/yolov8n/yolov8n/yolov8n_op11.onnx: 45%
[ 92%] /data/local/tmp/benchmark/models/detection/yolov8n/yolov8n/yolov8n_op11.onnx: 45%
[ 92%] /data/local/tmp/benchmark/models/detection/yolov8n/yolov8n/yolov8n_op11.onnx: 46%
[ 92%] /data/local/tmp/benchmark/models/detection/yolov8n/yolov8n/yolov8n_op11.onnx: 47%
[ 92%] /data/local/tmp/benchmark/models/detection/yolov8n/yolov8n/yolov8n_op11.onnx: 47%
[ 92%] /data/local/tmp/benchmark/models/detection/yolov8n/yolov8n/yolov8n_op11.onnx: 48%
[ 92%] /data/local/tmp/benchmark/models/detection/yolov8n/yolov8n/yolov8n_op11.onnx: 48%
[ 92%] /data/local/tmp/benchmark/models/detection/yolov8n/yolov8n/yolov8n_op11.onnx: 49%
[ 92%] /data/local/tmp/benchmark/models/detection/yolov8n/yolov8n/yolov8n_op11.onnx: 49%
[ 92%] /data/local/tmp/benchmark/models/detection/yolov8n/yolov8n/yolov8n_op11.onnx: 50%
[ 92%] /data/local/tmp/benchmark/models/detection/yolov8n/yolov8n/yolov8n_op11.onnx: 50%
[ 93%] /data/local/tmp/benchmark/models/detection/yolov8n/yolov8n/yolov8n_op11.onnx: 51%
[ 93%] /data/local/tmp/benchmark/models/detection/yolov8n/yolov8n/yolov8n_op11.onnx: 51%
[ 93%] /data/local/tmp/benchmark/models/detection/yolov8n/yolov8n/yolov8n_op11.onnx: 52%
[ 93%] /data/local/tmp/benchmark/models/detection/yolov8n/yolov8n/yolov8n_op11.onnx: 52%
[ 93%] /data/local/tmp/benchmark/models/detection/yolov8n/yolov8n/yolov8n_op11.onnx: 53%
[ 93%] /data/local/tmp/benchmark/models/detection/yolov8n/yolov8n/yolov8n_op11.onnx: 53%
[ 93%] /data/local/tmp/benchmark/models/detection/yolov8n/yolov8n/yolov8n_op11.onnx: 54%
[ 93%] /data/local/tmp/benchmark/models/detection/yolov8n/yolov8n/yolov8n_op11.onnx: 54%
[ 93%] /data/local/tmp/benchmark/models/detection/yolov8n/yolov8n/yolov8n_op11.onnx: 55%
[ 93%] /data/local/tmp/benchmark/models/detection/yolov8n/yolov8n/yolov8n_op11.onnx: 55%
[ 93%] /data/local/tmp/benchmark/models/detection/yolov8n/yolov8n/yolov8n_op11.onnx: 56%
[ 93%] /data/local/tmp/benchmark/models/detection/yolov8n/yolov8n/yolov8n_op11.onnx: 56%
[ 93%] /data/local/tmp/benchmark/models/detection/yolov8n/yolov8n/yolov8n_op11.onnx: 57%
[ 93%] /data/local/tmp/benchmark/models/detection/yolov8n/yolov8n/yolov8n_op11.onnx: 57%
[ 94%] /data/local/tmp/benchmark/models/detection/yolov8n/yolov8n/yolov8n_op11.onnx: 58%
[ 94%] /data/local/tmp/benchmark/models/detection/yolov8n/yolov8n/yolov8n_op11.onnx: 58%
[ 94%] /data/local/tmp/benchmark/models/detection/yolov8n/yolov8n/yolov8n_op11.onnx: 59%
[ 94%] /data/local/tmp/benchmark/models/detection/yolov8n/yolov8n/yolov8n_op11.onnx: 59%
[ 94%] /data/local/tmp/benchmark/models/detection/yolov8n/yolov8n/yolov8n_op11.onnx: 60%
[ 94%] /data/local/tmp/benchmark/models/detection/yolov8n/yolov8n/yolov8n_op11.onnx: 60%
[ 94%] /data/local/tmp/benchmark/models/detection/yolov8n/yolov8n/yolov8n_op11.onnx: 61%
[ 94%] /data/local/tmp/benchmark/models/detection/yolov8n/yolov8n/yolov8n_op11.onnx: 61%
[ 94%] /data/local/tmp/benchmark/models/detection/yolov8n/yolov8n/yolov8n_op11.onnx: 62%
[ 94%] /data/local/tmp/benchmark/models/detection/yolov8n/yolov8n/yolov8n_op11.onnx: 62%
[ 94%] /data/local/tmp/benchmark/models/detection/yolov8n/yolov8n/yolov8n_op11.onnx: 63%
[ 94%] /data/local/tmp/benchmark/models/detection/yolov8n/yolov8n/yolov8n_op11.onnx: 63%
[ 94%] /data/local/tmp/benchmark/models/detection/yolov8n/yolov8n/yolov8n_op11.onnx: 64%
[ 94%] /data/local/tmp/benchmark/models/detection/yolov8n/yolov8n/yolov8n_op11.onnx: 64%
[ 95%] /data/local/tmp/benchmark/models/detection/yolov8n/yolov8n/yolov8n_op11.onnx: 65%
[ 95%] /data/local/tmp/benchmark/models/detection/yolov8n/yolov8n/yolov8n_op11.onnx: 65%
[ 95%] /data/local/tmp/benchmark/models/detection/yolov8n/yolov8n/yolov8n_op11.onnx: 66%
[ 95%] /data/local/tmp/benchmark/models/detection/yolov8n/yolov8n/yolov8n_op11.onnx: 66%
[ 95%] /data/local/tmp/benchmark/models/detection/yolov8n/yolov8n/yolov8n_op11.onnx: 67%
[ 95%] /data/local/tmp/benchmark/models/detection/yolov8n/yolov8n/yolov8n_op11.onnx: 67%
[ 95%] /data/local/tmp/benchmark/models/detection/yolov8n/yolov8n/yolov8n_op11.onnx: 68%
[ 95%] /data/local/tmp/benchmark/models/detection/yolov8n/yolov8n/yolov8n_op11.onnx: 68%
[ 95%] /data/local/tmp/benchmark/models/detection/yolov8n/yolov8n/yolov8n_op11.onnx: 69%
[ 95%] /data/local/tmp/benchmark/models/detection/yolov8n/yolov8n/yolov8n_op11.onnx: 70%
[ 95%] /data/local/tmp/benchmark/models/detection/yolov8n/yolov8n/yolov8n_op11.onnx: 70%
[ 95%] /data/local/tmp/benchmark/models/detection/yolov8n/yolov8n/yolov8n_op11.onnx: 71%
[ 95%] /data/local/tmp/benchmark/models/detection/yolov8n/yolov8n/yolov8n_op11.onnx: 71%
[ 96%] /data/local/tmp/benchmark/models/detection/yolov8n/yolov8n/yolov8n_op11.onnx: 72%
[ 96%] /data/local/tmp/benchmark/models/detection/yolov8n/yolov8n/yolov8n_op11.onnx: 72%
[ 96%] /data/local/tmp/benchmark/models/detection/yolov8n/yolov8n/yolov8n_op11.onnx: 73%
[ 96%] /data/local/tmp/benchmark/models/detection/yolov8n/yolov8n/yolov8n_op11.onnx: 73%
[ 96%] /data/local/tmp/benchmark/models/detection/yolov8n/yolov8n/yolov8n_op11.onnx: 74%
[ 96%] /data/local/tmp/benchmark/models/detection/yolov8n/yolov8n/yolov8n_op11.onnx: 74%
[ 96%] /data/local/tmp/benchmark/models/detection/yolov8n/yolov8n/yolov8n_op11.onnx: 75%
[ 96%] /data/local/tmp/benchmark/models/detection/yolov8n/yolov8n/yolov8n_op11.onnx: 75%
[ 96%] /data/local/tmp/benchmark/models/detection/yolov8n/yolov8n/yolov8n_op11.onnx: 76%
[ 96%] /data/local/tmp/benchmark/models/detection/yolov8n/yolov8n/yolov8n_op11.onnx: 76%
[ 96%] /data/local/tmp/benchmark/models/detection/yolov8n/yolov8n/yolov8n_op11.onnx: 77%
[ 96%] /data/local/tmp/benchmark/models/detection/yolov8n/yolov8n/yolov8n_op11.onnx: 77%
[ 96%] /data/local/tmp/benchmark/models/detection/yolov8n/yolov8n/yolov8n_op11.onnx: 78%
[ 96%] /data/local/tmp/benchmark/models/detection/yolov8n/yolov8n/yolov8n_op11.onnx: 78%
[ 97%] /data/local/tmp/benchmark/models/detection/yolov8n/yolov8n/yolov8n_op11.onnx: 79%
[ 97%] /data/local/tmp/benchmark/models/detection/yolov8n/yolov8n/yolov8n_op11.onnx: 79%
[ 97%] /data/local/tmp/benchmark/models/detection/yolov8n/yolov8n/yolov8n_op11.onnx: 80%
[ 97%] /data/local/tmp/benchmark/models/detection/yolov8n/yolov8n/yolov8n_op11.onnx: 80%
[ 97%] /data/local/tmp/benchmark/models/detection/yolov8n/yolov8n/yolov8n_op11.onnx: 81%
[ 97%] /data/local/tmp/benchmark/models/detection/yolov8n/yolov8n/yolov8n_op11.onnx: 81%
[ 97%] /data/local/tmp/benchmark/models/detection/yolov8n/yolov8n/yolov8n_op11.onnx: 82%
[ 97%] /data/local/tmp/benchmark/models/detection/yolov8n/yolov8n/yolov8n_op11.onnx: 82%
[ 97%] /data/local/tmp/benchmark/models/detection/yolov8n/yolov8n/yolov8n_op11.onnx: 83%
[ 97%] /data/local/tmp/benchmark/models/detection/yolov8n/yolov8n/yolov8n_op11.onnx: 83%
[ 97%] /data/local/tmp/benchmark/models/detection/yolov8n/yolov8n/yolov8n_op11.onnx: 84%
[ 97%] /data/local/tmp/benchmark/models/detection/yolov8n/yolov8n/yolov8n_op11.onnx: 84%
[ 97%] /data/local/tmp/benchmark/models/detection/yolov8n/yolov8n/yolov8n_op11.onnx: 85%
[ 97%] /data/local/tmp/benchmark/models/detection/yolov8n/yolov8n/yolov8n_op11.onnx: 85%
[ 98%] /data/local/tmp/benchmark/models/detection/yolov8n/yolov8n/yolov8n_op11.onnx: 86%
[ 98%] /data/local/tmp/benchmark/models/detection/yolov8n/yolov8n/yolov8n_op11.onnx: 86%
[ 98%] /data/local/tmp/benchmark/models/detection/yolov8n/yolov8n/yolov8n_op11.onnx: 87%
[ 98%] /data/local/tmp/benchmark/models/detection/yolov8n/yolov8n/yolov8n_op11.onnx: 87%
[ 98%] /data/local/tmp/benchmark/models/detection/yolov8n/yolov8n/yolov8n_op11.onnx: 88%
[ 98%] /data/local/tmp/benchmark/models/detection/yolov8n/yolov8n/yolov8n_op11.onnx: 88%
[ 98%] /data/local/tmp/benchmark/models/detection/yolov8n/yolov8n/yolov8n_op11.onnx: 89%
[ 98%] /data/local/tmp/benchmark/models/detection/yolov8n/yolov8n/yolov8n_op11.onnx: 89%
[ 98%] /data/local/tmp/benchmark/models/detection/yolov8n/yolov8n/yolov8n_op11.onnx: 90%
[ 98%] /data/local/tmp/benchmark/models/detection/yolov8n/yolov8n/yolov8n_op11.onnx: 90%
[ 98%] /data/local/tmp/benchmark/models/detection/yolov8n/yolov8n/yolov8n_op11.onnx: 91%
[ 98%] /data/local/tmp/benchmark/models/detection/yolov8n/yolov8n/yolov8n_op11.onnx: 91%
[ 98%] /data/local/tmp/benchmark/models/detection/yolov8n/yolov8n/yolov8n_op11.onnx: 92%
[ 99%] /data/local/tmp/benchmark/models/detection/yolov8n/yolov8n/yolov8n_op11.onnx: 93%
[ 99%] /data/local/tmp/benchmark/models/detection/yolov8n/yolov8n/yolov8n_op11.onnx: 93%
[ 99%] /data/local/tmp/benchmark/models/detection/yolov8n/yolov8n/yolov8n_op11.onnx: 94%
[ 99%] /data/local/tmp/benchmark/models/detection/yolov8n/yolov8n/yolov8n_op11.onnx: 94%
[ 99%] /data/local/tmp/benchmark/models/detection/yolov8n/yolov8n/yolov8n_op11.onnx: 95%
[ 99%] /data/local/tmp/benchmark/models/detection/yolov8n/yolov8n/yolov8n_op11.onnx: 95%
[ 99%] /data/local/tmp/benchmark/models/detection/yolov8n/yolov8n/yolov8n_op11.onnx: 96%
[ 99%] /data/local/tmp/benchmark/models/detection/yolov8n/yolov8n/yolov8n_op11.onnx: 96%
[ 99%] /data/local/tmp/benchmark/models/detection/yolov8n/yolov8n/yolov8n_op11.onnx: 97%
[ 99%] /data/local/tmp/benchmark/models/detection/yolov8n/yolov8n/yolov8n_op11.onnx: 97%
[ 99%] /data/local/tmp/benchmark/models/detection/yolov8n/yolov8n/yolov8n_op11.onnx: 98%
[ 99%] /data/local/tmp/benchmark/models/detection/yolov8n/yolov8n/yolov8n_op11.onnx: 98%
[ 99%] /data/local/tmp/benchmark/models/detection/yolov8n/yolov8n/yolov8n_op11.onnx: 99%
[ 99%] /data/local/tmp/benchmark/models/detection/yolov8n/yolov8n/yolov8n_op11.onnx: 99%
[100%] /data/local/tmp/benchmark/models/detection/yolov8n/yolov8n/yolov8n_op11.onnx: 100%
/home/liu/project/newwork/benchmark/models/detection/yolov8n\: 10 files pushed. 20.0 MB/s (89901907 bytes in 4.281s)
Pushing shared libraries...
[  0%] /data/local/tmp/benchmark/libonnxruntime.so
[  0%] /data/local/tmp/benchmark/libonnxruntime.so
[  1%] /data/local/tmp/benchmark/libonnxruntime.so
[  1%] /data/local/tmp/benchmark/libonnxruntime.so
[  1%] /data/local/tmp/benchmark/libonnxruntime.so
[  2%] /data/local/tmp/benchmark/libonnxruntime.so
[  2%] /data/local/tmp/benchmark/libonnxruntime.so
[  3%] /data/local/tmp/benchmark/libonnxruntime.so
[  3%] /data/local/tmp/benchmark/libonnxruntime.so
[  3%] /data/local/tmp/benchmark/libonnxruntime.so
[  4%] /data/local/tmp/benchmark/libonnxruntime.so
[  4%] /data/local/tmp/benchmark/libonnxruntime.so
[  5%] /data/local/tmp/benchmark/libonnxruntime.so
[  5%] /data/local/tmp/benchmark/libonnxruntime.so
[  5%] /data/local/tmp/benchmark/libonnxruntime.so
[  6%] /data/local/tmp/benchmark/libonnxruntime.so
[  6%] /data/local/tmp/benchmark/libonnxruntime.so
[  6%] /data/local/tmp/benchmark/libonnxruntime.so
[  7%] /data/local/tmp/benchmark/libonnxruntime.so
[  7%] /data/local/tmp/benchmark/libonnxruntime.so
[  8%] /data/local/tmp/benchmark/libonnxruntime.so
[  8%] /data/local/tmp/benchmark/libonnxruntime.so
[  8%] /data/local/tmp/benchmark/libonnxruntime.so
[  9%] /data/local/tmp/benchmark/libonnxruntime.so
[  9%] /data/local/tmp/benchmark/libonnxruntime.so
[ 10%] /data/local/tmp/benchmark/libonnxruntime.so
[ 10%] /data/local/tmp/benchmark/libonnxruntime.so
[ 10%] /data/local/tmp/benchmark/libonnxruntime.so
[ 11%] /data/local/tmp/benchmark/libonnxruntime.so
[ 11%] /data/local/tmp/benchmark/libonnxruntime.so
[ 11%] /data/local/tmp/benchmark/libonnxruntime.so
[ 12%] /data/local/tmp/benchmark/libonnxruntime.so
[ 12%] /data/local/tmp/benchmark/libonnxruntime.so
[ 13%] /data/local/tmp/benchmark/libonnxruntime.so
[ 13%] /data/local/tmp/benchmark/libonnxruntime.so
[ 13%] /data/local/tmp/benchmark/libonnxruntime.so
[ 14%] /data/local/tmp/benchmark/libonnxruntime.so
[ 14%] /data/local/tmp/benchmark/libonnxruntime.so
[ 15%] /data/local/tmp/benchmark/libonnxruntime.so
[ 15%] /data/local/tmp/benchmark/libonnxruntime.so
[ 15%] /data/local/tmp/benchmark/libonnxruntime.so
[ 16%] /data/local/tmp/benchmark/libonnxruntime.so
[ 16%] /data/local/tmp/benchmark/libonnxruntime.so
[ 16%] /data/local/tmp/benchmark/libonnxruntime.so
[ 17%] /data/local/tmp/benchmark/libonnxruntime.so
[ 17%] /data/local/tmp/benchmark/libonnxruntime.so
[ 18%] /data/local/tmp/benchmark/libonnxruntime.so
[ 18%] /data/local/tmp/benchmark/libonnxruntime.so
[ 18%] /data/local/tmp/benchmark/libonnxruntime.so
[ 19%] /data/local/tmp/benchmark/libonnxruntime.so
[ 19%] /data/local/tmp/benchmark/libonnxruntime.so
[ 20%] /data/local/tmp/benchmark/libonnxruntime.so
[ 20%] /data/local/tmp/benchmark/libonnxruntime.so
[ 20%] /data/local/tmp/benchmark/libonnxruntime.so
[ 21%] /data/local/tmp/benchmark/libonnxruntime.so
[ 21%] /data/local/tmp/benchmark/libonnxruntime.so
[ 21%] /data/local/tmp/benchmark/libonnxruntime.so
[ 22%] /data/local/tmp/benchmark/libonnxruntime.so
[ 22%] /data/local/tmp/benchmark/libonnxruntime.so
[ 23%] /data/local/tmp/benchmark/libonnxruntime.so
[ 23%] /data/local/tmp/benchmark/libonnxruntime.so
[ 23%] /data/local/tmp/benchmark/libonnxruntime.so
[ 24%] /data/local/tmp/benchmark/libonnxruntime.so
[ 24%] /data/local/tmp/benchmark/libonnxruntime.so
[ 25%] /data/local/tmp/benchmark/libonnxruntime.so
[ 25%] /data/local/tmp/benchmark/libonnxruntime.so
[ 25%] /data/local/tmp/benchmark/libonnxruntime.so
[ 26%] /data/local/tmp/benchmark/libonnxruntime.so
[ 26%] /data/local/tmp/benchmark/libonnxruntime.so
[ 26%] /data/local/tmp/benchmark/libonnxruntime.so
[ 27%] /data/local/tmp/benchmark/libonnxruntime.so
[ 27%] /data/local/tmp/benchmark/libonnxruntime.so
[ 28%] /data/local/tmp/benchmark/libonnxruntime.so
[ 28%] /data/local/tmp/benchmark/libonnxruntime.so
[ 28%] /data/local/tmp/benchmark/libonnxruntime.so
[ 29%] /data/local/tmp/benchmark/libonnxruntime.so
[ 29%] /data/local/tmp/benchmark/libonnxruntime.so
[ 30%] /data/local/tmp/benchmark/libonnxruntime.so
[ 30%] /data/local/tmp/benchmark/libonnxruntime.so
[ 30%] /data/local/tmp/benchmark/libonnxruntime.so
[ 31%] /data/local/tmp/benchmark/libonnxruntime.so
[ 31%] /data/local/tmp/benchmark/libonnxruntime.so
[ 31%] /data/local/tmp/benchmark/libonnxruntime.so
[ 32%] /data/local/tmp/benchmark/libonnxruntime.so
[ 32%] /data/local/tmp/benchmark/libonnxruntime.so
[ 33%] /data/local/tmp/benchmark/libonnxruntime.so
[ 33%] /data/local/tmp/benchmark/libonnxruntime.so
[ 33%] /data/local/tmp/benchmark/libonnxruntime.so
[ 34%] /data/local/tmp/benchmark/libonnxruntime.so
[ 34%] /data/local/tmp/benchmark/libonnxruntime.so
[ 35%] /data/local/tmp/benchmark/libonnxruntime.so
[ 35%] /data/local/tmp/benchmark/libonnxruntime.so
[ 35%] /data/local/tmp/benchmark/libonnxruntime.so
[ 36%] /data/local/tmp/benchmark/libonnxruntime.so
[ 36%] /data/local/tmp/benchmark/libonnxruntime.so
[ 36%] /data/local/tmp/benchmark/libonnxruntime.so
[ 37%] /data/local/tmp/benchmark/libonnxruntime.so
[ 37%] /data/local/tmp/benchmark/libonnxruntime.so
[ 38%] /data/local/tmp/benchmark/libonnxruntime.so
[ 38%] /data/local/tmp/benchmark/libonnxruntime.so
[ 38%] /data/local/tmp/benchmark/libonnxruntime.so
[ 39%] /data/local/tmp/benchmark/libonnxruntime.so
[ 39%] /data/local/tmp/benchmark/libonnxruntime.so
[ 40%] /data/local/tmp/benchmark/libonnxruntime.so
[ 40%] /data/local/tmp/benchmark/libonnxruntime.so
[ 40%] /data/local/tmp/benchmark/libonnxruntime.so
[ 41%] /data/local/tmp/benchmark/libonnxruntime.so
[ 41%] /data/local/tmp/benchmark/libonnxruntime.so
[ 42%] /data/local/tmp/benchmark/libonnxruntime.so
[ 42%] /data/local/tmp/benchmark/libonnxruntime.so
[ 42%] /data/local/tmp/benchmark/libonnxruntime.so
[ 43%] /data/local/tmp/benchmark/libonnxruntime.so
[ 43%] /data/local/tmp/benchmark/libonnxruntime.so
[ 43%] /data/local/tmp/benchmark/libonnxruntime.so
[ 44%] /data/local/tmp/benchmark/libonnxruntime.so
[ 44%] /data/local/tmp/benchmark/libonnxruntime.so
[ 45%] /data/local/tmp/benchmark/libonnxruntime.so
[ 45%] /data/local/tmp/benchmark/libonnxruntime.so
[ 45%] /data/local/tmp/benchmark/libonnxruntime.so
[ 46%] /data/local/tmp/benchmark/libonnxruntime.so
[ 46%] /data/local/tmp/benchmark/libonnxruntime.so
[ 47%] /data/local/tmp/benchmark/libonnxruntime.so
[ 47%] /data/local/tmp/benchmark/libonnxruntime.so
[ 47%] /data/local/tmp/benchmark/libonnxruntime.so
[ 48%] /data/local/tmp/benchmark/libonnxruntime.so
[ 48%] /data/local/tmp/benchmark/libonnxruntime.so
[ 48%] /data/local/tmp/benchmark/libonnxruntime.so
[ 49%] /data/local/tmp/benchmark/libonnxruntime.so
[ 49%] /data/local/tmp/benchmark/libonnxruntime.so
[ 50%] /data/local/tmp/benchmark/libonnxruntime.so
[ 50%] /data/local/tmp/benchmark/libonnxruntime.so
[ 50%] /data/local/tmp/benchmark/libonnxruntime.so
[ 51%] /data/local/tmp/benchmark/libonnxruntime.so
[ 51%] /data/local/tmp/benchmark/libonnxruntime.so
[ 52%] /data/local/tmp/benchmark/libonnxruntime.so
[ 52%] /data/local/tmp/benchmark/libonnxruntime.so
[ 52%] /data/local/tmp/benchmark/libonnxruntime.so
[ 53%] /data/local/tmp/benchmark/libonnxruntime.so
[ 53%] /data/local/tmp/benchmark/libonnxruntime.so
[ 53%] /data/local/tmp/benchmark/libonnxruntime.so
[ 54%] /data/local/tmp/benchmark/libonnxruntime.so
[ 54%] /data/local/tmp/benchmark/libonnxruntime.so
[ 55%] /data/local/tmp/benchmark/libonnxruntime.so
[ 55%] /data/local/tmp/benchmark/libonnxruntime.so
[ 55%] /data/local/tmp/benchmark/libonnxruntime.so
[ 56%] /data/local/tmp/benchmark/libonnxruntime.so
[ 56%] /data/local/tmp/benchmark/libonnxruntime.so
[ 57%] /data/local/tmp/benchmark/libonnxruntime.so
[ 57%] /data/local/tmp/benchmark/libonnxruntime.so
[ 57%] /data/local/tmp/benchmark/libonnxruntime.so
[ 58%] /data/local/tmp/benchmark/libonnxruntime.so
[ 58%] /data/local/tmp/benchmark/libonnxruntime.so
[ 58%] /data/local/tmp/benchmark/libonnxruntime.so
[ 59%] /data/local/tmp/benchmark/libonnxruntime.so
[ 59%] /data/local/tmp/benchmark/libonnxruntime.so
[ 60%] /data/local/tmp/benchmark/libonnxruntime.so
[ 60%] /data/local/tmp/benchmark/libonnxruntime.so
[ 60%] /data/local/tmp/benchmark/libonnxruntime.so
[ 61%] /data/local/tmp/benchmark/libonnxruntime.so
[ 61%] /data/local/tmp/benchmark/libonnxruntime.so
[ 62%] /data/local/tmp/benchmark/libonnxruntime.so
[ 62%] /data/local/tmp/benchmark/libonnxruntime.so
[ 62%] /data/local/tmp/benchmark/libonnxruntime.so
[ 63%] /data/local/tmp/benchmark/libonnxruntime.so
[ 63%] /data/local/tmp/benchmark/libonnxruntime.so
[ 63%] /data/local/tmp/benchmark/libonnxruntime.so
[ 64%] /data/local/tmp/benchmark/libonnxruntime.so
[ 64%] /data/local/tmp/benchmark/libonnxruntime.so
[ 65%] /data/local/tmp/benchmark/libonnxruntime.so
[ 65%] /data/local/tmp/benchmark/libonnxruntime.so
[ 65%] /data/local/tmp/benchmark/libonnxruntime.so
[ 66%] /data/local/tmp/benchmark/libonnxruntime.so
[ 66%] /data/local/tmp/benchmark/libonnxruntime.so
[ 67%] /data/local/tmp/benchmark/libonnxruntime.so
[ 67%] /data/local/tmp/benchmark/libonnxruntime.so
[ 67%] /data/local/tmp/benchmark/libonnxruntime.so
[ 68%] /data/local/tmp/benchmark/libonnxruntime.so
[ 68%] /data/local/tmp/benchmark/libonnxruntime.so
[ 68%] /data/local/tmp/benchmark/libonnxruntime.so
[ 69%] /data/local/tmp/benchmark/libonnxruntime.so
[ 69%] /data/local/tmp/benchmark/libonnxruntime.so
[ 70%] /data/local/tmp/benchmark/libonnxruntime.so
[ 70%] /data/local/tmp/benchmark/libonnxruntime.so
[ 70%] /data/local/tmp/benchmark/libonnxruntime.so
[ 71%] /data/local/tmp/benchmark/libonnxruntime.so
[ 71%] /data/local/tmp/benchmark/libonnxruntime.so
[ 72%] /data/local/tmp/benchmark/libonnxruntime.so
[ 72%] /data/local/tmp/benchmark/libonnxruntime.so
[ 72%] /data/local/tmp/benchmark/libonnxruntime.so
[ 73%] /data/local/tmp/benchmark/libonnxruntime.so
[ 73%] /data/local/tmp/benchmark/libonnxruntime.so
[ 73%] /data/local/tmp/benchmark/libonnxruntime.so
[ 74%] /data/local/tmp/benchmark/libonnxruntime.so
[ 74%] /data/local/tmp/benchmark/libonnxruntime.so
[ 75%] /data/local/tmp/benchmark/libonnxruntime.so
[ 75%] /data/local/tmp/benchmark/libonnxruntime.so
[ 75%] /data/local/tmp/benchmark/libonnxruntime.so
[ 76%] /data/local/tmp/benchmark/libonnxruntime.so
[ 76%] /data/local/tmp/benchmark/libonnxruntime.so
[ 77%] /data/local/tmp/benchmark/libonnxruntime.so
[ 77%] /data/local/tmp/benchmark/libonnxruntime.so
[ 77%] /data/local/tmp/benchmark/libonnxruntime.so
[ 78%] /data/local/tmp/benchmark/libonnxruntime.so
[ 78%] /data/local/tmp/benchmark/libonnxruntime.so
[ 79%] /data/local/tmp/benchmark/libonnxruntime.so
[ 79%] /data/local/tmp/benchmark/libonnxruntime.so
[ 79%] /data/local/tmp/benchmark/libonnxruntime.so
[ 80%] /data/local/tmp/benchmark/libonnxruntime.so
[ 80%] /data/local/tmp/benchmark/libonnxruntime.so
[ 80%] /data/local/tmp/benchmark/libonnxruntime.so
[ 81%] /data/local/tmp/benchmark/libonnxruntime.so
[ 81%] /data/local/tmp/benchmark/libonnxruntime.so
[ 82%] /data/local/tmp/benchmark/libonnxruntime.so
[ 82%] /data/local/tmp/benchmark/libonnxruntime.so
[ 82%] /data/local/tmp/benchmark/libonnxruntime.so
[ 83%] /data/local/tmp/benchmark/libonnxruntime.so
[ 83%] /data/local/tmp/benchmark/libonnxruntime.so
[ 84%] /data/local/tmp/benchmark/libonnxruntime.so
[ 84%] /data/local/tmp/benchmark/libonnxruntime.so
[ 84%] /data/local/tmp/benchmark/libonnxruntime.so
[ 85%] /data/local/tmp/benchmark/libonnxruntime.so
[ 85%] /data/local/tmp/benchmark/libonnxruntime.so
[ 85%] /data/local/tmp/benchmark/libonnxruntime.so
[ 86%] /data/local/tmp/benchmark/libonnxruntime.so
[ 86%] /data/local/tmp/benchmark/libonnxruntime.so
[ 87%] /data/local/tmp/benchmark/libonnxruntime.so
[ 87%] /data/local/tmp/benchmark/libonnxruntime.so
[ 87%] /data/local/tmp/benchmark/libonnxruntime.so
[ 88%] /data/local/tmp/benchmark/libonnxruntime.so
[ 88%] /data/local/tmp/benchmark/libonnxruntime.so
[ 89%] /data/local/tmp/benchmark/libonnxruntime.so
[ 89%] /data/local/tmp/benchmark/libonnxruntime.so
[ 89%] /data/local/tmp/benchmark/libonnxruntime.so
[ 90%] /data/local/tmp/benchmark/libonnxruntime.so
[ 90%] /data/local/tmp/benchmark/libonnxruntime.so
[ 90%] /data/local/tmp/benchmark/libonnxruntime.so
[ 91%] /data/local/tmp/benchmark/libonnxruntime.so
[ 91%] /data/local/tmp/benchmark/libonnxruntime.so
[ 92%] /data/local/tmp/benchmark/libonnxruntime.so
[ 92%] /data/local/tmp/benchmark/libonnxruntime.so
[ 92%] /data/local/tmp/benchmark/libonnxruntime.so
[ 93%] /data/local/tmp/benchmark/libonnxruntime.so
[ 93%] /data/local/tmp/benchmark/libonnxruntime.so
[ 94%] /data/local/tmp/benchmark/libonnxruntime.so
[ 94%] /data/local/tmp/benchmark/libonnxruntime.so
[ 94%] /data/local/tmp/benchmark/libonnxruntime.so
[ 95%] /data/local/tmp/benchmark/libonnxruntime.so
[ 95%] /data/local/tmp/benchmark/libonnxruntime.so
[ 95%] /data/local/tmp/benchmark/libonnxruntime.so
[ 96%] /data/local/tmp/benchmark/libonnxruntime.so
[ 96%] /data/local/tmp/benchmark/libonnxruntime.so
[ 97%] /data/local/tmp/benchmark/libonnxruntime.so
[ 97%] /data/local/tmp/benchmark/libonnxruntime.so
[ 97%] /data/local/tmp/benchmark/libonnxruntime.so
[ 98%] /data/local/tmp/benchmark/libonnxruntime.so
[ 98%] /data/local/tmp/benchmark/libonnxruntime.so
[ 99%] /data/local/tmp/benchmark/libonnxruntime.so
[ 99%] /data/local/tmp/benchmark/libonnxruntime.so
[ 99%] /data/local/tmp/benchmark/libonnxruntime.so
[100%] /data/local/tmp/benchmark/libonnxruntime.so
/home/liu/project/newwork/benchmark/third_party/onnxruntime/build/Android/Release/libonnxruntime.so: 1 file pushed. 21.4 MB/s (17005608 bytes in 0.759s)
[  0%] /data/local/tmp/benchmark/libMNN.so
[  0%] /data/local/tmp/benchmark/libMNN.so
[  0%] /data/local/tmp/benchmark/libMNN.so
[  0%] /data/local/tmp/benchmark/libMNN.so
[  0%] /data/local/tmp/benchmark/libMNN.so
[  0%] /data/local/tmp/benchmark/libMNN.so
[  0%] /data/local/tmp/benchmark/libMNN.so
[  0%] /data/local/tmp/benchmark/libMNN.so
[  0%] /data/local/tmp/benchmark/libMNN.so
[  1%] /data/local/tmp/benchmark/libMNN.so
[  1%] /data/local/tmp/benchmark/libMNN.so
[  1%] /data/local/tmp/benchmark/libMNN.so
[  1%] /data/local/tmp/benchmark/libMNN.so
[  1%] /data/local/tmp/benchmark/libMNN.so
[  1%] /data/local/tmp/benchmark/libMNN.so
[  1%] /data/local/tmp/benchmark/libMNN.so
[  1%] /data/local/tmp/benchmark/libMNN.so
[  1%] /data/local/tmp/benchmark/libMNN.so
[  2%] /data/local/tmp/benchmark/libMNN.so
[  2%] /data/local/tmp/benchmark/libMNN.so
[  2%] /data/local/tmp/benchmark/libMNN.so
[  2%] /data/local/tmp/benchmark/libMNN.so
[  2%] /data/local/tmp/benchmark/libMNN.so
[  2%] /data/local/tmp/benchmark/libMNN.so
[  2%] /data/local/tmp/benchmark/libMNN.so
[  2%] /data/local/tmp/benchmark/libMNN.so
[  2%] /data/local/tmp/benchmark/libMNN.so
[  2%] /data/local/tmp/benchmark/libMNN.so
[  3%] /data/local/tmp/benchmark/libMNN.so
[  3%] /data/local/tmp/benchmark/libMNN.so
[  3%] /data/local/tmp/benchmark/libMNN.so
[  3%] /data/local/tmp/benchmark/libMNN.so
[  3%] /data/local/tmp/benchmark/libMNN.so
[  3%] /data/local/tmp/benchmark/libMNN.so
[  3%] /data/local/tmp/benchmark/libMNN.so
[  3%] /data/local/tmp/benchmark/libMNN.so
[  3%] /data/local/tmp/benchmark/libMNN.so
[  4%] /data/local/tmp/benchmark/libMNN.so
[  4%] /data/local/tmp/benchmark/libMNN.so
[  4%] /data/local/tmp/benchmark/libMNN.so
[  4%] /data/local/tmp/benchmark/libMNN.so
[  4%] /data/local/tmp/benchmark/libMNN.so
[  4%] /data/local/tmp/benchmark/libMNN.so
[  4%] /data/local/tmp/benchmark/libMNN.so
[  4%] /data/local/tmp/benchmark/libMNN.so
[  4%] /data/local/tmp/benchmark/libMNN.so
[  4%] /data/local/tmp/benchmark/libMNN.so
[  5%] /data/local/tmp/benchmark/libMNN.so
[  5%] /data/local/tmp/benchmark/libMNN.so
[  5%] /data/local/tmp/benchmark/libMNN.so
[  5%] /data/local/tmp/benchmark/libMNN.so
[  5%] /data/local/tmp/benchmark/libMNN.so
[  5%] /data/local/tmp/benchmark/libMNN.so
[  5%] /data/local/tmp/benchmark/libMNN.so
[  5%] /data/local/tmp/benchmark/libMNN.so
[  5%] /data/local/tmp/benchmark/libMNN.so
[  6%] /data/local/tmp/benchmark/libMNN.so
[  6%] /data/local/tmp/benchmark/libMNN.so
[  6%] /data/local/tmp/benchmark/libMNN.so
[  6%] /data/local/tmp/benchmark/libMNN.so
[  6%] /data/local/tmp/benchmark/libMNN.so
[  6%] /data/local/tmp/benchmark/libMNN.so
[  6%] /data/local/tmp/benchmark/libMNN.so
[  6%] /data/local/tmp/benchmark/libMNN.so
[  6%] /data/local/tmp/benchmark/libMNN.so
[  6%] /data/local/tmp/benchmark/libMNN.so
[  7%] /data/local/tmp/benchmark/libMNN.so
[  7%] /data/local/tmp/benchmark/libMNN.so
[  7%] /data/local/tmp/benchmark/libMNN.so
[  7%] /data/local/tmp/benchmark/libMNN.so
[  7%] /data/local/tmp/benchmark/libMNN.so
[  7%] /data/local/tmp/benchmark/libMNN.so
[  7%] /data/local/tmp/benchmark/libMNN.so
[  7%] /data/local/tmp/benchmark/libMNN.so
[  7%] /data/local/tmp/benchmark/libMNN.so
[  8%] /data/local/tmp/benchmark/libMNN.so
[  8%] /data/local/tmp/benchmark/libMNN.so
[  8%] /data/local/tmp/benchmark/libMNN.so
[  8%] /data/local/tmp/benchmark/libMNN.so
[  8%] /data/local/tmp/benchmark/libMNN.so
[  8%] /data/local/tmp/benchmark/libMNN.so
[  8%] /data/local/tmp/benchmark/libMNN.so
[  8%] /data/local/tmp/benchmark/libMNN.so
[  8%] /data/local/tmp/benchmark/libMNN.so
[  8%] /data/local/tmp/benchmark/libMNN.so
[  9%] /data/local/tmp/benchmark/libMNN.so
[  9%] /data/local/tmp/benchmark/libMNN.so
[  9%] /data/local/tmp/benchmark/libMNN.so
[  9%] /data/local/tmp/benchmark/libMNN.so
[  9%] /data/local/tmp/benchmark/libMNN.so
[  9%] /data/local/tmp/benchmark/libMNN.so
[  9%] /data/local/tmp/benchmark/libMNN.so
[  9%] /data/local/tmp/benchmark/libMNN.so
[  9%] /data/local/tmp/benchmark/libMNN.so
[ 10%] /data/local/tmp/benchmark/libMNN.so
[ 10%] /data/local/tmp/benchmark/libMNN.so
[ 10%] /data/local/tmp/benchmark/libMNN.so
[ 10%] /data/local/tmp/benchmark/libMNN.so
[ 10%] /data/local/tmp/benchmark/libMNN.so
[ 10%] /data/local/tmp/benchmark/libMNN.so
[ 10%] /data/local/tmp/benchmark/libMNN.so
[ 10%] /data/local/tmp/benchmark/libMNN.so
[ 10%] /data/local/tmp/benchmark/libMNN.so
[ 11%] /data/local/tmp/benchmark/libMNN.so
[ 11%] /data/local/tmp/benchmark/libMNN.so
[ 11%] /data/local/tmp/benchmark/libMNN.so
[ 11%] /data/local/tmp/benchmark/libMNN.so
[ 11%] /data/local/tmp/benchmark/libMNN.so
[ 11%] /data/local/tmp/benchmark/libMNN.so
[ 11%] /data/local/tmp/benchmark/libMNN.so
[ 11%] /data/local/tmp/benchmark/libMNN.so
[ 11%] /data/local/tmp/benchmark/libMNN.so
[ 11%] /data/local/tmp/benchmark/libMNN.so
[ 12%] /data/local/tmp/benchmark/libMNN.so
[ 12%] /data/local/tmp/benchmark/libMNN.so
[ 12%] /data/local/tmp/benchmark/libMNN.so
[ 12%] /data/local/tmp/benchmark/libMNN.so
[ 12%] /data/local/tmp/benchmark/libMNN.so
[ 12%] /data/local/tmp/benchmark/libMNN.so
[ 12%] /data/local/tmp/benchmark/libMNN.so
[ 12%] /data/local/tmp/benchmark/libMNN.so
[ 12%] /data/local/tmp/benchmark/libMNN.so
[ 13%] /data/local/tmp/benchmark/libMNN.so
[ 13%] /data/local/tmp/benchmark/libMNN.so
[ 13%] /data/local/tmp/benchmark/libMNN.so
[ 13%] /data/local/tmp/benchmark/libMNN.so
[ 13%] /data/local/tmp/benchmark/libMNN.so
[ 13%] /data/local/tmp/benchmark/libMNN.so
[ 13%] /data/local/tmp/benchmark/libMNN.so
[ 13%] /data/local/tmp/benchmark/libMNN.so
[ 13%] /data/local/tmp/benchmark/libMNN.so
[ 13%] /data/local/tmp/benchmark/libMNN.so
[ 14%] /data/local/tmp/benchmark/libMNN.so
[ 14%] /data/local/tmp/benchmark/libMNN.so
[ 14%] /data/local/tmp/benchmark/libMNN.so
[ 14%] /data/local/tmp/benchmark/libMNN.so
[ 14%] /data/local/tmp/benchmark/libMNN.so
[ 14%] /data/local/tmp/benchmark/libMNN.so
[ 14%] /data/local/tmp/benchmark/libMNN.so
[ 14%] /data/local/tmp/benchmark/libMNN.so
[ 14%] /data/local/tmp/benchmark/libMNN.so
[ 15%] /data/local/tmp/benchmark/libMNN.so
[ 15%] /data/local/tmp/benchmark/libMNN.so
[ 15%] /data/local/tmp/benchmark/libMNN.so
[ 15%] /data/local/tmp/benchmark/libMNN.so
[ 15%] /data/local/tmp/benchmark/libMNN.so
[ 15%] /data/local/tmp/benchmark/libMNN.so
[ 15%] /data/local/tmp/benchmark/libMNN.so
[ 15%] /data/local/tmp/benchmark/libMNN.so
[ 15%] /data/local/tmp/benchmark/libMNN.so
[ 15%] /data/local/tmp/benchmark/libMNN.so
[ 16%] /data/local/tmp/benchmark/libMNN.so
[ 16%] /data/local/tmp/benchmark/libMNN.so
[ 16%] /data/local/tmp/benchmark/libMNN.so
[ 16%] /data/local/tmp/benchmark/libMNN.so
[ 16%] /data/local/tmp/benchmark/libMNN.so
[ 16%] /data/local/tmp/benchmark/libMNN.so
[ 16%] /data/local/tmp/benchmark/libMNN.so
[ 16%] /data/local/tmp/benchmark/libMNN.so
[ 16%] /data/local/tmp/benchmark/libMNN.so
[ 17%] /data/local/tmp/benchmark/libMNN.so
[ 17%] /data/local/tmp/benchmark/libMNN.so
[ 17%] /data/local/tmp/benchmark/libMNN.so
[ 17%] /data/local/tmp/benchmark/libMNN.so
[ 17%] /data/local/tmp/benchmark/libMNN.so
[ 17%] /data/local/tmp/benchmark/libMNN.so
[ 17%] /data/local/tmp/benchmark/libMNN.so
[ 17%] /data/local/tmp/benchmark/libMNN.so
[ 17%] /data/local/tmp/benchmark/libMNN.so
[ 17%] /data/local/tmp/benchmark/libMNN.so
[ 18%] /data/local/tmp/benchmark/libMNN.so
[ 18%] /data/local/tmp/benchmark/libMNN.so
[ 18%] /data/local/tmp/benchmark/libMNN.so
[ 18%] /data/local/tmp/benchmark/libMNN.so
[ 18%] /data/local/tmp/benchmark/libMNN.so
[ 18%] /data/local/tmp/benchmark/libMNN.so
[ 18%] /data/local/tmp/benchmark/libMNN.so
[ 18%] /data/local/tmp/benchmark/libMNN.so
[ 18%] /data/local/tmp/benchmark/libMNN.so
[ 19%] /data/local/tmp/benchmark/libMNN.so
[ 19%] /data/local/tmp/benchmark/libMNN.so
[ 19%] /data/local/tmp/benchmark/libMNN.so
[ 19%] /data/local/tmp/benchmark/libMNN.so
[ 19%] /data/local/tmp/benchmark/libMNN.so
[ 19%] /data/local/tmp/benchmark/libMNN.so
[ 19%] /data/local/tmp/benchmark/libMNN.so
[ 19%] /data/local/tmp/benchmark/libMNN.so
[ 19%] /data/local/tmp/benchmark/libMNN.so
[ 20%] /data/local/tmp/benchmark/libMNN.so
[ 20%] /data/local/tmp/benchmark/libMNN.so
[ 20%] /data/local/tmp/benchmark/libMNN.so
[ 20%] /data/local/tmp/benchmark/libMNN.so
[ 20%] /data/local/tmp/benchmark/libMNN.so
[ 20%] /data/local/tmp/benchmark/libMNN.so
[ 20%] /data/local/tmp/benchmark/libMNN.so
[ 20%] /data/local/tmp/benchmark/libMNN.so
[ 20%] /data/local/tmp/benchmark/libMNN.so
[ 20%] /data/local/tmp/benchmark/libMNN.so
[ 21%] /data/local/tmp/benchmark/libMNN.so
[ 21%] /data/local/tmp/benchmark/libMNN.so
[ 21%] /data/local/tmp/benchmark/libMNN.so
[ 21%] /data/local/tmp/benchmark/libMNN.so
[ 21%] /data/local/tmp/benchmark/libMNN.so
[ 21%] /data/local/tmp/benchmark/libMNN.so
[ 21%] /data/local/tmp/benchmark/libMNN.so
[ 21%] /data/local/tmp/benchmark/libMNN.so
[ 21%] /data/local/tmp/benchmark/libMNN.so
[ 22%] /data/local/tmp/benchmark/libMNN.so
[ 22%] /data/local/tmp/benchmark/libMNN.so
[ 22%] /data/local/tmp/benchmark/libMNN.so
[ 22%] /data/local/tmp/benchmark/libMNN.so
[ 22%] /data/local/tmp/benchmark/libMNN.so
[ 22%] /data/local/tmp/benchmark/libMNN.so
[ 22%] /data/local/tmp/benchmark/libMNN.so
[ 22%] /data/local/tmp/benchmark/libMNN.so
[ 22%] /data/local/tmp/benchmark/libMNN.so
[ 22%] /data/local/tmp/benchmark/libMNN.so
[ 23%] /data/local/tmp/benchmark/libMNN.so
[ 23%] /data/local/tmp/benchmark/libMNN.so
[ 23%] /data/local/tmp/benchmark/libMNN.so
[ 23%] /data/local/tmp/benchmark/libMNN.so
[ 23%] /data/local/tmp/benchmark/libMNN.so
[ 23%] /data/local/tmp/benchmark/libMNN.so
[ 23%] /data/local/tmp/benchmark/libMNN.so
[ 23%] /data/local/tmp/benchmark/libMNN.so
[ 23%] /data/local/tmp/benchmark/libMNN.so
[ 24%] /data/local/tmp/benchmark/libMNN.so
[ 24%] /data/local/tmp/benchmark/libMNN.so
[ 24%] /data/local/tmp/benchmark/libMNN.so
[ 24%] /data/local/tmp/benchmark/libMNN.so
[ 24%] /data/local/tmp/benchmark/libMNN.so
[ 24%] /data/local/tmp/benchmark/libMNN.so
[ 24%] /data/local/tmp/benchmark/libMNN.so
[ 24%] /data/local/tmp/benchmark/libMNN.so
[ 24%] /data/local/tmp/benchmark/libMNN.so
[ 24%] /data/local/tmp/benchmark/libMNN.so
[ 25%] /data/local/tmp/benchmark/libMNN.so
[ 25%] /data/local/tmp/benchmark/libMNN.so
[ 25%] /data/local/tmp/benchmark/libMNN.so
[ 25%] /data/local/tmp/benchmark/libMNN.so
[ 25%] /data/local/tmp/benchmark/libMNN.so
[ 25%] /data/local/tmp/benchmark/libMNN.so
[ 25%] /data/local/tmp/benchmark/libMNN.so
[ 25%] /data/local/tmp/benchmark/libMNN.so
[ 25%] /data/local/tmp/benchmark/libMNN.so
[ 26%] /data/local/tmp/benchmark/libMNN.so
[ 26%] /data/local/tmp/benchmark/libMNN.so
[ 26%] /data/local/tmp/benchmark/libMNN.so
[ 26%] /data/local/tmp/benchmark/libMNN.so
[ 26%] /data/local/tmp/benchmark/libMNN.so
[ 26%] /data/local/tmp/benchmark/libMNN.so
[ 26%] /data/local/tmp/benchmark/libMNN.so
[ 26%] /data/local/tmp/benchmark/libMNN.so
[ 26%] /data/local/tmp/benchmark/libMNN.so
[ 26%] /data/local/tmp/benchmark/libMNN.so
[ 27%] /data/local/tmp/benchmark/libMNN.so
[ 27%] /data/local/tmp/benchmark/libMNN.so
[ 27%] /data/local/tmp/benchmark/libMNN.so
[ 27%] /data/local/tmp/benchmark/libMNN.so
[ 27%] /data/local/tmp/benchmark/libMNN.so
[ 27%] /data/local/tmp/benchmark/libMNN.so
[ 27%] /data/local/tmp/benchmark/libMNN.so
[ 27%] /data/local/tmp/benchmark/libMNN.so
[ 27%] /data/local/tmp/benchmark/libMNN.so
[ 28%] /data/local/tmp/benchmark/libMNN.so
[ 28%] /data/local/tmp/benchmark/libMNN.so
[ 28%] /data/local/tmp/benchmark/libMNN.so
[ 28%] /data/local/tmp/benchmark/libMNN.so
[ 28%] /data/local/tmp/benchmark/libMNN.so
[ 28%] /data/local/tmp/benchmark/libMNN.so
[ 28%] /data/local/tmp/benchmark/libMNN.so
[ 28%] /data/local/tmp/benchmark/libMNN.so
[ 28%] /data/local/tmp/benchmark/libMNN.so
[ 29%] /data/local/tmp/benchmark/libMNN.so
[ 29%] /data/local/tmp/benchmark/libMNN.so
[ 29%] /data/local/tmp/benchmark/libMNN.so
[ 29%] /data/local/tmp/benchmark/libMNN.so
[ 29%] /data/local/tmp/benchmark/libMNN.so
[ 29%] /data/local/tmp/benchmark/libMNN.so
[ 29%] /data/local/tmp/benchmark/libMNN.so
[ 29%] /data/local/tmp/benchmark/libMNN.so
[ 29%] /data/local/tmp/benchmark/libMNN.so
[ 29%] /data/local/tmp/benchmark/libMNN.so
[ 30%] /data/local/tmp/benchmark/libMNN.so
[ 30%] /data/local/tmp/benchmark/libMNN.so
[ 30%] /data/local/tmp/benchmark/libMNN.so
[ 30%] /data/local/tmp/benchmark/libMNN.so
[ 30%] /data/local/tmp/benchmark/libMNN.so
[ 30%] /data/local/tmp/benchmark/libMNN.so
[ 30%] /data/local/tmp/benchmark/libMNN.so
[ 30%] /data/local/tmp/benchmark/libMNN.so
[ 30%] /data/local/tmp/benchmark/libMNN.so
[ 31%] /data/local/tmp/benchmark/libMNN.so
[ 31%] /data/local/tmp/benchmark/libMNN.so
[ 31%] /data/local/tmp/benchmark/libMNN.so
[ 31%] /data/local/tmp/benchmark/libMNN.so
[ 31%] /data/local/tmp/benchmark/libMNN.so
[ 31%] /data/local/tmp/benchmark/libMNN.so
[ 31%] /data/local/tmp/benchmark/libMNN.so
[ 31%] /data/local/tmp/benchmark/libMNN.so
[ 31%] /data/local/tmp/benchmark/libMNN.so
[ 31%] /data/local/tmp/benchmark/libMNN.so
[ 32%] /data/local/tmp/benchmark/libMNN.so
[ 32%] /data/local/tmp/benchmark/libMNN.so
[ 32%] /data/local/tmp/benchmark/libMNN.so
[ 32%] /data/local/tmp/benchmark/libMNN.so
[ 32%] /data/local/tmp/benchmark/libMNN.so
[ 32%] /data/local/tmp/benchmark/libMNN.so
[ 32%] /data/local/tmp/benchmark/libMNN.so
[ 32%] /data/local/tmp/benchmark/libMNN.so
[ 32%] /data/local/tmp/benchmark/libMNN.so
[ 33%] /data/local/tmp/benchmark/libMNN.so
[ 33%] /data/local/tmp/benchmark/libMNN.so
[ 33%] /data/local/tmp/benchmark/libMNN.so
[ 33%] /data/local/tmp/benchmark/libMNN.so
[ 33%] /data/local/tmp/benchmark/libMNN.so
[ 33%] /data/local/tmp/benchmark/libMNN.so
[ 33%] /data/local/tmp/benchmark/libMNN.so
[ 33%] /data/local/tmp/benchmark/libMNN.so
[ 33%] /data/local/tmp/benchmark/libMNN.so
[ 33%] /data/local/tmp/benchmark/libMNN.so
[ 34%] /data/local/tmp/benchmark/libMNN.so
[ 34%] /data/local/tmp/benchmark/libMNN.so
[ 34%] /data/local/tmp/benchmark/libMNN.so
[ 34%] /data/local/tmp/benchmark/libMNN.so
[ 34%] /data/local/tmp/benchmark/libMNN.so
[ 34%] /data/local/tmp/benchmark/libMNN.so
[ 34%] /data/local/tmp/benchmark/libMNN.so
[ 34%] /data/local/tmp/benchmark/libMNN.so
[ 34%] /data/local/tmp/benchmark/libMNN.so
[ 35%] /data/local/tmp/benchmark/libMNN.so
[ 35%] /data/local/tmp/benchmark/libMNN.so
[ 35%] /data/local/tmp/benchmark/libMNN.so
[ 35%] /data/local/tmp/benchmark/libMNN.so
[ 35%] /data/local/tmp/benchmark/libMNN.so
[ 35%] /data/local/tmp/benchmark/libMNN.so
[ 35%] /data/local/tmp/benchmark/libMNN.so
[ 35%] /data/local/tmp/benchmark/libMNN.so
[ 35%] /data/local/tmp/benchmark/libMNN.so
[ 35%] /data/local/tmp/benchmark/libMNN.so
[ 36%] /data/local/tmp/benchmark/libMNN.so
[ 36%] /data/local/tmp/benchmark/libMNN.so
[ 36%] /data/local/tmp/benchmark/libMNN.so
[ 36%] /data/local/tmp/benchmark/libMNN.so
[ 36%] /data/local/tmp/benchmark/libMNN.so
[ 36%] /data/local/tmp/benchmark/libMNN.so
[ 36%] /data/local/tmp/benchmark/libMNN.so
[ 36%] /data/local/tmp/benchmark/libMNN.so
[ 36%] /data/local/tmp/benchmark/libMNN.so
[ 37%] /data/local/tmp/benchmark/libMNN.so
[ 37%] /data/local/tmp/benchmark/libMNN.so
[ 37%] /data/local/tmp/benchmark/libMNN.so
[ 37%] /data/local/tmp/benchmark/libMNN.so
[ 37%] /data/local/tmp/benchmark/libMNN.so
[ 37%] /data/local/tmp/benchmark/libMNN.so
[ 37%] /data/local/tmp/benchmark/libMNN.so
[ 37%] /data/local/tmp/benchmark/libMNN.so
[ 37%] /data/local/tmp/benchmark/libMNN.so
[ 38%] /data/local/tmp/benchmark/libMNN.so
[ 38%] /data/local/tmp/benchmark/libMNN.so
[ 38%] /data/local/tmp/benchmark/libMNN.so
[ 38%] /data/local/tmp/benchmark/libMNN.so
[ 38%] /data/local/tmp/benchmark/libMNN.so
[ 38%] /data/local/tmp/benchmark/libMNN.so
[ 38%] /data/local/tmp/benchmark/libMNN.so
[ 38%] /data/local/tmp/benchmark/libMNN.so
[ 38%] /data/local/tmp/benchmark/libMNN.so
[ 38%] /data/local/tmp/benchmark/libMNN.so
[ 39%] /data/local/tmp/benchmark/libMNN.so
[ 39%] /data/local/tmp/benchmark/libMNN.so
[ 39%] /data/local/tmp/benchmark/libMNN.so
[ 39%] /data/local/tmp/benchmark/libMNN.so
[ 39%] /data/local/tmp/benchmark/libMNN.so
[ 39%] /data/local/tmp/benchmark/libMNN.so
[ 39%] /data/local/tmp/benchmark/libMNN.so
[ 39%] /data/local/tmp/benchmark/libMNN.so
[ 39%] /data/local/tmp/benchmark/libMNN.so
[ 40%] /data/local/tmp/benchmark/libMNN.so
[ 40%] /data/local/tmp/benchmark/libMNN.so
[ 40%] /data/local/tmp/benchmark/libMNN.so
[ 40%] /data/local/tmp/benchmark/libMNN.so
[ 40%] /data/local/tmp/benchmark/libMNN.so
[ 40%] /data/local/tmp/benchmark/libMNN.so
[ 40%] /data/local/tmp/benchmark/libMNN.so
[ 40%] /data/local/tmp/benchmark/libMNN.so
[ 40%] /data/local/tmp/benchmark/libMNN.so
[ 40%] /data/local/tmp/benchmark/libMNN.so
[ 41%] /data/local/tmp/benchmark/libMNN.so
[ 41%] /data/local/tmp/benchmark/libMNN.so
[ 41%] /data/local/tmp/benchmark/libMNN.so
[ 41%] /data/local/tmp/benchmark/libMNN.so
[ 41%] /data/local/tmp/benchmark/libMNN.so
[ 41%] /data/local/tmp/benchmark/libMNN.so
[ 41%] /data/local/tmp/benchmark/libMNN.so
[ 41%] /data/local/tmp/benchmark/libMNN.so
[ 41%] /data/local/tmp/benchmark/libMNN.so
[ 42%] /data/local/tmp/benchmark/libMNN.so
[ 42%] /data/local/tmp/benchmark/libMNN.so
[ 42%] /data/local/tmp/benchmark/libMNN.so
[ 42%] /data/local/tmp/benchmark/libMNN.so
[ 42%] /data/local/tmp/benchmark/libMNN.so
[ 42%] /data/local/tmp/benchmark/libMNN.so
[ 42%] /data/local/tmp/benchmark/libMNN.so
[ 42%] /data/local/tmp/benchmark/libMNN.so
[ 42%] /data/local/tmp/benchmark/libMNN.so
[ 42%] /data/local/tmp/benchmark/libMNN.so
[ 43%] /data/local/tmp/benchmark/libMNN.so
[ 43%] /data/local/tmp/benchmark/libMNN.so
[ 43%] /data/local/tmp/benchmark/libMNN.so
[ 43%] /data/local/tmp/benchmark/libMNN.so
[ 43%] /data/local/tmp/benchmark/libMNN.so
[ 43%] /data/local/tmp/benchmark/libMNN.so
[ 43%] /data/local/tmp/benchmark/libMNN.so
[ 43%] /data/local/tmp/benchmark/libMNN.so
[ 43%] /data/local/tmp/benchmark/libMNN.so
[ 44%] /data/local/tmp/benchmark/libMNN.so
[ 44%] /data/local/tmp/benchmark/libMNN.so
[ 44%] /data/local/tmp/benchmark/libMNN.so
[ 44%] /data/local/tmp/benchmark/libMNN.so
[ 44%] /data/local/tmp/benchmark/libMNN.so
[ 44%] /data/local/tmp/benchmark/libMNN.so
[ 44%] /data/local/tmp/benchmark/libMNN.so
[ 44%] /data/local/tmp/benchmark/libMNN.so
[ 44%] /data/local/tmp/benchmark/libMNN.so
[ 44%] /data/local/tmp/benchmark/libMNN.so
[ 45%] /data/local/tmp/benchmark/libMNN.so
[ 45%] /data/local/tmp/benchmark/libMNN.so
[ 45%] /data/local/tmp/benchmark/libMNN.so
[ 45%] /data/local/tmp/benchmark/libMNN.so
[ 45%] /data/local/tmp/benchmark/libMNN.so
[ 45%] /data/local/tmp/benchmark/libMNN.so
[ 45%] /data/local/tmp/benchmark/libMNN.so
[ 45%] /data/local/tmp/benchmark/libMNN.so
[ 45%] /data/local/tmp/benchmark/libMNN.so
[ 46%] /data/local/tmp/benchmark/libMNN.so
[ 46%] /data/local/tmp/benchmark/libMNN.so
[ 46%] /data/local/tmp/benchmark/libMNN.so
[ 46%] /data/local/tmp/benchmark/libMNN.so
[ 46%] /data/local/tmp/benchmark/libMNN.so
[ 46%] /data/local/tmp/benchmark/libMNN.so
[ 46%] /data/local/tmp/benchmark/libMNN.so
[ 46%] /data/local/tmp/benchmark/libMNN.so
[ 46%] /data/local/tmp/benchmark/libMNN.so
[ 47%] /data/local/tmp/benchmark/libMNN.so
[ 47%] /data/local/tmp/benchmark/libMNN.so
[ 47%] /data/local/tmp/benchmark/libMNN.so
[ 47%] /data/local/tmp/benchmark/libMNN.so
[ 47%] /data/local/tmp/benchmark/libMNN.so
[ 47%] /data/local/tmp/benchmark/libMNN.so
[ 47%] /data/local/tmp/benchmark/libMNN.so
[ 47%] /data/local/tmp/benchmark/libMNN.so
[ 47%] /data/local/tmp/benchmark/libMNN.so
[ 47%] /data/local/tmp/benchmark/libMNN.so
[ 48%] /data/local/tmp/benchmark/libMNN.so
[ 48%] /data/local/tmp/benchmark/libMNN.so
[ 48%] /data/local/tmp/benchmark/libMNN.so
[ 48%] /data/local/tmp/benchmark/libMNN.so
[ 48%] /data/local/tmp/benchmark/libMNN.so
[ 48%] /data/local/tmp/benchmark/libMNN.so
[ 48%] /data/local/tmp/benchmark/libMNN.so
[ 48%] /data/local/tmp/benchmark/libMNN.so
[ 48%] /data/local/tmp/benchmark/libMNN.so
[ 49%] /data/local/tmp/benchmark/libMNN.so
[ 49%] /data/local/tmp/benchmark/libMNN.so
[ 49%] /data/local/tmp/benchmark/libMNN.so
[ 49%] /data/local/tmp/benchmark/libMNN.so
[ 49%] /data/local/tmp/benchmark/libMNN.so
[ 49%] /data/local/tmp/benchmark/libMNN.so
[ 49%] /data/local/tmp/benchmark/libMNN.so
[ 49%] /data/local/tmp/benchmark/libMNN.so
[ 49%] /data/local/tmp/benchmark/libMNN.so
[ 49%] /data/local/tmp/benchmark/libMNN.so
[ 50%] /data/local/tmp/benchmark/libMNN.so
[ 50%] /data/local/tmp/benchmark/libMNN.so
[ 50%] /data/local/tmp/benchmark/libMNN.so
[ 50%] /data/local/tmp/benchmark/libMNN.so
[ 50%] /data/local/tmp/benchmark/libMNN.so
[ 50%] /data/local/tmp/benchmark/libMNN.so
[ 50%] /data/local/tmp/benchmark/libMNN.so
[ 50%] /data/local/tmp/benchmark/libMNN.so
[ 50%] /data/local/tmp/benchmark/libMNN.so
[ 51%] /data/local/tmp/benchmark/libMNN.so
[ 51%] /data/local/tmp/benchmark/libMNN.so
[ 51%] /data/local/tmp/benchmark/libMNN.so
[ 51%] /data/local/tmp/benchmark/libMNN.so
[ 51%] /data/local/tmp/benchmark/libMNN.so
[ 51%] /data/local/tmp/benchmark/libMNN.so
[ 51%] /data/local/tmp/benchmark/libMNN.so
[ 51%] /data/local/tmp/benchmark/libMNN.so
[ 51%] /data/local/tmp/benchmark/libMNN.so
[ 51%] /data/local/tmp/benchmark/libMNN.so
[ 52%] /data/local/tmp/benchmark/libMNN.so
[ 52%] /data/local/tmp/benchmark/libMNN.so
[ 52%] /data/local/tmp/benchmark/libMNN.so
[ 52%] /data/local/tmp/benchmark/libMNN.so
[ 52%] /data/local/tmp/benchmark/libMNN.so
[ 52%] /data/local/tmp/benchmark/libMNN.so
[ 52%] /data/local/tmp/benchmark/libMNN.so
[ 52%] /data/local/tmp/benchmark/libMNN.so
[ 52%] /data/local/tmp/benchmark/libMNN.so
[ 53%] /data/local/tmp/benchmark/libMNN.so
[ 53%] /data/local/tmp/benchmark/libMNN.so
[ 53%] /data/local/tmp/benchmark/libMNN.so
[ 53%] /data/local/tmp/benchmark/libMNN.so
[ 53%] /data/local/tmp/benchmark/libMNN.so
[ 53%] /data/local/tmp/benchmark/libMNN.so
[ 53%] /data/local/tmp/benchmark/libMNN.so
[ 53%] /data/local/tmp/benchmark/libMNN.so
[ 53%] /data/local/tmp/benchmark/libMNN.so
[ 53%] /data/local/tmp/benchmark/libMNN.so
[ 54%] /data/local/tmp/benchmark/libMNN.so
[ 54%] /data/local/tmp/benchmark/libMNN.so
[ 54%] /data/local/tmp/benchmark/libMNN.so
[ 54%] /data/local/tmp/benchmark/libMNN.so
[ 54%] /data/local/tmp/benchmark/libMNN.so
[ 54%] /data/local/tmp/benchmark/libMNN.so
[ 54%] /data/local/tmp/benchmark/libMNN.so
[ 54%] /data/local/tmp/benchmark/libMNN.so
[ 54%] /data/local/tmp/benchmark/libMNN.so
[ 55%] /data/local/tmp/benchmark/libMNN.so
[ 55%] /data/local/tmp/benchmark/libMNN.so
[ 55%] /data/local/tmp/benchmark/libMNN.so
[ 55%] /data/local/tmp/benchmark/libMNN.so
[ 55%] /data/local/tmp/benchmark/libMNN.so
[ 55%] /data/local/tmp/benchmark/libMNN.so
[ 55%] /data/local/tmp/benchmark/libMNN.so
[ 55%] /data/local/tmp/benchmark/libMNN.so
[ 55%] /data/local/tmp/benchmark/libMNN.so
[ 55%] /data/local/tmp/benchmark/libMNN.so
[ 56%] /data/local/tmp/benchmark/libMNN.so
[ 56%] /data/local/tmp/benchmark/libMNN.so
[ 56%] /data/local/tmp/benchmark/libMNN.so
[ 56%] /data/local/tmp/benchmark/libMNN.so
[ 56%] /data/local/tmp/benchmark/libMNN.so
[ 56%] /data/local/tmp/benchmark/libMNN.so
[ 56%] /data/local/tmp/benchmark/libMNN.so
[ 56%] /data/local/tmp/benchmark/libMNN.so
[ 56%] /data/local/tmp/benchmark/libMNN.so
[ 57%] /data/local/tmp/benchmark/libMNN.so
[ 57%] /data/local/tmp/benchmark/libMNN.so
[ 57%] /data/local/tmp/benchmark/libMNN.so
[ 57%] /data/local/tmp/benchmark/libMNN.so
[ 57%] /data/local/tmp/benchmark/libMNN.so
[ 57%] /data/local/tmp/benchmark/libMNN.so
[ 57%] /data/local/tmp/benchmark/libMNN.so
[ 57%] /data/local/tmp/benchmark/libMNN.so
[ 57%] /data/local/tmp/benchmark/libMNN.so
[ 58%] /data/local/tmp/benchmark/libMNN.so
[ 58%] /data/local/tmp/benchmark/libMNN.so
[ 58%] /data/local/tmp/benchmark/libMNN.so
[ 58%] /data/local/tmp/benchmark/libMNN.so
[ 58%] /data/local/tmp/benchmark/libMNN.so
[ 58%] /data/local/tmp/benchmark/libMNN.so
[ 58%] /data/local/tmp/benchmark/libMNN.so
[ 58%] /data/local/tmp/benchmark/libMNN.so
[ 58%] /data/local/tmp/benchmark/libMNN.so
[ 58%] /data/local/tmp/benchmark/libMNN.so
[ 59%] /data/local/tmp/benchmark/libMNN.so
[ 59%] /data/local/tmp/benchmark/libMNN.so
[ 59%] /data/local/tmp/benchmark/libMNN.so
[ 59%] /data/local/tmp/benchmark/libMNN.so
[ 59%] /data/local/tmp/benchmark/libMNN.so
[ 59%] /data/local/tmp/benchmark/libMNN.so
[ 59%] /data/local/tmp/benchmark/libMNN.so
[ 59%] /data/local/tmp/benchmark/libMNN.so
[ 59%] /data/local/tmp/benchmark/libMNN.so
[ 60%] /data/local/tmp/benchmark/libMNN.so
[ 60%] /data/local/tmp/benchmark/libMNN.so
[ 60%] /data/local/tmp/benchmark/libMNN.so
[ 60%] /data/local/tmp/benchmark/libMNN.so
[ 60%] /data/local/tmp/benchmark/libMNN.so
[ 60%] /data/local/tmp/benchmark/libMNN.so
[ 60%] /data/local/tmp/benchmark/libMNN.so
[ 60%] /data/local/tmp/benchmark/libMNN.so
[ 60%] /data/local/tmp/benchmark/libMNN.so
[ 60%] /data/local/tmp/benchmark/libMNN.so
[ 61%] /data/local/tmp/benchmark/libMNN.so
[ 61%] /data/local/tmp/benchmark/libMNN.so
[ 61%] /data/local/tmp/benchmark/libMNN.so
[ 61%] /data/local/tmp/benchmark/libMNN.so
[ 61%] /data/local/tmp/benchmark/libMNN.so
[ 61%] /data/local/tmp/benchmark/libMNN.so
[ 61%] /data/local/tmp/benchmark/libMNN.so
[ 61%] /data/local/tmp/benchmark/libMNN.so
[ 61%] /data/local/tmp/benchmark/libMNN.so
[ 62%] /data/local/tmp/benchmark/libMNN.so
[ 62%] /data/local/tmp/benchmark/libMNN.so
[ 62%] /data/local/tmp/benchmark/libMNN.so
[ 62%] /data/local/tmp/benchmark/libMNN.so
[ 62%] /data/local/tmp/benchmark/libMNN.so
[ 62%] /data/local/tmp/benchmark/libMNN.so
[ 62%] /data/local/tmp/benchmark/libMNN.so
[ 62%] /data/local/tmp/benchmark/libMNN.so
[ 62%] /data/local/tmp/benchmark/libMNN.so
[ 62%] /data/local/tmp/benchmark/libMNN.so
[ 63%] /data/local/tmp/benchmark/libMNN.so
[ 63%] /data/local/tmp/benchmark/libMNN.so
[ 63%] /data/local/tmp/benchmark/libMNN.so
[ 63%] /data/local/tmp/benchmark/libMNN.so
[ 63%] /data/local/tmp/benchmark/libMNN.so
[ 63%] /data/local/tmp/benchmark/libMNN.so
[ 63%] /data/local/tmp/benchmark/libMNN.so
[ 63%] /data/local/tmp/benchmark/libMNN.so
[ 63%] /data/local/tmp/benchmark/libMNN.so
[ 64%] /data/local/tmp/benchmark/libMNN.so
[ 64%] /data/local/tmp/benchmark/libMNN.so
[ 64%] /data/local/tmp/benchmark/libMNN.so
[ 64%] /data/local/tmp/benchmark/libMNN.so
[ 64%] /data/local/tmp/benchmark/libMNN.so
[ 64%] /data/local/tmp/benchmark/libMNN.so
[ 64%] /data/local/tmp/benchmark/libMNN.so
[ 64%] /data/local/tmp/benchmark/libMNN.so
[ 64%] /data/local/tmp/benchmark/libMNN.so
[ 64%] /data/local/tmp/benchmark/libMNN.so
[ 65%] /data/local/tmp/benchmark/libMNN.so
[ 65%] /data/local/tmp/benchmark/libMNN.so
[ 65%] /data/local/tmp/benchmark/libMNN.so
[ 65%] /data/local/tmp/benchmark/libMNN.so
[ 65%] /data/local/tmp/benchmark/libMNN.so
[ 65%] /data/local/tmp/benchmark/libMNN.so
[ 65%] /data/local/tmp/benchmark/libMNN.so
[ 65%] /data/local/tmp/benchmark/libMNN.so
[ 65%] /data/local/tmp/benchmark/libMNN.so
[ 66%] /data/local/tmp/benchmark/libMNN.so
[ 66%] /data/local/tmp/benchmark/libMNN.so
[ 66%] /data/local/tmp/benchmark/libMNN.so
[ 66%] /data/local/tmp/benchmark/libMNN.so
[ 66%] /data/local/tmp/benchmark/libMNN.so
[ 66%] /data/local/tmp/benchmark/libMNN.so
[ 66%] /data/local/tmp/benchmark/libMNN.so
[ 66%] /data/local/tmp/benchmark/libMNN.so
[ 66%] /data/local/tmp/benchmark/libMNN.so
[ 67%] /data/local/tmp/benchmark/libMNN.so
[ 67%] /data/local/tmp/benchmark/libMNN.so
[ 67%] /data/local/tmp/benchmark/libMNN.so
[ 67%] /data/local/tmp/benchmark/libMNN.so
[ 67%] /data/local/tmp/benchmark/libMNN.so
[ 67%] /data/local/tmp/benchmark/libMNN.so
[ 67%] /data/local/tmp/benchmark/libMNN.so
[ 67%] /data/local/tmp/benchmark/libMNN.so
[ 67%] /data/local/tmp/benchmark/libMNN.so
[ 67%] /data/local/tmp/benchmark/libMNN.so
[ 68%] /data/local/tmp/benchmark/libMNN.so
[ 68%] /data/local/tmp/benchmark/libMNN.so
[ 68%] /data/local/tmp/benchmark/libMNN.so
[ 68%] /data/local/tmp/benchmark/libMNN.so
[ 68%] /data/local/tmp/benchmark/libMNN.so
[ 68%] /data/local/tmp/benchmark/libMNN.so
[ 68%] /data/local/tmp/benchmark/libMNN.so
[ 68%] /data/local/tmp/benchmark/libMNN.so
[ 68%] /data/local/tmp/benchmark/libMNN.so
[ 69%] /data/local/tmp/benchmark/libMNN.so
[ 69%] /data/local/tmp/benchmark/libMNN.so
[ 69%] /data/local/tmp/benchmark/libMNN.so
[ 69%] /data/local/tmp/benchmark/libMNN.so
[ 69%] /data/local/tmp/benchmark/libMNN.so
[ 69%] /data/local/tmp/benchmark/libMNN.so
[ 69%] /data/local/tmp/benchmark/libMNN.so
[ 69%] /data/local/tmp/benchmark/libMNN.so
[ 69%] /data/local/tmp/benchmark/libMNN.so
[ 69%] /data/local/tmp/benchmark/libMNN.so
[ 70%] /data/local/tmp/benchmark/libMNN.so
[ 70%] /data/local/tmp/benchmark/libMNN.so
[ 70%] /data/local/tmp/benchmark/libMNN.so
[ 70%] /data/local/tmp/benchmark/libMNN.so
[ 70%] /data/local/tmp/benchmark/libMNN.so
[ 70%] /data/local/tmp/benchmark/libMNN.so
[ 70%] /data/local/tmp/benchmark/libMNN.so
[ 70%] /data/local/tmp/benchmark/libMNN.so
[ 70%] /data/local/tmp/benchmark/libMNN.so
[ 71%] /data/local/tmp/benchmark/libMNN.so
[ 71%] /data/local/tmp/benchmark/libMNN.so
[ 71%] /data/local/tmp/benchmark/libMNN.so
[ 71%] /data/local/tmp/benchmark/libMNN.so
[ 71%] /data/local/tmp/benchmark/libMNN.so
[ 71%] /data/local/tmp/benchmark/libMNN.so
[ 71%] /data/local/tmp/benchmark/libMNN.so
[ 71%] /data/local/tmp/benchmark/libMNN.so
[ 71%] /data/local/tmp/benchmark/libMNN.so
[ 71%] /data/local/tmp/benchmark/libMNN.so
[ 72%] /data/local/tmp/benchmark/libMNN.so
[ 72%] /data/local/tmp/benchmark/libMNN.so
[ 72%] /data/local/tmp/benchmark/libMNN.so
[ 72%] /data/local/tmp/benchmark/libMNN.so
[ 72%] /data/local/tmp/benchmark/libMNN.so
[ 72%] /data/local/tmp/benchmark/libMNN.so
[ 72%] /data/local/tmp/benchmark/libMNN.so
[ 72%] /data/local/tmp/benchmark/libMNN.so
[ 72%] /data/local/tmp/benchmark/libMNN.so
[ 73%] /data/local/tmp/benchmark/libMNN.so
[ 73%] /data/local/tmp/benchmark/libMNN.so
[ 73%] /data/local/tmp/benchmark/libMNN.so
[ 73%] /data/local/tmp/benchmark/libMNN.so
[ 73%] /data/local/tmp/benchmark/libMNN.so
[ 73%] /data/local/tmp/benchmark/libMNN.so
[ 73%] /data/local/tmp/benchmark/libMNN.so
[ 73%] /data/local/tmp/benchmark/libMNN.so
[ 73%] /data/local/tmp/benchmark/libMNN.so
[ 73%] /data/local/tmp/benchmark/libMNN.so
[ 74%] /data/local/tmp/benchmark/libMNN.so
[ 74%] /data/local/tmp/benchmark/libMNN.so
[ 74%] /data/local/tmp/benchmark/libMNN.so
[ 74%] /data/local/tmp/benchmark/libMNN.so
[ 74%] /data/local/tmp/benchmark/libMNN.so
[ 74%] /data/local/tmp/benchmark/libMNN.so
[ 74%] /data/local/tmp/benchmark/libMNN.so
[ 74%] /data/local/tmp/benchmark/libMNN.so
[ 74%] /data/local/tmp/benchmark/libMNN.so
[ 75%] /data/local/tmp/benchmark/libMNN.so
[ 75%] /data/local/tmp/benchmark/libMNN.so
[ 75%] /data/local/tmp/benchmark/libMNN.so
[ 75%] /data/local/tmp/benchmark/libMNN.so
[ 75%] /data/local/tmp/benchmark/libMNN.so
[ 75%] /data/local/tmp/benchmark/libMNN.so
[ 75%] /data/local/tmp/benchmark/libMNN.so
[ 75%] /data/local/tmp/benchmark/libMNN.so
[ 75%] /data/local/tmp/benchmark/libMNN.so
[ 76%] /data/local/tmp/benchmark/libMNN.so
[ 76%] /data/local/tmp/benchmark/libMNN.so
[ 76%] /data/local/tmp/benchmark/libMNN.so
[ 76%] /data/local/tmp/benchmark/libMNN.so
[ 76%] /data/local/tmp/benchmark/libMNN.so
[ 76%] /data/local/tmp/benchmark/libMNN.so
[ 76%] /data/local/tmp/benchmark/libMNN.so
[ 76%] /data/local/tmp/benchmark/libMNN.so
[ 76%] /data/local/tmp/benchmark/libMNN.so
[ 76%] /data/local/tmp/benchmark/libMNN.so
[ 77%] /data/local/tmp/benchmark/libMNN.so
[ 77%] /data/local/tmp/benchmark/libMNN.so
[ 77%] /data/local/tmp/benchmark/libMNN.so
[ 77%] /data/local/tmp/benchmark/libMNN.so
[ 77%] /data/local/tmp/benchmark/libMNN.so
[ 77%] /data/local/tmp/benchmark/libMNN.so
[ 77%] /data/local/tmp/benchmark/libMNN.so
[ 77%] /data/local/tmp/benchmark/libMNN.so
[ 77%] /data/local/tmp/benchmark/libMNN.so
[ 78%] /data/local/tmp/benchmark/libMNN.so
[ 78%] /data/local/tmp/benchmark/libMNN.so
[ 78%] /data/local/tmp/benchmark/libMNN.so
[ 78%] /data/local/tmp/benchmark/libMNN.so
[ 78%] /data/local/tmp/benchmark/libMNN.so
[ 78%] /data/local/tmp/benchmark/libMNN.so
[ 78%] /data/local/tmp/benchmark/libMNN.so
[ 78%] /data/local/tmp/benchmark/libMNN.so
[ 78%] /data/local/tmp/benchmark/libMNN.so
[ 78%] /data/local/tmp/benchmark/libMNN.so
[ 79%] /data/local/tmp/benchmark/libMNN.so
[ 79%] /data/local/tmp/benchmark/libMNN.so
[ 79%] /data/local/tmp/benchmark/libMNN.so
[ 79%] /data/local/tmp/benchmark/libMNN.so
[ 79%] /data/local/tmp/benchmark/libMNN.so
[ 79%] /data/local/tmp/benchmark/libMNN.so
[ 79%] /data/local/tmp/benchmark/libMNN.so
[ 79%] /data/local/tmp/benchmark/libMNN.so
[ 79%] /data/local/tmp/benchmark/libMNN.so
[ 80%] /data/local/tmp/benchmark/libMNN.so
[ 80%] /data/local/tmp/benchmark/libMNN.so
[ 80%] /data/local/tmp/benchmark/libMNN.so
[ 80%] /data/local/tmp/benchmark/libMNN.so
[ 80%] /data/local/tmp/benchmark/libMNN.so
[ 80%] /data/local/tmp/benchmark/libMNN.so
[ 80%] /data/local/tmp/benchmark/libMNN.so
[ 80%] /data/local/tmp/benchmark/libMNN.so
[ 80%] /data/local/tmp/benchmark/libMNN.so
[ 80%] /data/local/tmp/benchmark/libMNN.so
[ 81%] /data/local/tmp/benchmark/libMNN.so
[ 81%] /data/local/tmp/benchmark/libMNN.so
[ 81%] /data/local/tmp/benchmark/libMNN.so
[ 81%] /data/local/tmp/benchmark/libMNN.so
[ 81%] /data/local/tmp/benchmark/libMNN.so
[ 81%] /data/local/tmp/benchmark/libMNN.so
[ 81%] /data/local/tmp/benchmark/libMNN.so
[ 81%] /data/local/tmp/benchmark/libMNN.so
[ 81%] /data/local/tmp/benchmark/libMNN.so
[ 82%] /data/local/tmp/benchmark/libMNN.so
[ 82%] /data/local/tmp/benchmark/libMNN.so
[ 82%] /data/local/tmp/benchmark/libMNN.so
[ 82%] /data/local/tmp/benchmark/libMNN.so
[ 82%] /data/local/tmp/benchmark/libMNN.so
[ 82%] /data/local/tmp/benchmark/libMNN.so
[ 82%] /data/local/tmp/benchmark/libMNN.so
[ 82%] /data/local/tmp/benchmark/libMNN.so
[ 82%] /data/local/tmp/benchmark/libMNN.so
[ 82%] /data/local/tmp/benchmark/libMNN.so
[ 83%] /data/local/tmp/benchmark/libMNN.so
[ 83%] /data/local/tmp/benchmark/libMNN.so
[ 83%] /data/local/tmp/benchmark/libMNN.so
[ 83%] /data/local/tmp/benchmark/libMNN.so
[ 83%] /data/local/tmp/benchmark/libMNN.so
[ 83%] /data/local/tmp/benchmark/libMNN.so
[ 83%] /data/local/tmp/benchmark/libMNN.so
[ 83%] /data/local/tmp/benchmark/libMNN.so
[ 83%] /data/local/tmp/benchmark/libMNN.so
[ 84%] /data/local/tmp/benchmark/libMNN.so
[ 84%] /data/local/tmp/benchmark/libMNN.so
[ 84%] /data/local/tmp/benchmark/libMNN.so
[ 84%] /data/local/tmp/benchmark/libMNN.so
[ 84%] /data/local/tmp/benchmark/libMNN.so
[ 84%] /data/local/tmp/benchmark/libMNN.so
[ 84%] /data/local/tmp/benchmark/libMNN.so
[ 84%] /data/local/tmp/benchmark/libMNN.so
[ 84%] /data/local/tmp/benchmark/libMNN.so
[ 85%] /data/local/tmp/benchmark/libMNN.so
[ 85%] /data/local/tmp/benchmark/libMNN.so
[ 85%] /data/local/tmp/benchmark/libMNN.so
[ 85%] /data/local/tmp/benchmark/libMNN.so
[ 85%] /data/local/tmp/benchmark/libMNN.so
[ 85%] /data/local/tmp/benchmark/libMNN.so
[ 85%] /data/local/tmp/benchmark/libMNN.so
[ 85%] /data/local/tmp/benchmark/libMNN.so
[ 85%] /data/local/tmp/benchmark/libMNN.so
[ 85%] /data/local/tmp/benchmark/libMNN.so
[ 86%] /data/local/tmp/benchmark/libMNN.so
[ 86%] /data/local/tmp/benchmark/libMNN.so
[ 86%] /data/local/tmp/benchmark/libMNN.so
[ 86%] /data/local/tmp/benchmark/libMNN.so
[ 86%] /data/local/tmp/benchmark/libMNN.so
[ 86%] /data/local/tmp/benchmark/libMNN.so
[ 86%] /data/local/tmp/benchmark/libMNN.so
[ 86%] /data/local/tmp/benchmark/libMNN.so
[ 86%] /data/local/tmp/benchmark/libMNN.so
[ 87%] /data/local/tmp/benchmark/libMNN.so
[ 87%] /data/local/tmp/benchmark/libMNN.so
[ 87%] /data/local/tmp/benchmark/libMNN.so
[ 87%] /data/local/tmp/benchmark/libMNN.so
[ 87%] /data/local/tmp/benchmark/libMNN.so
[ 87%] /data/local/tmp/benchmark/libMNN.so
[ 87%] /data/local/tmp/benchmark/libMNN.so
[ 87%] /data/local/tmp/benchmark/libMNN.so
[ 87%] /data/local/tmp/benchmark/libMNN.so
[ 87%] /data/local/tmp/benchmark/libMNN.so
[ 88%] /data/local/tmp/benchmark/libMNN.so
[ 88%] /data/local/tmp/benchmark/libMNN.so
[ 88%] /data/local/tmp/benchmark/libMNN.so
[ 88%] /data/local/tmp/benchmark/libMNN.so
[ 88%] /data/local/tmp/benchmark/libMNN.so
[ 88%] /data/local/tmp/benchmark/libMNN.so
[ 88%] /data/local/tmp/benchmark/libMNN.so
[ 88%] /data/local/tmp/benchmark/libMNN.so
[ 88%] /data/local/tmp/benchmark/libMNN.so
[ 89%] /data/local/tmp/benchmark/libMNN.so
[ 89%] /data/local/tmp/benchmark/libMNN.so
[ 89%] /data/local/tmp/benchmark/libMNN.so
[ 89%] /data/local/tmp/benchmark/libMNN.so
[ 89%] /data/local/tmp/benchmark/libMNN.so
[ 89%] /data/local/tmp/benchmark/libMNN.so
[ 89%] /data/local/tmp/benchmark/libMNN.so
[ 89%] /data/local/tmp/benchmark/libMNN.so
[ 89%] /data/local/tmp/benchmark/libMNN.so
[ 89%] /data/local/tmp/benchmark/libMNN.so
[ 90%] /data/local/tmp/benchmark/libMNN.so
[ 90%] /data/local/tmp/benchmark/libMNN.so
[ 90%] /data/local/tmp/benchmark/libMNN.so
[ 90%] /data/local/tmp/benchmark/libMNN.so
[ 90%] /data/local/tmp/benchmark/libMNN.so
[ 90%] /data/local/tmp/benchmark/libMNN.so
[ 90%] /data/local/tmp/benchmark/libMNN.so
[ 90%] /data/local/tmp/benchmark/libMNN.so
[ 90%] /data/local/tmp/benchmark/libMNN.so
[ 91%] /data/local/tmp/benchmark/libMNN.so
[ 91%] /data/local/tmp/benchmark/libMNN.so
[ 91%] /data/local/tmp/benchmark/libMNN.so
[ 91%] /data/local/tmp/benchmark/libMNN.so
[ 91%] /data/local/tmp/benchmark/libMNN.so
[ 91%] /data/local/tmp/benchmark/libMNN.so
[ 91%] /data/local/tmp/benchmark/libMNN.so
[ 91%] /data/local/tmp/benchmark/libMNN.so
[ 91%] /data/local/tmp/benchmark/libMNN.so
[ 91%] /data/local/tmp/benchmark/libMNN.so
[ 92%] /data/local/tmp/benchmark/libMNN.so
[ 92%] /data/local/tmp/benchmark/libMNN.so
[ 92%] /data/local/tmp/benchmark/libMNN.so
[ 92%] /data/local/tmp/benchmark/libMNN.so
[ 92%] /data/local/tmp/benchmark/libMNN.so
[ 92%] /data/local/tmp/benchmark/libMNN.so
[ 92%] /data/local/tmp/benchmark/libMNN.so
[ 92%] /data/local/tmp/benchmark/libMNN.so
[ 92%] /data/local/tmp/benchmark/libMNN.so
[ 93%] /data/local/tmp/benchmark/libMNN.so
[ 93%] /data/local/tmp/benchmark/libMNN.so
[ 93%] /data/local/tmp/benchmark/libMNN.so
[ 93%] /data/local/tmp/benchmark/libMNN.so
[ 93%] /data/local/tmp/benchmark/libMNN.so
[ 93%] /data/local/tmp/benchmark/libMNN.so
[ 93%] /data/local/tmp/benchmark/libMNN.so
[ 93%] /data/local/tmp/benchmark/libMNN.so
[ 93%] /data/local/tmp/benchmark/libMNN.so
[ 94%] /data/local/tmp/benchmark/libMNN.so
[ 94%] /data/local/tmp/benchmark/libMNN.so
[ 94%] /data/local/tmp/benchmark/libMNN.so
[ 94%] /data/local/tmp/benchmark/libMNN.so
[ 94%] /data/local/tmp/benchmark/libMNN.so
[ 94%] /data/local/tmp/benchmark/libMNN.so
[ 94%] /data/local/tmp/benchmark/libMNN.so
[ 94%] /data/local/tmp/benchmark/libMNN.so
[ 94%] /data/local/tmp/benchmark/libMNN.so
[ 94%] /data/local/tmp/benchmark/libMNN.so
[ 95%] /data/local/tmp/benchmark/libMNN.so
[ 95%] /data/local/tmp/benchmark/libMNN.so
[ 95%] /data/local/tmp/benchmark/libMNN.so
[ 95%] /data/local/tmp/benchmark/libMNN.so
[ 95%] /data/local/tmp/benchmark/libMNN.so
[ 95%] /data/local/tmp/benchmark/libMNN.so
[ 95%] /data/local/tmp/benchmark/libMNN.so
[ 95%] /data/local/tmp/benchmark/libMNN.so
[ 95%] /data/local/tmp/benchmark/libMNN.so
[ 96%] /data/local/tmp/benchmark/libMNN.so
[ 96%] /data/local/tmp/benchmark/libMNN.so
[ 96%] /data/local/tmp/benchmark/libMNN.so
[ 96%] /data/local/tmp/benchmark/libMNN.so
[ 96%] /data/local/tmp/benchmark/libMNN.so
[ 96%] /data/local/tmp/benchmark/libMNN.so
[ 96%] /data/local/tmp/benchmark/libMNN.so
[ 96%] /data/local/tmp/benchmark/libMNN.so
[ 96%] /data/local/tmp/benchmark/libMNN.so
[ 96%] /data/local/tmp/benchmark/libMNN.so
[ 97%] /data/local/tmp/benchmark/libMNN.so
[ 97%] /data/local/tmp/benchmark/libMNN.so
[ 97%] /data/local/tmp/benchmark/libMNN.so
[ 97%] /data/local/tmp/benchmark/libMNN.so
[ 97%] /data/local/tmp/benchmark/libMNN.so
[ 97%] /data/local/tmp/benchmark/libMNN.so
[ 97%] /data/local/tmp/benchmark/libMNN.so
[ 97%] /data/local/tmp/benchmark/libMNN.so
[ 97%] /data/local/tmp/benchmark/libMNN.so
[ 98%] /data/local/tmp/benchmark/libMNN.so
[ 98%] /data/local/tmp/benchmark/libMNN.so
[ 98%] /data/local/tmp/benchmark/libMNN.so
[ 98%] /data/local/tmp/benchmark/libMNN.so
[ 98%] /data/local/tmp/benchmark/libMNN.so
[ 98%] /data/local/tmp/benchmark/libMNN.so
[ 98%] /data/local/tmp/benchmark/libMNN.so
[ 98%] /data/local/tmp/benchmark/libMNN.so
[ 98%] /data/local/tmp/benchmark/libMNN.so
[ 98%] /data/local/tmp/benchmark/libMNN.so
[ 99%] /data/local/tmp/benchmark/libMNN.so
[ 99%] /data/local/tmp/benchmark/libMNN.so
[ 99%] /data/local/tmp/benchmark/libMNN.so
[ 99%] /data/local/tmp/benchmark/libMNN.so
[ 99%] /data/local/tmp/benchmark/libMNN.so
[ 99%] /data/local/tmp/benchmark/libMNN.so
[ 99%] /data/local/tmp/benchmark/libMNN.so
[ 99%] /data/local/tmp/benchmark/libMNN.so
[ 99%] /data/local/tmp/benchmark/libMNN.so
[100%] /data/local/tmp/benchmark/libMNN.so
/home/liu/project/newwork/benchmark/build_android/third_party/MNN/OFF/arm64-v8a/libMNN.so: 1 file pushed. 21.1 MB/s (61910224 bytes in 2.796s)
adb: error: cannot stat '/home/liu/project/newwork/benchmark/third_party/mindspore_lite/lib/libmindspore-lite.so': No such file or directory
=== Starting benchmark ===
Running: ./benchmark_inference --model yolov8n --backend ort --warmup 50 --runs 100
==================================================
=== ARM Inference Benchmark ===
Backend:  ort
Model:    yolov8n
Precision:fp32
Threads:  1
Warmup:   50
Test runs:100
Use GPU:  no


========================================================
Model: yolov8n
Input shape: 1 3 640 640 
========================================================

--- [Step 1] Getting reference output from ONNX Runtime ---
ONNXRT: loading model: models/detection/yolov8n/yolov8n.onnx
ONNXRT: input 0 = images (type 1)
ONNXRT: output 0 = output0
  ✅ Reference output obtained (705600 elements)
      Reference stats - Min: -0.0000, Max: 638.0135, Mean: 9.8371

--- [Step 2] Running benchmarks ---

>> Testing ort on yolov8n...
ONNXRT: loading model: models/detection/yolov8n/yolov8n.onnx
ONNXRT: input 0 = images (type 1)
ONNXRT: output 0 = output0

--- Accuracy Comparison ---
  ✅ [Accuracy] ONNXRT: PASSED
      Cosine Similarity:  1.000000 (Excellent)
      Mean Absolute Error: 0.000000
      Max Absolute Error:  0.000000
      Mean Relative Error: 0.0000%
      Output range: [-0.0000, 638.0135], Mean: 9.8371

--- Performance Results ---
  Init time:  27.07 ms
  Min:    302.71 ms
  P50:    304.09 ms
  P90:    305.38 ms
  P99:    306.34 ms
  Max:    306.34 ms
  Mean:   304.19 ms
  Std:    0.72 ms
  Throughput: 3.29 FPS
  Peak mem:   0 KB

=== Done ===
==================================================
Done!
